#{"t_start": 1783496429.0128036, "env_id": "LunarLander-v3"}
r,l,t,original_env_reward,generated_reward,reward_error_count
11.435747,112,2.610378,-100.0,3.775714159011841,0
13.828468,115,2.892783,-100.0,-0.14141523838043213,0
0.577261,114,3.203235,-100.0,-0.023441754281520844,0
14.466398,109,3.507802,-100.0,1.955075740814209,0
-2.013492,115,3.775459,-100.0,-0.25958454608917236,0
3.806993,86,3.971255,-100.0,-0.12589125335216522,0
21.963055,128,4.268243,-100.0,6.342484951019287,0
31.902668,92,4.506756,-100.0,10.919010162353516,0
4.22696,69,4.757306,-100.0,-0.24118492007255554,0
16.56649,58,4.898531,-100.0,1.958146095275879,0
4.877049,84,7.056763,-100.0,-0.017536841332912445,0
14.50512,77,7.249797,-100.0,2.49306058883667,0
7.280106,108,7.531063,-100.0,0.7479332089424133,0
-3.885067,102,7.770594,-100.0,-0.4132026135921478,0
2.637558,77,7.974729,-100.0,-0.08631481230258942,0
3.131853,108,8.24035,-100.0,-0.12853683531284332,0
1.992703,100,8.470872,-100.0,-0.10220596194267273,0
-0.876711,101,8.719462,-100.0,-0.0922749936580658,0
20.014564,116,9.052556,-100.0,3.6652302742004395,0
14.545069,81,9.276402,-100.0,1.423534870147705,0
-7.207043,105,11.32011,-100.0,-0.24849186837673187,0
-6.739537,94,11.556898,-100.0,-0.336637943983078,0
9.568512,74,11.735538,-100.0,-0.18680112063884735,0
26.902319,88,11.933995,-100.0,11.332764625549316,0
1.464015,66,12.101661,-100.0,-0.22377632558345795,0
15.323465,62,12.249031,-100.0,2.078779697418213,0
21.457517,101,12.472045,-100.0,5.868943214416504,0
6.018933,58,12.613581,-100.0,-0.15277022123336792,0
27.234404,57,12.755599,-100.0,7.102888584136963,0
3.608778,119,13.038784,-100.0,-0.11186081916093826,0
2.326785,91,13.251787,-100.0,-0.21155351400375366,0
-6.297386,86,13.460409,-100.0,-0.34854793548583984,0
-4.631583,96,13.697286,-100.0,-0.1774754822254181,0
5.759045,101,15.6468,-100.0,-0.05453958362340927,0
21.477506,66,15.803225,-100.0,7.185755729675293,0
9.786819,63,15.954722,-100.0,-0.04960426688194275,0
7.095854,75,16.140253,-100.0,-0.061026789247989655,0
6.603252,67,16.310789,-100.0,-0.11731252074241638,0
17.69186,58,16.448491,-100.0,5.1416730880737305,0
15.674987,72,16.613464,-100.0,0.5401486158370972,0
7.477083,64,16.762625,-100.0,-0.19204449653625488,0
15.407529,70,16.93118,-100.0,-0.1891147643327713,0
2.343997,88,17.14624,-100.0,-0.059819892048835754,0
43.763223,92,17.365575,-100.0,12.303778648376465,0
7.152559,79,17.557483,-100.0,-0.10845737159252167,0
-3.118646,88,17.776538,-100.0,-0.4028497636318207,0
34.878972,63,17.936667,-100.0,11.581023216247559,0
6.08057,96,19.831427,-100.0,-0.07956790924072266,0
1.856641,79,20.037532,-100.0,-0.2607195973396301,0
-1.343443,96,20.260416,-100.0,-0.22387652099132538,0
20.079712,70,20.442366,-100.0,3.483581066131592,0
25.724616,59,20.60387,-100.0,5.620182991027832,0
0.847498,66,20.769056,-100.0,-0.39715272188186646,0
10.86229,89,20.991977,-100.0,-0.1158473789691925,0
-1.241147,101,21.222736,-100.0,-0.08098554611206055,0
6.418186,96,21.454868,-100.0,-0.19787999987602234,0
6.223109,61,21.607759,-100.0,-0.051509059965610504,0
5.928319,63,21.751023,-100.0,-0.10262422263622284,0
17.69914,122,22.021326,-100.0,2.8432910442352295,0
5.787182,102,24.162863,-100.0,-0.26695507764816284,0
5.960295,95,24.420602,-100.0,-0.014779867604374886,0
27.862265,85,24.681039,-100.0,6.85889196395874,0
4.741195,62,24.829476,-100.0,-0.12551914155483246,0
15.151704,90,25.056854,-100.0,-0.13367998600006104,0
4.250583,64,25.196378,-100.0,-0.24821138381958008,0
6.459168,61,25.335034,-100.0,-0.09509626775979996,0
18.679763,64,25.465013,-100.0,6.430336952209473,0
23.918391,94,25.692867,-100.0,6.235354423522949,0
3.138511,110,25.982547,-100.0,-0.15797477960586548,0
8.360001,109,26.271302,-100.0,1.1502336263656616,0
4.179813,75,26.447307,-100.0,-0.15488632023334503,0
7.281783,57,28.246434,-100.0,-0.0795474722981453,0
24.094392,96,28.452871,-100.0,10.235095977783203,0
5.591069,66,28.601079,-100.0,-0.14682433009147644,0
7.049,84,28.820818,-100.0,-0.16435971856117249,0
17.491458,67,28.993165,-100.0,4.997848987579346,0
7.529966,52,29.112715,-100.0,-0.050767794251441956,0
15.678415,90,29.315024,-100.0,1.5483510494232178,0
25.635586,87,29.516486,-100.0,5.010053634643555,0
6.918706,59,29.641984,-100.0,-0.14285336434841156,0
7.620161,97,29.919227,-100.0,-0.10528656840324402,0
30.753985,70,30.103104,-100.0,6.123749732971191,0
6.845934,70,30.27412,-100.0,-0.02476739138364792,0
4.332029,88,30.511121,-100.0,-0.25356224179267883,0
5.147686,76,30.680439,-100.0,-0.08832291513681412,0
13.629769,92,32.674932,-100.0,1.5248939990997314,0
12.626016,67,32.830941,-100.0,0.17741797864437103,0
28.473832,80,33.014982,-100.0,13.235389709472656,0
5.573842,70,33.172898,-100.0,-0.04273250699043274,0
11.388126,71,33.34376,-100.0,0.9954174160957336,0
14.223772,96,33.595179,-100.0,2.8479273319244385,0
6.263707,79,33.802865,-100.0,-0.20456455647945404,0
6.301437,75,34.010005,-100.0,-0.05535399168729782,0
22.370338,92,34.210605,-100.0,5.9089837074279785,0
13.412147,70,34.363967,-100.0,-0.09603913128376007,0
16.455364,55,34.480703,-100.0,2.1875479221343994,0
7.639498,63,34.616276,-100.0,-0.13047431409358978,0
2.409521,97,34.827822,-100.0,-0.06394833326339722,0
7.088468,54,36.644044,-100.0,-0.10012225806713104,0
1.920273,77,36.831958,-100.0,-0.14947807788848877,0
31.612367,59,36.978375,-100.0,10.47581958770752,0
1.360295,89,37.220404,-100.0,-0.22606191039085388,0
10.002088,94,37.423473,-100.0,-0.1252860128879547,0
11.055096,97,37.638157,-100.0,0.9620029330253601,0
14.343023,93,37.87064,-100.0,1.6495251655578613,0
19.257728,97,38.10321,-100.0,3.923095464706421,0
11.845118,82,38.290145,-100.0,1.2318092584609985,0
9.541201,81,38.469168,-100.0,0.1355777382850647,0
7.522854,87,38.658641,-100.0,0.04451820254325867,0
13.07616,58,38.803178,-100.0,-0.1194332093000412,0
5.535774,78,38.977893,-100.0,0.011011391878128052,0
39.021097,91,40.899028,-100.0,14.121005058288574,0
7.681875,73,41.076581,-100.0,-0.03586823120713234,0
9.3476,65,41.229143,-100.0,-0.08793316036462784,0
8.556387,59,41.362802,-100.0,-0.11598901450634003,0
1.332978,84,41.561554,-100.0,-0.10031057894229889,0
8.22341,98,41.823573,-100.0,1.9613412618637085,0
4.83381,67,41.992448,-100.0,-0.2686028778553009,0
6.644923,75,42.171294,-100.0,0.184332475066185,0
9.313177,97,42.393283,-100.0,1.1128274202346802,0
1.66591,90,42.614353,-100.0,-0.15816228091716766,0
15.202208,58,42.776419,-100.0,3.4460127353668213,0
28.604133,56,42.908047,-100.0,4.84449577331543,0
29.651926,62,43.090339,-100.0,9.579889297485352,0
15.794721,64,45.32677,-100.0,3.344869375228882,0
16.028977,60,45.501459,-100.0,4.1329145431518555,0
7.17458,105,45.773489,-100.0,-0.0679657906293869,0
5.481533,70,45.937516,-100.0,-0.06726455688476562,0
12.365878,59,46.066337,-100.0,0.4702799916267395,0
17.403727,63,46.228646,-100.0,5.2704572677612305,0
12.671482,66,46.39222,-100.0,1.351653814315796,0
6.132826,67,46.553459,-100.0,-0.08375437557697296,0
24.627995,98,46.813316,-100.0,1.6657814979553223,0
7.459796,64,46.974646,-100.0,-0.05276445299386978,0
6.282455,78,47.174504,-100.0,-0.07974004745483398,0
11.046789,56,47.302001,-100.0,0.874358057975769,0
33.718315,58,47.444153,-100.0,8.405773162841797,0
8.495308,90,47.727318,-100.0,0.17564910650253296,0
7.127026,58,47.875735,-100.0,-0.18859556317329407,0
13.78389,53,49.953494,-100.0,-0.10075600445270538,0
11.587679,56,50.104038,-100.0,-0.1129005178809166,0
5.260845,72,50.336181,-100.0,-0.11823832988739014,0
16.633232,91,50.541631,-100.0,1.9746278524398804,0
6.222709,72,50.71722,-100.0,-0.1845879852771759,0
15.524753,58,50.859324,-100.0,2.893768310546875,0
5.938042,59,50.993076,-100.0,-0.27040398120880127,0
4.712922,93,51.226787,-100.0,-0.018243640661239624,0
3.494598,80,51.434511,-100.0,-0.23582077026367188,0
4.404343,73,51.620305,-100.0,-0.06589217483997345,0
20.002589,60,51.766329,-100.0,5.454629898071289,0
2.466749,90,51.968643,-100.0,-0.05844829976558685,0
3.618846,96,52.182063,-100.0,-0.017536625266075134,0
9.056337,80,52.37983,-100.0,2.278165578842163,0
30.10969,99,54.338265,-100.0,7.155872344970703,0
2.988409,74,54.52555,-100.0,-0.28631359338760376,0
7.699755,89,54.722455,-100.0,0.05159316956996918,0
12.144779,86,54.940452,-100.0,1.5195679664611816,0
15.060017,63,55.092327,-100.0,2.1350409984588623,0
7.297711,56,55.216175,-100.0,0.042447760701179504,0
6.322312,64,55.366815,-100.0,-0.23837997019290924,0
26.968703,59,55.518547,-100.0,7.223698139190674,0
11.226695,66,55.666505,-100.0,0.9773555994033813,0
9.92784,79,55.855279,-100.0,2.14411997795105,0
7.10446,78,56.07441,-100.0,-0.20221172273159027,0
25.345577,77,56.26734,-100.0,2.5083959102630615,0
8.172143,66,56.42937,-100.0,-0.14566972851753235,0
11.927827,88,58.525714,-100.0,0.254957914352417,0
13.655686,58,58.683241,-100.0,-0.13304901123046875,0
4.335079,77,58.864083,-100.0,-0.13010866940021515,0
13.184226,95,59.085891,-100.0,1.1456117630004883,0
18.251063,81,59.302972,-100.0,2.632097005844116,0
6.678741,64,59.464802,-100.0,-0.02708575874567032,0
4.461336,99,59.714824,-100.0,-0.08470143377780914,0
13.361393,92,59.927474,-100.0,3.500539541244507,0
13.968116,105,60.169531,-100.0,1.164659023284912,0
3.890227,79,60.404228,-100.0,-0.1500609666109085,0
29.117751,78,60.607587,-100.0,8.167852401733398,0
0.847604,90,60.836931,-100.0,-0.3467293977737427,0
4.91138,88,61.058779,-100.0,-0.22691302001476288,0
18.136557,82,62.988755,-100.0,5.244943141937256,0
4.358101,121,63.259278,-100.0,-0.11627280712127686,0
7.057583,69,63.412879,-100.0,-0.08776357024908066,0
8.990725,54,63.542724,-100.0,-0.13757123053073883,0
14.053957,62,63.701952,-100.0,1.4214869737625122,0
7.276883,60,63.842173,-100.0,-0.0038166940212249756,0
15.030072,63,64.001278,-100.0,0.06701573729515076,0
13.328624,93,64.215428,-100.0,-0.095381960272789,0
2.902355,93,64.437582,-100.0,-0.275989294052124,0
8.434774,83,64.638981,-100.0,-0.08336654305458069,0
2.76577,96,64.868406,-100.0,-0.062455520033836365,0
27.099207,66,65.037122,-100.0,3.6300535202026367,0
22.651133,82,65.26116,-100.0,9.293143272399902,0
16.468052,56,67.154405,-100.0,4.664735317230225,0
11.711812,98,67.364522,-100.0,-0.060899533331394196,0
39.709896,70,67.525054,-100.0,10.7792387008667,0
6.166029,56,67.657784,-100.0,-0.09824950993061066,0
1.441671,100,67.875725,-100.0,-0.08962993323802948,0
3.877736,72,68.058192,-100.0,-0.19433917105197906,0
7.666428,101,68.301694,-100.0,0.7142448425292969,0
14.480806,92,68.511935,-100.0,-0.09103742241859436,0
10.81638,77,68.695448,-100.0,0.893557608127594,0
3.577059,82,68.899796,-100.0,-0.031810395419597626,0
26.971168,79,69.117167,-100.0,8.827956199645996,0
10.972992,95,69.356632,-100.0,-0.012138694524765015,0
21.586069,77,71.456224,-100.0,3.6922507286071777,0
6.062239,86,71.651998,-100.0,1.2725824117660522,0
6.161175,63,71.794811,-100.0,-0.161991149187088,0
18.730963,66,71.967117,-100.0,5.9751458168029785,0
44.138246,79,72.199735,-100.0,15.132089614868164,0
3.860338,70,72.39151,-100.0,-0.3208785057067871,0
11.629787,64,72.539644,-100.0,0.8048454523086548,0
15.298825,77,72.708008,-100.0,3.445944309234619,0
35.375769,90,72.923289,-100.0,15.898451805114746,0
12.46477,54,73.053107,-100.0,0.3479577600955963,0
13.83272,63,73.189921,-100.0,1.196655511856079,0
40.093371,73,73.348979,-100.0,14.806528091430664,0
17.712908,73,73.525599,-100.0,2.5387630462646484,0
7.152704,89,73.753533,-100.0,0.06491479277610779,0
20.853377,102,75.702332,-100.0,7.208872318267822,0
9.029228,81,75.885295,-100.0,1.848902702331543,0
5.81769,66,76.035866,-100.0,-0.22617194056510925,0
4.186054,80,76.210713,-100.0,-0.12203878164291382,0
13.281169,98,76.428859,-100.0,3.893479824066162,0
7.39345,56,76.549021,-100.0,-0.1086438000202179,0
7.892018,76,76.735177,-100.0,0.28668665885925293,0
3.676566,106,77.0681,-100.0,-0.12370277941226959,0
17.173396,71,77.284424,-100.0,4.620351791381836,0
12.792923,74,77.484716,-100.0,1.057157278060913,0
15.534159,83,77.685323,-100.0,3.0307345390319824,0
5.908812,64,77.833146,-100.0,-0.16832616925239563,0
12.318552,67,77.998474,-100.0,-0.09342913329601288,0
3.748664,89,80.038163,-100.0,-0.0958043783903122,0
9.73365,64,80.170947,-100.0,0.47798895835876465,0
1.831162,92,80.360727,-100.0,-0.154972642660141,0
6.661767,55,80.523144,-100.0,-0.1761707365512848,0
17.11937,80,80.800898,-100.0,3.603287935256958,0
13.395303,65,80.965367,-100.0,1.2129160165786743,0
15.375958,89,81.163058,-100.0,3.547329902648926,0
9.680574,54,81.290659,-100.0,-0.13769714534282684,0
9.839438,97,81.525799,-100.0,0.1313711404800415,0
14.03001,94,81.743649,-100.0,-0.11215220391750336,0
5.221718,81,81.929794,-100.0,-0.09064225852489471,0
7.066249,56,82.075266,-100.0,-0.04772781580686569,0
3.507704,81,82.270668,-100.0,-0.08472512662410736,0
16.346233,128,84.290311,-100.0,5.578596115112305,0
9.754631,65,84.427083,-100.0,0.9456519484519958,0
10.382432,56,84.564508,-100.0,-0.12218741327524185,0
7.49353,62,84.699474,-100.0,0.5245428681373596,0
4.939983,97,84.911272,-100.0,-0.11414529383182526,0
26.729334,71,85.066297,-100.0,5.1320953369140625,0
17.117473,99,85.308239,-100.0,3.0157275199890137,0
8.489251,56,85.441513,-100.0,0.6125955581665039,0
17.218099,90,85.652625,-100.0,3.2632384300231934,0
12.272943,72,85.81229,-100.0,0.6913250684738159,0
4.943075,88,86.005595,-100.0,0.014092624187469482,0
6.607711,63,86.150586,-100.0,-0.13001877069473267,0
23.581349,100,86.394492,-100.0,10.53968620300293,0
16.689809,83,88.212157,-100.0,3.0776114463806152,0
13.275601,82,88.403225,-100.0,3.2244770526885986,0
12.585626,71,88.612924,-100.0,3.0945844650268555,0
4.181225,76,88.8046,-100.0,-0.09160248935222626,0
15.533488,67,88.97735,-100.0,4.494359970092773,0
10.897581,97,89.207446,-100.0,1.2741703987121582,0
14.330201,57,89.340145,-100.0,4.341864585876465,0
11.548326,65,89.479386,-100.0,0.514748752117157,0
12.311518,104,89.707671,-100.0,2.252168655395508,0
22.25061,65,89.852781,-100.0,5.209249019622803,0
36.726153,75,90.032394,-100.0,12.508819580078125,0
12.557104,95,90.275325,-100.0,2.673041343688965,0
9.577681,112,90.509578,-100.0,-0.2845763862133026,0
26.089418,97,92.398149,-100.0,5.388012886047363,0
20.187564,88,92.626023,-100.0,0.6787088513374329,0
19.309769,75,92.81848,-100.0,4.7663421630859375,0
23.525022,116,93.103363,-100.0,1.4929991960525513,0
19.796448,65,93.263648,-100.0,4.256887912750244,0
7.297896,83,93.451767,-100.0,-0.12162703275680542,0
12.34067,105,93.67812,-100.0,0.03498842567205429,0
22.996341,61,93.817069,-100.0,8.02065658569336,0
30.976144,89,94.017408,-100.0,4.752812385559082,0
3.138659,104,94.238681,-100.0,-0.04453533887863159,0
9.081022,74,94.38497,-100.0,1.1983392238616943,0
12.808217,96,94.580177,-100.0,1.32039213180542,0
12.517861,70,96.333447,-100.0,0.6033809781074524,0
12.416865,65,96.483732,-100.0,0.5374677181243896,0
11.507258,93,96.716265,-100.0,-0.054775647819042206,0
18.061603,89,96.924739,-100.0,3.7815701961517334,0
10.494139,79,97.129246,-100.0,0.8036174774169922,0
4.999148,76,97.347376,-100.0,-0.08775343000888824,0
11.854239,76,97.521019,-100.0,1.1972472667694092,0
39.411874,62,97.675637,-100.0,15.117300987243652,0
10.772185,102,97.904454,-100.0,-0.1331239938735962,0
11.750014,64,98.044818,-100.0,0.46049460768699646,0
11.754268,74,98.241194,-100.0,2.304098129272461,0
7.881706,67,98.431362,-100.0,-0.05789722502231598,0
15.282244,62,98.576907,-100.0,-0.1647578775882721,0
23.892878,69,100.556077,-100.0,6.761109352111816,0
10.391956,99,100.77931,-100.0,-0.0381242036819458,0
3.724107,110,101.100237,-100.0,0.16443470120429993,0
4.023384,92,101.31867,-100.0,0.05766229331493378,0
11.782126,74,101.51144,-100.0,2.224839448928833,0
11.397362,74,101.745589,-100.0,0.24927972257137299,0
2.630414,90,101.99344,-100.0,-0.05799642205238342,0
8.47337,62,102.145859,-100.0,0.7521643042564392,0
6.647944,79,102.309541,-100.0,-0.14279678463935852,0
15.606221,98,102.559186,-100.0,3.0868020057678223,0
18.956201,76,102.765057,-100.0,3.9822793006896973,0
43.968217,92,103.022862,-100.0,15.232295036315918,0
17.056749,81,104.775831,-100.0,4.9492340087890625,0
29.259736,109,105.002327,-100.0,5.048507213592529,0
12.659347,64,105.152626,-100.0,1.7467434406280518,0
9.492672,66,105.297618,-100.0,0.04948253929615021,0
6.701968,65,105.434519,-100.0,0.11250506341457367,0
25.013243,129,105.717773,-100.0,5.876999378204346,0
29.114564,95,105.929547,-100.0,4.402437686920166,0
43.185051,81,106.109895,-100.0,12.835651397705078,0
27.968033,110,106.348284,-100.0,8.616620063781738,0
28.34208,90,106.533688,-100.0,10.08055591583252,0
4.087281,107,106.767294,-100.0,-0.031798288226127625,0
15.578445,102,108.60974,-100.0,6.32615327835083,0
18.267257,114,108.904222,-100.0,4.345797061920166,0
38.693032,93,109.118034,-100.0,10.278155326843262,0
4.516758,135,109.475267,-100.0,-0.3149845600128174,0
14.570334,149,109.804468,-100.0,1.9831598997116089,0
28.610641,93,110.103036,-100.0,8.43084716796875,0
4.754131,90,110.368869,-100.0,-0.07781456410884857,0
13.58159,128,110.656719,-100.0,-0.25286462903022766,0
28.974006,83,110.841677,-100.0,3.2740089893341064,0
32.730951,93,111.064543,-100.0,5.823022842407227,0
21.17583,79,114.285953,-100.0,4.275833606719971,0
12.936007,107,114.649087,-100.0,-0.11651211977005005,0
18.678353,112,115.005039,-100.0,4.34079122543335,0
12.429079,163,115.878487,-100.0,1.4831370115280151,0
24.830036,80,116.131197,-100.0,6.2476725578308105,0
8.452321,126,116.545562,-100.0,0.02590475231409073,0
19.659533,102,116.796649,-100.0,4.962015151977539,0
33.553604,94,117.069387,-100.0,6.790920257568359,0
8.683042,65,117.244357,-100.0,1.1092281341552734,0
21.071998,123,117.595635,-100.0,7.673996925354004,0
9.895194,64,120.479021,-100.0,0.8256242275238037,0
20.27898,106,120.78423,-100.0,5.815790176391602,0
33.559964,94,121.165181,-100.0,1.4712287187576294,0
15.397376,142,121.573507,-100.0,5.379152774810791,0
25.41575,96,121.978745,-100.0,1.6967657804489136,0
18.753052,85,122.228248,-100.0,5.503702163696289,0
16.606011,117,122.524187,-100.0,0.6432632803916931,0
14.642894,64,122.72642,-100.0,4.139021396636963,0
39.280413,96,123.007248,-100.0,9.168685913085938,0
7.104699,74,123.220702,-100.0,-0.056587740778923035,0
28.957831,70,123.407282,-100.0,1.6029280424118042,0
18.335996,146,125.60898,-100.0,7.398448944091797,0
40.366134,84,125.822197,-100.0,13.524359703063965,0
10.297148,74,126.031939,-100.0,1.6005568504333496,0
14.189362,121,126.304539,-100.0,3.6108691692352295,0
13.085071,66,126.448672,-100.0,-0.06613068282604218,0
26.858028,105,126.664073,-100.0,6.324520111083984,0
15.846918,72,126.812701,-100.0,2.96490478515625,0
24.127791,99,127.027447,-100.0,0.17902661859989166,0
13.602064,85,127.231785,-100.0,2.1185240745544434,0
22.54414,111,127.516754,-100.0,7.1279706954956055,0
10.982018,86,129.564942,-100.0,0.42545950412750244,0
32.224574,108,129.808933,-100.0,5.130175590515137,0
16.954042,141,130.195765,-100.0,3.6424715518951416,0
37.43038,93,130.428128,-100.0,11.260896682739258,0
27.687196,142,130.802091,-100.0,9.487117767333984,0
10.618389,101,131.03754,-100.0,1.9576208591461182,0
5.058402,83,131.263753,-100.0,-0.08172963559627533,0
24.616167,147,131.627226,-100.0,10.982120513916016,0
33.636622,131,131.920476,-100.0,5.764663219451904,0
23.0283,151,134.089939,-100.0,0.017336584627628326,0
10.586573,94,134.316467,-100.0,2.84006404876709,0
11.419524,91,134.515721,-100.0,3.1411068439483643,0
26.330302,149,134.988122,-100.0,9.91773796081543,0
6.259438,67,135.189587,-100.0,0.209193617105484,0
43.258389,91,135.476087,-100.0,11.881134986877441,0
25.089949,152,135.838492,-100.0,-0.1427345871925354,0
11.790569,92,136.069275,-100.0,3.1316168308258057,0
30.792933,78,136.249609,-100.0,-0.26461026072502136,0
6.012866,66,136.40413,-100.0,-0.09369111806154251,0
7.320057,114,138.635554,-100.0,-0.03747187554836273,0
17.596701,141,138.991986,-100.0,3.479680061340332,0
3.900011,99,139.209269,-100.0,0.3014480471611023,0
14.560567,123,139.488266,-100.0,4.644686698913574,0
11.753378,99,139.729846,-100.0,-0.06750787049531937,0
17.745269,94,139.944014,-100.0,1.4172853231430054,0
31.899927,102,140.225897,-100.0,3.632554054260254,0
18.588504,88,140.45254,-100.0,3.8307809829711914,0
9.250157,100,140.653059,-100.0,0.9132456183433533,0
12.765569,72,140.802318,-100.0,2.492959499359131,0
13.121941,74,142.622226,-100.0,0.056000612676143646,0
25.289495,119,142.886253,-100.0,8.680484771728516,0
14.709606,126,143.200536,-100.0,1.4659509658813477,0
32.517941,148,143.515787,-100.0,6.684269428253174,0
30.817358,136,143.813576,-100.0,5.8008341789245605,0
31.790396,232,144.3216,-100.0,0.2852620482444763,0
19.354698,118,144.594457,-100.0,2.7372071743011475,0
12.557945,89,144.788395,-100.0,2.004523277282715,0
30.579642,101,146.789717,-100.0,3.8225057125091553,0
19.375096,114,147.180394,-100.0,2.9901256561279297,0
23.343027,133,147.594972,-100.0,9.85925006866455,0
28.24846,164,148.064757,-100.0,3.559812068939209,0
19.383961,108,148.3375,-100.0,7.380510330200195,0
25.917463,91,148.738404,-100.0,5.247963905334473,0
37.864689,80,148.960918,-100.0,14.300752639770508,0
37.678557,190,149.400116,-100.0,3.985389232635498,0
39.146789,91,151.518373,-100.0,12.087775230407715,0
16.815198,73,151.727199,-100.0,4.78603982925415,0
36.110035,99,152.007125,-100.0,10.202230453491211,0
25.060009,169,152.405207,-100.0,3.2082679271698,0
34.866427,150,152.765082,-100.0,5.0455827713012695,0
32.771356,98,152.996503,-100.0,10.665249824523926,0
17.517729,122,153.271962,-100.0,5.39674711227417,0
35.652352,88,153.445415,-100.0,11.376152992248535,0
40.216891,98,153.644371,-100.0,13.766027450561523,0
4.704691,89,153.84853,-100.0,-0.14233863353729248,0
17.439206,86,156.225439,-100.0,2.3385393619537354,0
24.191822,172,156.747189,-100.0,7.005753993988037,0
11.411663,145,157.320641,-100.0,-0.02924463152885437,0
16.097794,119,157.717958,-100.0,3.9557154178619385,0
39.079546,111,158.12045,-100.0,12.242080688476562,0
36.033405,146,158.510554,-100.0,5.307743072509766,0
22.366689,79,158.701434,-100.0,8.612133979797363,0
19.383972,178,159.212301,-100.0,5.145046234130859,0
26.031758,179,161.70187,-100.0,6.613411903381348,0
20.122351,89,161.994202,-100.0,2.512375593185425,0
43.682895,160,162.451945,-100.0,5.818392276763916,0
25.435127,168,162.857627,-100.0,10.049224853515625,0
20.818049,80,163.052414,-100.0,7.298617839813232,0
25.351659,171,163.445585,-100.0,5.906806468963623,0
21.021165,166,163.784532,-100.0,8.023283004760742,0
26.308836,136,165.965578,-100.0,2.7417080402374268,0
14.353747,83,166.161512,-100.0,4.082970142364502,0
28.66706,148,166.469346,-100.0,3.381190061569214,0
31.79496,88,166.644601,-100.0,2.7991976737976074,0
11.951056,101,166.860889,-100.0,1.0284368991851807,0
28.060361,89,167.109923,-100.0,0.5031816363334656,0
25.943619,137,167.456959,-100.0,1.0702400207519531,0
30.843441,150,167.806422,-100.0,4.5588250160217285,0
13.630086,84,168.011383,-100.0,4.002861022949219,0
18.535944,168,170.216907,-100.0,3.7905433177948,0
12.646496,139,170.640574,-100.0,1.7072712182998657,0
28.768168,98,170.918091,-100.0,5.721086025238037,0
15.30295,108,171.199497,-100.0,2.9213507175445557,0
24.274398,128,171.540658,-100.0,7.316981315612793,0
25.308673,92,171.730412,-100.0,2.8519251346588135,0
16.324236,112,171.975621,-100.0,4.5951666831970215,0
38.171734,121,172.24287,-100.0,10.029129028320312,0
27.961402,142,174.501049,-100.0,7.64629602432251,0
34.837683,152,174.889739,-100.0,10.027039527893066,0
12.344167,93,175.098604,-100.0,2.5019948482513428,0
17.843285,94,175.318015,-100.0,-0.0536358579993248,0
33.44669,119,175.616939,-100.0,5.8506364822387695,0
19.633935,146,176.111487,-100.0,3.0891246795654297,0
13.01094,72,176.344848,-100.0,2.2167937755584717,0
29.632022,106,176.660807,-100.0,2.301576614379883,0
31.260839,178,177.360308,-100.0,3.081559419631958,0
24.71218,171,179.663621,-100.0,7.311290740966797,0
27.372443,112,179.931292,-100.0,3.846893787384033,0
39.131574,107,180.286873,-100.0,11.112356185913086,0
12.487351,159,180.731611,-100.0,3.3676540851593018,0
24.863888,91,180.957164,-100.0,7.7472243309021,0
31.566459,89,181.184742,-100.0,2.3215460777282715,0
10.886786,97,181.46302,-100.0,3.002147912979126,0
28.937759,156,181.919887,-100.0,5.634042263031006,0
11.215804,108,184.350121,-100.0,2.6098930835723877,0
25.794694,145,184.817066,-100.0,3.2164816856384277,0
25.422366,156,185.335205,-100.0,2.9280502796173096,0
37.916757,122,185.758153,-100.0,4.751375198364258,0
31.141369,111,186.15953,-100.0,2.9453771114349365,0
31.431202,124,186.630308,-100.0,3.411489486694336,0
16.104274,116,186.9557,-100.0,2.8053064346313477,0
24.546127,146,187.402758,-100.0,3.5486996173858643,0
9.784893,86,191.206432,-100.0,2.203078031539917,0
28.270067,91,191.528049,-100.0,0.8433629870414734,0
37.39263,200,192.566494,-100.0,3.6421566009521484,0
44.420329,160,193.010834,-100.0,8.471565246582031,0
39.419016,177,193.839397,-100.0,2.9384357929229736,0
30.556266,146,194.224449,-100.0,9.911884307861328,0
24.36936,118,194.62233,-100.0,6.923343181610107,0
10.160637,75,194.884403,-100.0,1.5477895736694336,0
36.203654,122,197.103875,-100.0,3.328899383544922,0
27.495147,87,197.321842,-100.0,0.02388124167919159,0
27.699403,103,197.616229,-100.0,8.055767059326172,0
35.091354,130,197.953171,-100.0,8.070005416870117,0
15.248802,181,198.439371,-100.0,4.129955291748047,0
9.128861,117,198.730085,-100.0,0.9517881870269775,0
13.180159,133,199.0793,-100.0,2.7555532455444336,0
38.238606,115,199.380205,-100.0,3.7961020469665527,0
22.100433,104,201.584553,-100.0,1.2579820156097412,0
16.760784,152,201.928742,-100.0,5.585593223571777,0
36.462453,208,202.481781,-100.0,1.58600652217865,0
11.918639,122,202.949011,-100.0,2.7966251373291016,0
26.750179,168,203.329851,-100.0,0.6317970156669617,0
27.503982,149,203.683008,-100.0,9.086275100708008,0
17.984379,158,204.02605,-100.0,3.346235752105713,0
467.237303,1000,208.756317,1.1005356662917005,0.49196872115135193,0
12.006621,73,211.08331,-100.0,3.3884923458099365,0
27.159301,133,211.506898,-100.0,5.826327323913574,0
491.23782,1000,216.427336,-2.3433504156833616,-0.016767330467700958,0
393.683907,1000,220.844948,-2.1009862307317726,0.002682950347661972,0
17.164697,118,221.205573,-100.0,5.581742763519287,0
9.570683,80,221.387815,-100.0,1.271589994430542,0
12.07715,133,221.715873,-100.0,4.525320053100586,0
23.848637,94,221.971435,-100.0,1.4146437644958496,0
24.480297,154,222.420824,-100.0,1.7413386106491089,0
462.197635,1000,227.213108,0.9133009054677146,0.07513141632080078,0
17.470401,106,227.592622,-100.0,4.950723171234131,0
36.724223,114,228.007205,-100.0,4.035238742828369,0
26.354144,101,228.331969,-100.0,0.8171588182449341,0
26.04405,198,231.163645,-100.0,3.445686101913452,0
419.884218,1000,236.107931,-1.712777798291188,-3.973516868427396e-05,0
26.072122,131,236.440766,-100.0,3.1820151805877686,0
520.914467,1000,241.011589,1.8040236712303834,0.36894798278808594,0
24.657042,98,241.234537,-100.0,6.821711540222168,0
15.435444,114,241.492855,-100.0,2.504709482192993,0
34.644855,205,242.00826,-100.0,3.6366231441497803,0
27.780301,147,242.334346,-100.0,3.558518648147583,0
23.33068,134,242.71315,-100.0,2.6101596355438232,0
371.877722,1000,247.014884,-2.1219866707105686,-0.005805719643831253,0
24.614905,170,249.266835,-100.0,0.908490002155304,0
24.414951,166,249.651101,-100.0,1.1103323698043823,0
29.22646,167,250.084576,-100.0,3.9415738582611084,0
45.094662,193,250.512786,-100.0,3.596194267272949,0
7.724855,155,250.967515,-100.0,0.8956004977226257,0
9.785024,140,251.435267,-100.0,0.3284396529197693,0
30.805034,232,254.429442,-100.0,3.0083885192871094,0
457.226531,1000,258.913343,-0.14792179916994747,0.05621969699859619,0
36.195121,162,259.440744,-100.0,2.153764486312866,0
38.596085,119,259.72878,-100.0,10.819201469421387,0
29.959259,135,260.024702,-100.0,8.95531177520752,0
33.010519,181,260.426716,-100.0,1.857558012008667,0
22.028608,89,260.684625,-100.0,7.172362327575684,0
32.642685,116,260.991285,-100.0,5.705239295959473,0
22.105977,96,261.339856,-100.0,2.068025588989258,0
42.085548,208,263.865675,-100.0,2.056285858154297,0
25.615053,193,264.400664,-100.0,-0.014880077913403511,0
274.411651,1000,269.439328,0.19366403182437253,0.03417212888598442,0
15.545686,270,270.194109,-100.0,-0.06504502147436142,0
267.831134,1000,274.939523,-0.9640736280998741,0.0005260193720459938,0
441.44253,1000,279.373951,-9.37325714201399,0.001823615049943328,0
24.197475,179,279.910682,-100.0,3.2550835609436035,0
33.594923,160,280.345784,-100.0,6.679567337036133,0
414.86149,1000,284.950008,-1.5198676397022652,0.003153447061777115,0
486.601429,1000,290.179154,0.33917652115974306,0.06784669309854507,0
26.938308,143,290.601612,-100.0,6.483943462371826,0
24.974401,206,293.282895,-100.0,2.1033835411071777,0
28.830916,138,293.663694,-100.0,5.270430088043213,0
573.991516,1000,298.258603,-0.01325434623546215,-0.004909031093120575,0
456.672295,1000,302.423304,-1.8563443257070524,-0.0023099377285689116,0
589.965579,1000,307.586962,-1.4112079921759928,-0.004409323446452618,0
37.228683,260,308.286807,-100.0,1.2477542161941528,0
35.888778,170,308.725158,-100.0,3.3199403285980225,0
33.976021,152,309.161282,-100.0,3.0220274925231934,0
21.247104,176,309.638553,-100.0,2.5305776596069336,0
36.288477,115,312.004165,-100.0,4.654377460479736,0
18.007052,171,312.448384,-100.0,1.8545395135879517,0
450.000367,1000,316.53274,-1.457327076968226,8.65079928189516e-05,0
335.173952,776,318.367002,-100.0,-0.03462764620780945,0
549.891416,1000,322.186231,-7.612235974095861,-0.0022212048061192036,0
39.19278,277,324.487745,-100.0,3.0807671546936035,0
485.378317,1000,328.357361,0.6013768100776176,0.06570110470056534,0
434.54094,1000,333.124208,10.3703850893541,3.639108180999756,0
432.538867,1000,337.291529,-2.1758882628985394,-0.0051367091946303844,0
537.244325,1000,341.399766,-0.5350836696188945,-0.006924738176167011,0
41.354669,211,341.896967,-100.0,2.9511590003967285,0
514.458888,1000,345.838431,2.1018485497152404,0.47963258624076843,0
452.154382,1000,349.809248,-0.6690097613092221,0.0009633824229240417,0
37.385798,287,350.4946,-100.0,3.344961643218994,0
505.507191,1000,354.455277,0.06912492794968841,-0.023248303681612015,0
146.563366,1000,358.277166,0.09063322747715688,-0.004652134608477354,0
41.506972,261,358.96322,-100.0,1.5395840406417847,0
391.788526,1000,363.713238,-1.2292543813604364,-0.0047583188861608505,0
571.938322,1000,368.236897,2.2024622369963156,0.47485700249671936,0
26.988941,174,368.657617,-100.0,3.2382538318634033,0
24.432693,226,371.329159,-100.0,2.9611458778381348,0
23.35314,207,371.937521,-100.0,0.9527721405029297,0
594.096914,1000,377.408571,2.561243722474394,0.5933911204338074,0
646.598607,1000,382.536555,1.9357885902732441,0.4231513440608978,0
577.538311,1000,389.706134,-10.374880748337828,8.85220943018794e-05,0
586.876049,1000,393.981069,0.21031154808776023,0.12367462366819382,0
587.967955,1000,398.245488,-2.261744740590258,-0.005549737252295017,0
36.466389,215,398.880836,-100.0,0.29479825496673584,0
673.655343,1000,402.852654,1.893037671090226,0.535249650478363,0
613.322706,1000,408.576703,-0.6737334830734649,-0.0049286833964288235,0
36.035674,209,409.049639,-100.0,0.5237276554107666,0
40.892001,199,409.487165,-100.0,2.930330276489258,0
696.538617,1000,414.559651,-12.051565673015176,-0.0037741269916296005,0
22.894744,180,415.280692,-100.0,2.589705467224121,0
625.474759,1000,420.610262,-0.558415298384827,0.0033826627768576145,0
472.842663,1000,426.195294,-1.9102878081380925,-0.00525683956220746,0
654.468538,1000,431.577621,1.2614865804284865,0.22079548239707947,0
612.084759,1000,438.729421,-4.725451273054843,-0.004047761671245098,0
656.412594,1000,447.041373,2.624748109844725,0.6969941854476929,0
590.75354,1000,454.128044,-13.401017657153737,-0.01202371809631586,0
535.352844,1000,460.072041,-2.4337786119881235,-0.0005714590661227703,0
692.484793,1000,466.033814,0.1202259886754245,0.30150488018989563,0
283.366571,1000,472.554478,7.823166203578752,1.3757003545761108,0
710.89732,1000,478.049534,-5.725698069579262,-0.0010070095304399729,0
690.065066,1000,482.599399,-2.092667588921069,0.00016639800742268562,0
588.308731,1000,489.453393,12.422813727616756,3.931792974472046,0
691.343102,1000,496.34383,-2.4769893241354386,-0.00612292718142271,0
715.392791,1000,503.573421,-1.8122093759237565,-0.0013575342018157244,0
685.124028,1000,507.353866,-2.011179613622626,-0.0022389304358512163,0
659.29329,1000,510.727399,-10.545611351254669,0.00010054500307887793,0
674.494006,1000,515.309823,12.594088095293479,4.153027057647705,0
692.272003,1000,520.054241,0.7283866203850178,0.20156756043434143,0
683.722523,1000,524.018533,-9.879286136466902,-0.003181909676641226,0
664.247154,1000,529.077445,10.333168912559344,3.573303699493408,0
637.810613,1000,533.491206,2.357983721160785,0.7320977449417114,0
719.504566,1000,538.248666,-8.00882434253986,0.0002785767428576946,0
670.296666,1000,543.496975,-0.010741570307254839,-0.004006817936897278,0
684.964105,1000,549.001727,-2.4552345866619896,-0.0018762832041829824,0
692.712091,1000,553.346111,-12.176756773436011,-0.002150411019101739,0
757.353237,1000,556.904023,1.4435964049672794,0.5279902815818787,0
701.063966,1000,560.64493,11.514564615226483,4.237654209136963,0
717.39714,1000,564.430841,-0.5791042970099383,-0.005738014355301857,0
604.283051,1000,567.833032,8.619512172100185,3.2955739498138428,0
646.113678,1000,571.636575,1.48338761558972,0.4398210346698761,0
629.096596,1000,575.426237,-11.546996709690749,0.00559476250782609,0
643.052356,1000,578.975635,0.4102413473576679,0.16506867110729218,0
-1.688308,173,579.357273,-100.0,-0.14815352857112885,0
707.511213,1000,583.052069,0.6803031287886221,0.18869972229003906,0
737.941023,1000,586.93112,1.4724276397368712,0.44616037607192993,0
23.040198,118,587.148349,-100.0,3.0830817222595215,0
34.80895,157,587.439877,-100.0,7.615676403045654,0
616.689185,1000,592.322294,-0.2835270121806779,0.0017602366860955954,0
715.656147,1000,596.557127,0.02315449907206471,0.018063120543956757,0
657.378335,1000,602.068802,-2.9505565024503104,-0.0006155539304018021,0
706.860581,1000,606.848828,-11.119768670406362,0.00032238126732409,0
747.104371,1000,610.488574,0.3499677705045745,0.07453072816133499,0
736.916959,1000,614.093667,-3.0882524901128683,-0.0028980234637856483,0
746.403544,1000,617.619142,-3.6048016410263957,-0.00030331313610076904,0
771.058598,1000,621.472604,-2.9468902427164076,-0.0025574739556759596,0
675.899516,1000,625.436821,-1.200699580515509,0.00045563781168311834,0
716.931216,1000,629.083377,-1.7027633420745982,0.0013658218085765839,0
653.729278,1000,633.013909,1.409469527772177,0.49849435687065125,0
621.482125,1000,637.161053,1.2030118298382046,0.35276755690574646,0
698.041321,1000,640.759542,0.14600764744111785,0.15511471033096313,0
748.195096,1000,644.586123,0.450260233905561,0.11344695836305618,0
704.197962,1000,648.506701,-1.756519251349072,-0.001195332850329578,0
670.843605,1000,652.014474,11.849359459037526,3.9210875034332275,0
667.67349,1000,655.888958,0.880371389525828,0.27666500210762024,0
685.313226,1000,660.027884,7.595121547963607,1.86318838596344,0
705.556048,1000,663.88578,-1.2245593897045584,-0.011710770428180695,0
729.712311,1000,667.596468,12.807629340892536,3.4903504848480225,0
633.619928,1000,672.699899,-1.3156683572765822,-0.003240860067307949,0
775.309565,1000,677.822117,-1.062988959314118,-0.000736054964363575,0
683.239137,1000,682.755667,10.694540967921428,3.212869167327881,0
657.15779,1000,685.843182,13.739030403662486,4.115121364593506,0
816.511775,1000,691.13959,-2.9455097443046983,-0.0019548404961824417,0
30.235181,134,694.070603,-100.0,3.0771942138671875,0
746.383734,1000,698.848494,-1.5303360490899685,-0.0007883121725171804,0
752.778196,1000,704.170573,12.892471343586784,3.8318049907684326,0
680.266381,1000,708.977643,-7.495281059448296,-0.0023679963778704405,0
756.194374,1000,713.999302,-0.9151502714881083,0.0027216754388064146,0
718.705962,1000,716.6978,-2.5608531064262197,-0.0018007720354944468,0
772.052127,1000,722.008323,-0.6372793836524184,2.9686838388442993e-05,0
664.06107,1000,726.299007,8.321140957808744,2.7359371185302734,0
771.987409,1000,730.979775,3.7661351537306755,0.998263418674469,0
769.237388,1000,735.70433,-0.18598971975193956,0.002007528208196163,0
723.461032,1000,740.400978,23.089761566547725,7.815494060516357,0
633.196177,1000,745.18602,12.12019691285076,3.283418893814087,0
640.382442,1000,750.528836,-1.400160556073762,-0.0057032410986721516,0
685.529113,1000,755.38382,-0.40927198610205084,0.10097187757492065,0
761.85722,1000,758.873834,1.553112805552087,0.4562423825263977,0
29.555706,165,759.187587,-100.0,-0.015467170625925064,0
789.767321,1000,763.178464,-0.5068704004359799,2.2040563635528088e-05,0
291.904358,1000,766.463342,10.461701549752123,0.6136229038238525,0
685.975872,1000,770.015013,9.360853280347293,3.291349172592163,0
671.35027,1000,773.822725,-1.5824145221546022,-0.005776861682534218,0
790.803136,1000,779.307447,-17.539587599234554,-0.00588696775957942,0
103.592526,1000,785.128684,-3.7413095988910383,-0.017595086246728897,0
636.007965,1000,789.756511,-1.1349373180004088,-0.00029660388827323914,0
678.270324,1000,794.452438,2.4345875309685265,0.6672073602676392,0
157.972676,1000,799.805535,10.408651853045102,-0.023200083523988724,0
706.403859,1000,804.085571,-7.491875312148235,-0.001978021115064621,0
616.65626,1000,809.38522,-0.1424356658869452,0.05220475420355797,0
722.885777,1000,814.989196,0.5608917078572766,0.15975411236286163,0
707.802822,1000,820.490053,0.9282207155827613,0.3649917244911194,0
735.113297,1000,824.662916,0.7077863769062307,0.13446752727031708,0
741.152525,1000,828.699376,21.46661616208929,7.373791694641113,0
32.871606,149,828.999675,-100.0,1.1860857009887695,0
761.26586,1000,832.463126,-3.2357178260892825,-0.008385205641388893,0
772.034659,1000,836.121663,23.205752487625595,7.7020392417907715,0
752.337596,1000,840.124182,-3.8410278559510926,-0.0007680235430598259,0
797.821206,1000,843.56172,1.1772253183733208,0.3173641860485077,0
723.890316,1000,847.637186,10.849968180195246,3.5503907203674316,0
714.196563,1000,851.40829,1.5247903502234739,0.4173358678817749,0
808.142052,1000,855.456452,-1.8710281211556048,-0.0025169672444462776,0
769.304725,1000,859.072344,0.32263527292929695,0.08684387803077698,0
719.653825,1000,863.051975,4.337866612864684,1.2571659088134766,0
777.859544,1000,866.86588,-1.7900283379297688,0.0002544510643929243,0
761.416511,1000,870.553754,11.69199569367142,4.1289873123168945,0
590.773274,1000,874.514879,-2.4830425015910365,-0.002641732105985284,0
723.540778,1000,877.929617,-9.080413418061557,2.584961475804448e-05,0
783.379265,1000,881.993669,-9.961820685310485,0.00048110890202224255,0
800.879161,1000,885.770833,-10.379510190217008,-1.3467622920870781e-05,0
691.043022,1000,890.546957,-1.3628269392572776,0.0003495072014629841,0
668.210179,1000,895.674787,2.015889679184871,0.6339370608329773,0
740.930232,1000,900.214027,-0.4452683282263418,0.00011887395521625876,0
747.954785,1000,905.757664,-0.07460108083760808,0.0102156363427639,0
741.509309,1000,909.953661,-13.656759382393794,-0.0010914918966591358,0
817.711233,1000,914.660298,-0.5835015294819577,0.0029476333875209093,0
772.223914,1000,918.141588,-0.5995434281096734,-0.00474825082346797,0
807.356887,1000,922.07722,1.6089172788688126,0.39245373010635376,0
765.193671,1000,925.600538,-0.7335686524609277,2.652546390891075e-05,0
776.592777,1000,929.456009,9.86107535939359,3.3506526947021484,0
780.46487,1000,933.264561,2.2643231233061965,0.5514872074127197,0
27.132979,97,933.466914,-100.0,-0.11970772594213486,0
755.254154,1000,938.499423,10.783533214074293,3.470425605773926,0
748.928944,1000,942.780217,0.2930799357812728,0.08963647484779358,0
23.666214,139,943.035234,-100.0,3.4508919715881348,0
521.926834,1000,946.667452,-23.09447624263402,-0.006036797072738409,0
666.171256,1000,950.594067,1.0706757404335672,0.32409435510635376,0
740.488862,1000,954.211528,-2.096112821614613,-0.0018773693591356277,0
748.636279,1000,957.739959,-8.703126346125446,-0.003182563465088606,0
667.294825,1000,961.705313,-2.7780358495920536,-0.00280484976246953,0
797.344114,1000,965.326164,-23.941889985056996,-0.003876000177115202,0
716.880326,1000,969.301872,14.864874174186903,4.469332218170166,0
777.748936,1000,972.89013,2.784997865615469,0.7677948474884033,0
605.40518,1000,976.421638,1.2305905467243754,0.4593215584754944,0
667.477386,1000,981.10988,-0.24135733180786076,0.0007741724257357419,0
768.773951,1000,986.023794,11.270185582438325,3.819967269897461,0
775.249681,1000,991.180871,-1.792112559583743,0.0006298066582530737,0
826.817111,1000,993.593542,-3.746901503002701,-0.001530853332951665,0
20.456662,108,995.704432,-100.0,-0.18499666452407837,0
419.794043,1000,999.536437,-8.021097939418468,-0.00521082803606987,0
826.806099,1000,1003.221402,-1.8783143709934735,4.641455598175526e-05,0
771.07874,1000,1006.900605,-2.8545282263035405,-0.0042830053716897964,0
647.861325,1000,1010.489229,0.25880871737602296,0.08049775660037994,0
821.454843,1000,1012.769039,-9.41930187771101,-0.003818189725279808,0
738.565732,1000,1016.214894,-1.6198131227082186,0.0005554464878514409,0
29.216271,107,1017.918315,-100.0,3.4842612743377686,0
831.086765,1000,1021.81141,-0.6871506574945456,-0.006498728878796101,0
811.769184,1000,1025.4514,1.092861988365901,0.41462773084640503,0
1.834446,135,1025.74211,-100.0,-0.12194755673408508,0
742.408153,1000,1029.776554,-2.5906531452042016,-0.0011644207406789064,0
717.945723,1000,1033.530514,-0.13089864969891352,-0.0003033225075341761,0
757.00977,1000,1037.644454,-4.1014395928141125,-0.003325695637613535,0
751.666634,1000,1041.362783,-3.0249428424228197,-0.0011112260399386287,0
7.066139,317,1042.037306,100.0,-0.012961658649146557,0
633.541304,1000,1045.873898,-7.486849730701681,-0.0015994259156286716,0
817.178031,1000,1050.313046,2.435599030581595,0.7365143299102783,0
841.720855,1000,1055.225697,-0.6937871384804855,-0.00425085099413991,0
573.427913,1000,1060.289984,13.094736746358326,4.459066867828369,0
808.744224,1000,1065.325461,-7.838877182542077,-0.0115439398214221,0
-6.03228,197,1065.819954,-100.0,-0.09988147765398026,0
778.062542,1000,1070.612733,-23.95288484250604,-0.0037161947693675756,0
735.963768,1000,1075.444702,-1.4655948323494632,-0.001128071453422308,0
787.949035,1000,1080.864185,-2.6658399307838563,-0.0004484249511733651,0
755.375596,1000,1086.563633,-2.8736693904286765,-0.0009447430493310094,0
803.126052,1000,1091.470744,-12.72230966963708,-0.009904197417199612,0
790.593484,1000,1096.125977,9.181974324561523,3.552910566329956,0
765.675588,1000,1101.34211,-10.19033441814827,-0.001385084935463965,0
785.567586,1000,1105.75196,0.6770825765543691,0.18520313501358032,0
3.35652,126,1106.087398,-100.0,-0.18903471529483795,0
21.523239,205,1106.579224,100.0,-0.007901012897491455,0
821.673873,1000,1111.595716,-1.9784983893967076,-0.0002204191405326128,0
781.45768,1000,1116.612045,-2.28803387912723,-0.0002950399648398161,0
