env,method,run,seed,sample,iteration,component,episode_sum_mean,episode_abs_sum_mean,signed_contribution_share,magnitude_share,active_rate
env_001,DERES,runs/env_001/paper_v4,0.0,,1,fuel_penalty,-49.9999999999993,49.9999999999993,-0.03337734532207686,0.03337734532207686,1.0
env_001,DERES,runs/env_001/paper_v4,0.0,,1,landing_reward,0.0,0.0,0.0,0.0,0.0
env_001,DERES,runs/env_001/paper_v4,0.0,,1,proximity,1448.0220720827579,1448.0220720827579,0.9666226546779231,0.9666226546779231,1.0
env_001,DERES,runs/env_001/paper_v4,0.0,,2,fuel_penalty,-0.13749999999999996,0.13749999999999996,-0.022354392665316785,0.022354392665316785,0.03948312993539124
env_001,DERES,runs/env_001/paper_v4,0.0,,2,landing_reward,0.11400762111879885,0.11400762111879885,0.01853506275875122,0.01853506275875122,0.03732950466618808
env_001,DERES,runs/env_001/paper_v4,0.0,,2,progress,5.707312007248402,5.899408758431673,0.92787995398915,0.9591105445759319,1.0
env_001,DERES,runs/env_001/paper_v4,0.0,,3,fuel_penalty,-42.997499999999654,42.997499999999654,-0.026309524984659487,0.026309524984659487,0.9042586750788644
env_001,DERES,runs/env_001/paper_v4,0.0,,3,landing_reward,1523.5255914449692,1523.5255914449692,0.9322224457907986,0.9322224457907986,0.8270767613038906
env_001,DERES,runs/env_001/paper_v4,0.0,,3,proximity,67.7709532050416,67.7709532050416,0.041468029224542007,0.041468029224542007,1.0
env_001,DERES,runs/env_001/paper_v4,0.0,,4,fuel_penalty,-0.10250000000000001,0.10250000000000001,-0.009858728569619795,0.009858728569619795,0.029992684711046085
env_001,DERES,runs/env_001/paper_v4,0.0,,4,landing_reward,6.172998416423797,6.663995909690857,0.5937357643728297,0.6409612376848653,0.2121433796634967
env_001,DERES,runs/env_001/paper_v4,0.0,,4,proximity,3.63038227558136,3.63038227558136,0.3491800337455149,0.3491800337455149,1.0
env_001,DERES,runs/env_001/paper_v4,0.0,,5,approach_improvement,1.75946236574091,1.75946236574091,0.3911633320603977,0.3911633320603977,0.016105417276720352
env_001,DERES,runs/env_001/paper_v4,0.0,,5,contact_event,1.4,1.4,0.31124772859460975,0.31124772859460975,0.010248901903367497
env_001,DERES,runs/env_001/paper_v4,0.0,,5,fuel_penalty,-0.185,0.185,-0.04112916413571629,0.04112916413571629,0.05417276720351391
env_001,DERES,runs/env_001/paper_v4,0.0,,5,progress_delta,1.1146781142801045,1.1535624273121357,0.2478150222741467,0.2564597752092763,1.0
env_001,DERES,runs/env_001/paper_v4,0.0,,6,descent_safety,-92.52717166533839,92.52717166533839,-0.11751551781269973,0.11751551781269973,0.6565928038613427
env_001,DERES,runs/env_001/paper_v4,0.0,,6,fuel_penalty,-31.375000000000167,31.375000000000167,-0.039848287859799346,0.039848287859799346,0.6883501535761298
env_001,DERES,runs/env_001/paper_v4,0.0,,6,safe_proximity,662.4220721676945,662.4220721676945,0.841319057097145,0.841319057097145,1.0
env_001,DERES,runs/env_001/paper_v4,0.0,,6,stable_landed,0.50969228297472,0.50969228297472,0.0006473423047615885,0.0006473423047615885,0.0012066695919262834
env_001,DERES,runs/env_001/paper_v4,0.0,,6,touchdown_bonus,0.5273706078529358,0.5273706078529358,0.0006697949255942958,0.0006697949255942958,0.0001645458534444932
env_001,DERES,runs/env_001/paper_v4,0.0,,7,approach_shaping,-0.9337209582328796,1.0462386965751649,-0.1253386134402202,0.1404425020130353,1.0
env_001,DERES,runs/env_001/paper_v4,0.0,,7,descent_safety,-2.805848725885153,2.805848725885153,-0.37664484846846574,0.37664484846846574,0.062100456621004566
env_001,DERES,runs/env_001/paper_v4,0.0,,7,fuel_penalty,-3.5974999999999953,3.5974999999999953,-0.48291264951849894,0.48291264951849894,0.6570776255707762
env_001,DERES,runs/env_001/paper_v4,0.0,,7,stable_landed,0.0,0.0,0.0,0.0,0.0
env_001,DERES,runs/env_001/paper_v4,0.0,,7,touchdown_bonus,0.0,0.0,0.0,0.0,0.0
env_001,DERES,runs/env_001/paper_v4,0.0,,8,descent_safety,-91.65927634760737,91.65927634760737,-0.15524719424385167,0.15524719424385167,0.7756806222832304
env_001,DERES,runs/env_001/paper_v4,0.0,,8,fuel_penalty,-18.00500000000012,18.00500000000012,-0.030495830250284676,0.030495830250284676,0.8238389384580188
env_001,DERES,runs/env_001/paper_v4,0.0,,8,landing_proximity,415.06188085377215,415.06188085377215,0.7030078679189355,0.7030078679189355,1.0
env_001,DERES,runs/env_001/paper_v4,0.0,,8,stable_landed,50.435411538183686,50.435411538183686,0.08542459032889134,0.08542459032889134,0.13189201555708077
env_001,DERES,runs/env_001/paper_v4,0.0,,8,touchdown_bonus,15.247016704082489,15.247016704082489,0.025824517258036736,0.025824517258036736,0.0073209791809654545
env_001,DERES,runs/env_001/paper_v4,0.0,,9,descent_safety,-7.127693847566843,7.127693847566843,-0.501336473755885,0.501336473755885,0.09938733832539143
env_001,DERES,runs/env_001/paper_v4,0.0,,9,fuel_penalty,-4.862499999999992,4.862499999999992,-0.3420108461126108,0.3420108461126108,0.6620149761742682
env_001,DERES,runs/env_001/paper_v4,0.0,,9,landing_improvement,2.227191522717476,2.227191522717476,0.1566526801315042,0.1566526801315042,0.1718856364874064
env_001,DERES,runs/env_001/paper_v4,0.0,,9,stable_landed,0.0,0.0,0.0,0.0,0.0
env_001,DERES,runs/env_001/paper_v4,0.0,,9,touchdown_bonus,0.0,0.0,0.0,0.0,0.0
env_001,DERES,runs/env_001/paper_v4,1.0,,1,angular_vel_penalty,-0.1214823673171823,0.1214823673171823,-0.0011235993958875797,0.0011235993958875797,0.9980013324450366
env_001,DERES,runs/env_001/paper_v4,1.0,,1,landing_bonus,107.0,107.0,0.9896509099635116,0.9896509099635116,0.010967047609286117
env_001,DERES,runs/env_001/paper_v4,1.0,,1,shaped_progress,0.5480827552456617,0.997450200475923,0.00506925792022596,0.009225490640600787,0.9992825295956542
env_001,DERES,runs/env_001/paper_v4,1.0,,2,angular_vel_penalty,-0.33085187935088733,0.33085187935088733,-0.006477096393984317,0.006477096393984317,0.9976953973793375
env_001,DERES,runs/env_001/paper_v4,1.0,,2,landing_bonus,49.68284283876419,49.68284283876419,0.9726423885673661,0.9726423885673661,0.011983933627444526
env_001,DERES,runs/env_001/paper_v4,1.0,,2,shaped_progress,0.8292935482069204,1.0665824965593962,0.016235102732932678,0.02088051503864951,0.9980904721143082
env_001,DERES,runs/env_001/paper_v4,1.0,,3,angular_vel_penalty,-0.36423098641876933,0.36423098641876933,-0.0010542945924373664,0.0010542945924373664,0.992937140550903
env_001,DERES,runs/env_001/paper_v4,1.0,,3,landing_bonus,312.2425357282162,312.2425357282162,0.903810025017206,0.903810025017206,0.12763596004439512
env_001,DERES,runs/env_001/paper_v4,1.0,,3,shaped_progress,20.52408064083071,32.86686943171337,0.05940852931578366,0.09513568039035668,0.9982847341337907
env_001,DERES,runs/env_001/paper_v4,1.0,,4,angular_vel_penalty,-0.6877550406228226,0.6877550406228226,-0.014684579672552952,0.014684579672552952,0.9967511371020142
env_001,DERES,runs/env_001/paper_v4,1.0,,4,landing_bonus,20.35960340499878,20.35960340499878,0.4347074185476552,0.4347074185476552,0.008447043534762833
env_001,DERES,runs/env_001/paper_v4,1.0,,4,shaped_progress,24.53460765917771,25.787828938618624,0.5238498878608835,0.5506080017797917,1.0
env_001,DERES,runs/env_001/paper_v4,1.0,,5,angular_vel_penalty,-0.7251482100408432,0.7251482100408432,-0.00020947038653571035,0.00020947038653571035,0.9761266543809684
env_001,DERES,runs/env_001/paper_v4,1.0,,5,landing_bonus,3456.106415939331,3456.106415939331,0.9983503190535138,0.9983503190535138,0.07111744010722064
env_001,DERES,runs/env_001/paper_v4,1.0,,5,shaped_progress,4.35915554408818,4.985745846475571,0.001259210164413156,0.0014402105599505342,0.9962305243759424
env_001,DERES,runs/env_001/paper_v4,1.0,,6,angular_vel_penalty,-0.14384934533863422,0.14384934533863422,-0.024744911341294938,0.024744911341294938,0.99995
env_001,DERES,runs/env_001/paper_v4,1.0,,6,landing_quality,0.0,0.0,0.0,0.0,0.0
env_001,DERES,runs/env_001/paper_v4,1.0,,6,shaped_progress,4.607872144774816,5.669440642028375,0.7926444672101831,0.975255088658705,1.0
env_001,DERES,runs/env_001/paper_v4,1.0,,7,angular_vel_penalty,-2.1445770715076997,2.1445770715076997,-0.005392147556880812,0.005392147556880812,0.971954502040462
env_001,DERES,runs/env_001/paper_v4,1.0,,7,landing_bonus,390.2871540904045,390.2871540904045,0.9813058026079824,0.9813058026079824,0.06295042111661023
env_001,DERES,runs/env_001/paper_v4,1.0,,7,shaped_progress,3.4940419925729964,5.290521221750338,0.008785130758040842,0.013302049835136808,0.9923591212989494
env_001,DERES,runs/env_001/paper_v4,1.0,,8,angular_vel_penalty,-0.6748643083368143,0.6748643083368143,-0.0878237229011444,0.0878237229011444,0.9954218443427076
env_001,DERES,runs/env_001/paper_v4,1.0,,8,landing_bonus,1.4990090072154998,1.4990090072154998,0.1950741060828333,0.1950741060828333,0.010464355788096796
env_001,DERES,runs/env_001/paper_v4,1.0,,8,shaped_progress,5.25843882537406,5.510432086718675,0.6843089323102647,0.7171021710160222,0.999345977763244
env_001,DERES,runs/env_001/paper_v4,1.0,,9,angular_vel_penalty,-0.29753862545204546,0.29753862545204546,-0.00033118754854157044,0.00033118754854157044,0.791324200913242
env_001,DERES,runs/env_001/paper_v4,1.0,,9,landing_quality,892.8119677469134,892.8119677469134,0.9937809131753625,0.9937809131753625,1.0
env_001,DERES,runs/env_001/paper_v4,1.0,,9,shaped_progress,4.446378450275559,5.289683942298837,0.004949223572561564,0.005887899276095881,0.9987823439878234
env_001,DERES,runs/env_001/paper_v4,1.0,,10,angular_vel_penalty,-0.46128301151931167,0.46128301151931167,-0.0034907937268613743,0.0034907937268613743,0.9403141361256544
env_001,DERES,runs/env_001/paper_v4,1.0,,10,landing_quality_improvement,84.71662639379501,126.61854853332042,0.641099413139644,0.9581953462118842,0.9775617053103964
env_001,DERES,runs/env_001/paper_v4,1.0,,10,shaped_progress,4.677420303469246,5.062898049801264,0.035396728354390956,0.038313860061254465,0.9554225878833209
env_001,DERES,runs/env_001/paper_v4,2.0,,1,contact_completion,0.0,0.0,0.0,0.0,0.0
env_001,DERES,runs/env_001/paper_v4,2.0,,1,position_proximity,749.3110796958208,749.3110796958208,0.997267884723491,0.997267884723491,1.0
env_001,DERES,runs/env_001/paper_v4,2.0,,1,soft_landing_velocity,-0.3324309039171197,0.3324309039171197,-0.00044243662391956634,0.00044243662391956634,1.0
env_001,DERES,runs/env_001/paper_v4,2.0,,1,stable_orientation,-1.7203818649027451,1.7203818649027451,-0.002289678652589373,0.002289678652589373,1.0
env_001,DERES,runs/env_001/paper_v4,2.0,,2,contact_completion,724.455653500557,724.455653500557,0.6577500843208958,0.6577500843208958,1.0
env_001,DERES,runs/env_001/paper_v4,2.0,,2,position_proximity,375.5312941908836,375.5312941908836,0.34095356869072857,0.34095356869072857,1.0
env_001,DERES,runs/env_001/paper_v4,2.0,,2,soft_landing_velocity,-0.43667312376627565,0.43667312376627565,-0.0003964656533358338,0.0003964656533358338,0.9721818358049821
env_001,DERES,runs/env_001/paper_v4,2.0,,2,stable_orientation,-0.9911425877235376,0.9911425877235376,-0.0008998813350397665,0.0008998813350397665,1.0
env_001,DERES,runs/env_001/paper_v4,2.0,,3,contact_completion,736.8222148925066,736.8222148925066,0.496474201103967,0.496474201103967,1.0
env_001,DERES,runs/env_001/paper_v4,2.0,,3,position_proximity,745.1554198741912,745.1554198741912,0.5020891529909985,0.5020891529909985,1.0
env_001,DERES,runs/env_001/paper_v4,2.0,,3,soft_landing_velocity,-0.408948484080162,0.408948484080162,-0.00027555137158289495,0.00027555137158289495,0.9997833856817936
env_001,DERES,runs/env_001/paper_v4,2.0,,3,stable_orientation,-1.723191746791666,1.723191746791666,-0.0011610945334515352,0.0011610945334515352,1.0
env_001,DERES,runs/env_001/paper_v4,3.0,,1,contact_bonus,0.34548259489238264,0.34548259489238264,0.002086299758916874,0.002086299758916874,0.0268370607028754
env_001,DERES,runs/env_001/paper_v4,3.0,,1,orientation_penalty,-0.6113216958442035,0.6113216958442035,-0.0036916485099855803,0.0036916485099855803,1.0
env_001,DERES,runs/env_001/paper_v4,3.0,,1,proximity,-153.49867245212664,153.49867245212664,-0.926947545449251,0.926947545449251,1.0
env_001,DERES,runs/env_001/paper_v4,3.0,,1,velocity_penalty,-11.140379468970787,11.140379468970787,-0.06727450628184656,0.06727450628184656,0.9987220447284345
env_001,DERES,runs/env_001/paper_v4,3.0,,2,contact_bonus,367.9667349636555,367.9667349636555,0.9589234447198618,0.9589234447198618,0.76245
env_001,DERES,runs/env_001/paper_v4,3.0,,2,orientation_penalty,-4.014123522318365,4.014123522318365,-0.010460829172323811,0.010460829172323811,1.0
env_001,DERES,runs/env_001/paper_v4,3.0,,2,progress,7.041011327186425,7.274344936576381,0.018348916341157998,0.01895698508005429,1.0
env_001,DERES,runs/env_001/paper_v4,3.0,,2,velocity_penalty,-4.473797041248697,4.473797041248697,-0.01165874102776018,0.01165874102776018,1.0
env_001,DERES,runs/env_001/paper_v4,3.0,,3,orientation_penalty,-2.0408244123628987,2.0408244123628987,-0.16515912365105576,0.16515912365105576,1.0
env_001,DERES,runs/env_001/paper_v4,3.0,,3,progress,6.258317444473505,7.164319023489952,0.506470923416003,0.5797915020558773,1.0
env_001,DERES,runs/env_001/paper_v4,3.0,,3,settling_quality,0.0,0.0,0.0,0.0,0.0
env_001,DERES,runs/env_001/paper_v4,3.0,,3,velocity_penalty,-3.151572725191353,3.151572725191353,-0.255049374293067,0.255049374293067,1.0
env_001,DERES,runs/env_001/paper_v4,3.0,,4,landing_reward,35.08690886497497,35.08690886497497,0.7388321947029493,0.7388321947029493,0.1128141397404032
env_001,DERES,runs/env_001/paper_v4,3.0,,4,orientation_penalty,-1.9018765796035246,1.9018765796035246,-0.04004820295712341,0.04004820295712341,1.0
env_001,DERES,runs/env_001/paper_v4,3.0,,4,progress,6.9480972791614475,7.0819636449741665,0.14630750122581662,0.1491263525880422,0.9592653962993648
env_001,DERES,runs/env_001/paper_v4,3.0,,4,velocity_penalty,-3.4189368181950663,3.4189368181950663,-0.07199324975188523,0.07199324975188523,0.9661695664181166
env_001,DERES,runs/env_001/paper_v4,3.0,,5,engine_penalty,-17.027500000000106,17.027500000000106,-0.2688968929479974,0.2688968929479974,0.9084967320261438
env_001,DERES,runs/env_001/paper_v4,3.0,,5,landing_reward,33.129554082453254,33.129554082453254,0.5231792193524749,0.5231792193524749,0.10871015072695744
env_001,DERES,runs/env_001/paper_v4,3.0,,5,orientation_penalty,-2.522049273694371,2.522049273694371,-0.039827996685254184,0.039827996685254184,1.0
env_001,DERES,runs/env_001/paper_v4,3.0,,5,progress,6.9097460409451745,7.039832339802524,0.10911814661399923,0.11117245884878682,0.9623849539815926
env_001,DERES,runs/env_001/paper_v4,3.0,,5,velocity_penalty,-3.6045925654681263,3.6045925654681263,-0.056923432165486655,0.056923432165486655,0.9681205815659597
env_001,DERES,runs/env_001/paper_v4,3.0,,6,engine_penalty,-1.3962499999999893,1.3962499999999893,-0.013650410811569725,0.013650410811569725,0.6804337231968811
env_001,DERES,runs/env_001/paper_v4,3.0,,6,landing_reward,85.6339345432818,85.6339345432818,0.8371984858921231,0.8371984858921231,0.5017056530214425
env_001,DERES,runs/env_001/paper_v4,3.0,,6,orientation_penalty,-2.714379183732324,2.714379183732324,-0.026537074991097444,0.026537074991097444,1.0
env_001,DERES,runs/env_001/paper_v4,3.0,,6,progress,6.777172981628974,6.9768921782189866,0.06625689907989764,0.06820944989845473,0.9752680311890838
env_001,DERES,runs/env_001/paper_v4,3.0,,6,velocity_penalty,-5.564842966927213,5.564842966927213,-0.054404578406754917,0.054404578406754917,0.9791666666666666
env_001,DERES,runs/env_001/paper_v4,4.0,,1,fuel_penalty,-18.852999999999685,18.852999999999685,-0.0681370959319104,0.0681370959319104,0.94265
env_001,DERES,runs/env_001/paper_v4,4.0,,1,progress_reward,2.7076487660291604,2.979278261185391,0.009785780709746502,0.010767483620126642,0.99995
env_001,DERES,runs/env_001/paper_v4,4.0,,1,safe_contact_bonus,250.15179656147956,250.15179656147956,0.9040798260144036,0.9040798260144036,0.7369
env_001,DERES,runs/env_001/paper_v4,4.0,,1,stability_penalty,-4.708081515191973,4.708081515191973,-0.017015594433559374,0.017015594433559374,1.0
env_001,DERES,runs/env_001/paper_v4,4.0,,2,fuel_penalty,-13.952999999999792,13.952999999999792,-0.025557578853628783,0.025557578853628783,0.7690569365595546
env_001,DERES,runs/env_001/paper_v4,4.0,,2,progress_reward,2.6728190209454623,3.2754746815160614,0.0048957774592771125,0.005999656163972809,0.9974094692167779
env_001,DERES,runs/env_001/paper_v4,4.0,,2,safe_contact_bonus,521.6885813236237,521.6885813236237,0.9555720672411985,0.9555720672411985,0.08295210273934851
env_001,DERES,runs/env_001/paper_v4,4.0,,2,stability_penalty,-7.02667676822849,7.02667676822849,-0.012870697741200011,0.012870697741200011,1.0
env_001,DERES,runs/env_001/paper_v4,4.0,,3,fuel_penalty,-9.77099999999988,9.77099999999988,-0.03140114385579856,0.03140114385579856,0.7169271406559542
env_001,DERES,runs/env_001/paper_v4,4.0,,3,progress_reward,2.7687057612231003,2.850107966864016,0.00889781270111001,0.00915941564548722,0.9902413970210581
env_001,DERES,runs/env_001/paper_v4,4.0,,3,safe_contact_reward,294.20853304862976,294.20853304862976,0.9455004062904107,0.9455004062904107,0.5141976667400396
env_001,DERES,runs/env_001/paper_v4,4.0,,3,stability_penalty,-4.33736757727006,4.33736757727006,-0.013939034208303685,0.013939034208303685,1.0
env_001,DERES,runs/env_001/paper_v4,4.0,,4,fuel_penalty,-9.77099999999988,9.77099999999988,-0.03140114385579856,0.03140114385579856,0.7169271406559542
env_001,DERES,runs/env_001/paper_v4,4.0,,4,progress_reward,2.7687057612231003,2.850107966864016,0.00889781270111001,0.00915941564548722,0.9902413970210581
env_001,DERES,runs/env_001/paper_v4,4.0,,4,safe_contact_reward,294.20853304862976,294.20853304862976,0.9455004062904107,0.9455004062904107,0.5141976667400396
env_001,DERES,runs/env_001/paper_v4,4.0,,4,stability_penalty,-4.33736757727006,4.33736757727006,-0.013939034208303685,0.013939034208303685,1.0
env_001,DERES,runs/env_001/paper_v4,4.0,,5,fuel_penalty,-13.257999999999804,13.257999999999804,-0.006809967480776296,0.006809967480776296,0.7948441247002398
env_001,DERES,runs/env_001/paper_v4,4.0,,5,progress_reward,2.521105366689153,3.032518348970916,0.001294964969283752,0.0015576520848808015,0.9979616306954436
env_001,DERES,runs/env_001/paper_v4,4.0,,5,safe_contact_reward,1922.5263095974922,1922.5263095974922,0.987505027100315,0.987505027100315,0.06912470023980816
env_001,DERES,runs/env_001/paper_v4,4.0,,5,stability_penalty,-8.03534681435856,8.03534681435856,-0.004127353334027908,0.004127353334027908,1.0
env_001,w/o HEP,runs/env_001/ablation_unconstrained_v4,0.0,,1,engine_efficiency,-0.19,0.19,-0.002719584995620265,0.002719584995620265,0.027798098024871983
env_001,w/o HEP,runs/env_001/ablation_unconstrained_v4,0.0,,1,orientation_penalty,-1.231779996148448,1.231779996148448,-0.017631212607528986,0.017631212607528986,1.0
env_001,w/o HEP,runs/env_001/ablation_unconstrained_v4,0.0,,1,progress_to_goal,-66.53844882119446,66.53844882119446,-0.9524050897156179,0.9524050897156179,1.0
env_001,w/o HEP,runs/env_001/ablation_unconstrained_v4,0.0,,1,successful_settle_proxy,1.903371807746589,1.903371807746589,0.027244112681232863,0.027244112681232863,0.03145574250182882
env_001,w/o HEP,runs/env_001/ablation_unconstrained_v4,0.0,,2,distance_penalty,-65.74551017456687,65.74551017456687,-0.043134734923890146,0.043134734923890146,1.0
env_001,w/o HEP,runs/env_001/ablation_unconstrained_v4,0.0,,2,engine_penalty,-32.90999999999996,32.90999999999996,-0.021591803342555397,0.021591803342555397,0.8855105610117046
env_001,w/o HEP,runs/env_001/ablation_unconstrained_v4,0.0,,2,orientation_penalty,-0.76218106015659,0.76218106015659,-0.0005000566260201001,0.0005000566260201001,1.0
env_001,w/o HEP,runs/env_001/ablation_unconstrained_v4,0.0,,2,progress_delta,1.2400628190487624,1.4807619113475083,0.0008135883476546876,0.0009715077480085655,0.988160904076416
env_001,w/o HEP,runs/env_001/ablation_unconstrained_v4,0.0,,2,settle_reward,1371.660416983813,1371.660416983813,0.8999277416068691,0.8999277416068691,1.0
env_001,w/o HEP,runs/env_001/ablation_unconstrained_v4,0.0,,2,velocity_damping,-51.63063261245849,51.63063261245849,-0.03387415575265671,0.03387415575265671,0.9991927889143011
env_001,w/o HEP,runs/env_001/ablation_unconstrained_v4,0.0,,3,distance_penalty,-33.30111790681258,33.30111790681258,-0.5216654405915382,0.5216654405915382,1.0
env_001,w/o HEP,runs/env_001/ablation_unconstrained_v4,0.0,,3,engine_penalty,-0.1825,0.1825,-0.0028588812896422127,0.0028588812896422127,0.0533625730994152
env_001,w/o HEP,runs/env_001/ablation_unconstrained_v4,0.0,,3,orientation_penalty,-0.6362677708854108,0.6362677708854108,-0.009967200139104982,0.009967200139104982,1.0
env_001,w/o HEP,runs/env_001/ablation_unconstrained_v4,0.0,,3,progress_delta,3.344923413544893,3.464371955394745,0.05239856965627209,0.05426974336240681,1.0
env_001,w/o HEP,runs/env_001/ablation_unconstrained_v4,0.0,,3,settle_delta,5.716837105154991,6.043372735381126,0.08955484184032853,0.09467005610693141,1.0
env_001,w/o HEP,runs/env_001/ablation_unconstrained_v4,0.0,,3,velocity_damping,-20.208528432943094,20.208528432943094,-0.3165686785103763,0.3165686785103763,1.0
env_001,w/o HEP,runs/env_001/ablation_unconstrained_v4,0.0,,4,distance_penalty,-37.122615146322644,37.122615146322644,-0.06569646878424545,0.06569646878424545,1.0
env_001,w/o HEP,runs/env_001/ablation_unconstrained_v4,0.0,,4,engine_penalty,-4.885499999999999,4.885499999999999,-0.008645945254135074,0.008645945254135074,0.6166224914804999
env_001,w/o HEP,runs/env_001/ablation_unconstrained_v4,0.0,,4,landing_bonus,298.0,298.0,0.5273752299114222,0.5273752299114222,0.02820901173797804
env_001,w/o HEP,runs/env_001/ablation_unconstrained_v4,0.0,,4,orientation_penalty,-0.2867984400585379,0.2867984400585379,-0.0005075516552486867,0.0005075516552486867,1.0
env_001,w/o HEP,runs/env_001/ablation_unconstrained_v4,0.0,,4,progress_delta,7.095325416885316,11.891254891641438,0.012556707627604868,0.02104413853159304,0.9918591442635365
env_001,w/o HEP,runs/env_001/ablation_unconstrained_v4,0.0,,4,settle_reward,201.6522820290178,201.6522820290178,0.3568671765007255,0.3568671765007255,1.0
env_001,w/o HEP,runs/env_001/ablation_unconstrained_v4,0.0,,4,velocity_damping,-11.22411424415591,11.22411424415591,-0.01986348936263017,0.01986348936263017,0.9988640666414237
env_001,w/o HEP,runs/env_001/ablation_unconstrained_v4,0.0,,5,distance_penalty,-19.952802596986295,19.952802596986295,-0.471303972727858,0.471303972727858,1.0
env_001,w/o HEP,runs/env_001/ablation_unconstrained_v4,0.0,,5,engine_penalty,-0.1065,0.1065,-0.0025156302154314024,0.0025156302154314024,0.05193855157278712
env_001,w/o HEP,runs/env_001/ablation_unconstrained_v4,0.0,,5,landing_reward,1.430446743965149,1.430446743965149,0.0337884981284901,0.0337884981284901,0.0036576444769568397
env_001,w/o HEP,runs/env_001/ablation_unconstrained_v4,0.0,,5,orientation_penalty,-0.22738935558818443,0.22738935558818443,-0.00537115055009495,0.00537115055009495,1.0
env_001,w/o HEP,runs/env_001/ablation_unconstrained_v4,0.0,,5,progress_delta,13.414139248430729,13.883727125823498,0.3168545916183721,0.3279466991598702,1.0
env_001,w/o HEP,runs/env_001/ablation_unconstrained_v4,0.0,,5,velocity_damping,-6.7344501341342555,6.7344501341342555,-0.15907404921825535,0.15907404921825535,1.0
env_001,w/o HEP,runs/env_001/ablation_unconstrained_v4,0.0,,6,distance_penalty,-88.17693001954467,88.17693001954467,-0.027697732641316492,0.027697732641316492,1.0
env_001,w/o HEP,runs/env_001/ablation_unconstrained_v4,0.0,,6,engine_penalty,-29.18700000000035,29.18700000000035,-0.009168086509962719,0.009168086509962719,0.9729
env_001,w/o HEP,runs/env_001/ablation_unconstrained_v4,0.0,,6,orientation_penalty,-0.22780910008497673,0.22780910008497673,-7.15583491738033e-05,7.15583491738033e-05,1.0
env_001,w/o HEP,runs/env_001/ablation_unconstrained_v4,0.0,,6,progress_delta,20.17086775257485,22.77811008511344,0.006335980420619497,0.0071549554182948494,1.0
env_001,w/o HEP,runs/env_001/ablation_unconstrained_v4,0.0,,6,proximity_reward,1384.6762136518955,1384.6762136518955,0.43494813838517304,0.43494813838517304,1.0
env_001,w/o HEP,runs/env_001/ablation_unconstrained_v4,0.0,,6,stable_landing_bonus,1649.524492902107,1649.524492902107,0.518141064557122,0.518141064557122,0.96465
env_001,w/o HEP,runs/env_001/ablation_unconstrained_v4,0.0,,6,velocity_damping,-8.972702508244037,8.972702508244037,-0.002818464138957064,0.002818464138957064,1.0
env_001,w/o HEP,runs/env_001/ablation_unconstrained_v4,0.0,,7,distance_penalty,-88.17693001954467,88.17693001954467,-0.027697732641316492,0.027697732641316492,1.0
env_001,w/o HEP,runs/env_001/ablation_unconstrained_v4,0.0,,7,engine_penalty,-29.18700000000035,29.18700000000035,-0.009168086509962719,0.009168086509962719,0.9729
env_001,w/o HEP,runs/env_001/ablation_unconstrained_v4,0.0,,7,orientation_penalty,-0.22780910008497673,0.22780910008497673,-7.15583491738033e-05,7.15583491738033e-05,1.0
env_001,w/o HEP,runs/env_001/ablation_unconstrained_v4,0.0,,7,progress_delta,20.17086775257485,22.77811008511344,0.006335980420619497,0.0071549554182948494,1.0
env_001,w/o HEP,runs/env_001/ablation_unconstrained_v4,0.0,,7,proximity_reward,1384.6762136518955,1384.6762136518955,0.43494813838517304,0.43494813838517304,1.0
env_001,w/o HEP,runs/env_001/ablation_unconstrained_v4,0.0,,7,stable_landing_bonus,1649.524492902107,1649.524492902107,0.518141064557122,0.518141064557122,0.96465
env_001,w/o HEP,runs/env_001/ablation_unconstrained_v4,0.0,,7,velocity_damping,-8.972702508244037,8.972702508244037,-0.002818464138957064,0.002818464138957064,1.0
env_001,w/o HEP,runs/env_001/ablation_unconstrained_v4,0.0,,8,distance_penalty,-33.27001910386607,33.27001910386607,-0.3718741257945454,0.3718741257945454,1.0
env_001,w/o HEP,runs/env_001/ablation_unconstrained_v4,0.0,,8,engine_penalty,-0.2875,0.2875,-0.003213518177797142,0.003213518177797142,0.08400292184075968
env_001,w/o HEP,runs/env_001/ablation_unconstrained_v4,0.0,,8,orientation_penalty,-0.234627468632764,0.234627468632764,-0.002622537862476229,0.002622537862476229,1.0
env_001,w/o HEP,runs/env_001/ablation_unconstrained_v4,0.0,,8,progress_delta,44.78525869548321,46.32301677763462,0.5005851927488097,0.5177734137924551,1.0
env_001,w/o HEP,runs/env_001/ablation_unconstrained_v4,0.0,,8,stable_landing_bonus,4.178747569769621,4.178747569769621,0.046707760959583684,0.046707760959583684,0.005843681519357195
env_001,w/o HEP,runs/env_001/ablation_unconstrained_v4,0.0,,8,velocity_damping,-5.171896986956337,5.171896986956337,-0.057808643413142465,0.057808643413142465,1.0
env_001,w/o HEP,runs/env_001/ablation_unconstrained_v4,0.0,,9,distance_penalty,-33.27001910386607,33.27001910386607,-0.3718741257945454,0.3718741257945454,1.0
env_001,w/o HEP,runs/env_001/ablation_unconstrained_v4,0.0,,9,engine_penalty,-0.2875,0.2875,-0.003213518177797142,0.003213518177797142,0.08400292184075968
env_001,w/o HEP,runs/env_001/ablation_unconstrained_v4,0.0,,9,orientation_penalty,-0.234627468632764,0.234627468632764,-0.002622537862476229,0.002622537862476229,1.0
env_001,w/o HEP,runs/env_001/ablation_unconstrained_v4,0.0,,9,progress_delta,44.78525869548321,46.32301677763462,0.5005851927488097,0.5177734137924551,1.0
env_001,w/o HEP,runs/env_001/ablation_unconstrained_v4,0.0,,9,stable_landing_bonus,4.178747569769621,4.178747569769621,0.046707760959583684,0.046707760959583684,0.005843681519357195
env_001,w/o HEP,runs/env_001/ablation_unconstrained_v4,0.0,,9,velocity_damping,-5.171896986956337,5.171896986956337,-0.057808643413142465,0.057808643413142465,1.0
env_001,w/o HEP,runs/env_001/ablation_unconstrained_v4,0.0,,10,distance_penalty,-30.616548571083694,30.616548571083694,-0.010242116706717274,0.010242116706717274,1.0
env_001,w/o HEP,runs/env_001/ablation_unconstrained_v4,0.0,,10,engine_penalty,-13.132500000000055,13.132500000000055,-0.004393199231411743,0.004393199231411743,0.6380420259929552
env_001,w/o HEP,runs/env_001/ablation_unconstrained_v4,0.0,,10,orientation_penalty,-1.8334894256221181,1.8334894256221181,-0.0006133549846140958,0.0006133549846140958,1.0
env_001,w/o HEP,runs/env_001/ablation_unconstrained_v4,0.0,,10,progress_delta,13.80281168371439,15.835128231346607,0.004617437782616777,0.005297306162212679,0.9846957366695008
env_001,w/o HEP,runs/env_001/ablation_unconstrained_v4,0.0,,10,settle_reward,2796.576483931276,2796.576483931276,0.9355353253219862,0.9355353253219862,0.7903558848536378
env_001,w/o HEP,runs/env_001/ablation_unconstrained_v4,0.0,,10,speed_penalty,-131.2852583640954,131.2852583640954,-0.04391869759305795,0.04391869759305795,0.9981780638892263
env_001,w/o HEP,runs/env_001/ablation_unconstrained_v4,1.0,,1,distance_progress,1.1990186009556054,1.4583558470010758,0.1990520011243179,0.24210520959854726,1.0
env_001,w/o HEP,runs/env_001/ablation_unconstrained_v4,1.0,,1,posture_penalty,-0.4510731542908065,0.4510731542908065,-0.07488375404975696,0.07488375404975696,1.0
env_001,w/o HEP,runs/env_001/ablation_unconstrained_v4,1.0,,1,soft_landing_bonus,4.114216047153315,4.114216047153315,0.6830110363516958,0.6830110363516958,0.007675438596491228
env_001,w/o HEP,runs/env_001/ablation_unconstrained_v4,1.0,,2,angle_global,-0.08573198473379658,0.08573198473379658,-0.00012382068236480872,0.00012382068236480872,0.9998983016373436
env_001,w/o HEP,runs/env_001/ablation_unconstrained_v4,1.0,,2,angle_near,-0.4305009896064688,0.4305009896064688,-0.0006217624199103016,0.0006217624199103016,0.9999491508186719
env_001,w/o HEP,runs/env_001/ablation_unconstrained_v4,1.0,,2,angvel_global,-0.006700759263442508,0.006700759263442508,-9.677748473198354e-06,9.677748473198354e-06,0.9995423573680464
env_001,w/o HEP,runs/env_001/ablation_unconstrained_v4,1.0,,2,angvel_near,-0.056520760382847146,0.056520760382847146,-8.163160038942983e-05,8.163160038942983e-05,0.9999491508186719
env_001,w/o HEP,runs/env_001/ablation_unconstrained_v4,1.0,,2,contact_reward,7.571002042293548,7.571002042293548,0.01093461958186295,0.01093461958186295,0.002288213159768128
env_001,w/o HEP,runs/env_001/ablation_unconstrained_v4,1.0,,2,distance_progress,3.344685595482588,3.8828420497477056,0.00483065047443304,0.005607897141392153,0.9999491508186719
env_001,w/o HEP,runs/env_001/ablation_unconstrained_v4,1.0,,2,proximity_shaping,677.1910958766937,677.1910958766937,0.978051118764897,0.978051118764897,1.0
env_001,w/o HEP,runs/env_001/ablation_unconstrained_v4,1.0,,2,speed_penalty,-3.163848732444477,3.163848732444477,-0.004569472060710123,0.004569472060710123,1.0
env_001,w/o HEP,runs/env_001/ablation_unconstrained_v4,1.0,,3,angle_penalty,-0.10306661593287449,0.10306661593287449,-0.001290466755867915,0.001290466755867915,0.999846923155424
env_001,w/o HEP,runs/env_001/ablation_unconstrained_v4,1.0,,3,angvel_penalty,-0.008896772121852106,0.008896772121852106,-0.00011139386457841949,0.00011139386457841949,0.999693846310848
env_001,w/o HEP,runs/env_001/ablation_unconstrained_v4,1.0,,3,contact_reward,20.25,20.25,0.25354428851476574,0.25354428851476574,0.003010511276660884
env_001,w/o HEP,runs/env_001/ablation_unconstrained_v4,1.0,,3,distance_progress,4.138454459607601,7.234322488307953,0.05181636995120832,0.09057882213256344,1.0
env_001,w/o HEP,runs/env_001/ablation_unconstrained_v4,1.0,,3,landing_bonus,0.0,0.0,0.0,0.0,0.0
env_001,w/o HEP,runs/env_001/ablation_unconstrained_v4,1.0,,3,speed_penalty,-3.2764173900860234,3.2764173900860234,-0.041023057582556366,0.041023057582556366,1.0
env_001,w/o HEP,runs/env_001/ablation_unconstrained_v4,1.0,,3,step_penalty,-48.994999999999344,48.994999999999344,-0.6134519711496681,0.6134519711496681,1.0
env_001,w/o HEP,runs/env_001/ablation_unconstrained_v4,1.0,,4,angle_penalty,-0.21020168925330782,0.21020168925330782,-0.00011493290519705998,0.00011493290519705998,1.0
env_001,w/o HEP,runs/env_001/ablation_unconstrained_v4,1.0,,4,angvel_penalty,-0.034771349833271833,0.034771349833271833,-1.9012084385037122e-05,1.9012084385037122e-05,0.977462179685088
env_001,w/o HEP,runs/env_001/ablation_unconstrained_v4,1.0,,4,contact_reward,171.2,171.2,0.09360777945996944,0.09360777945996944,0.07548626119172584
env_001,w/o HEP,runs/env_001/ablation_unconstrained_v4,1.0,,4,distance_progress,2.4271771733183414,2.4271771733183414,0.0013271183735412112,0.0013271183735412112,0.8850725532571782
env_001,w/o HEP,runs/env_001/ablation_unconstrained_v4,1.0,,4,landing_bonus,1655.0356712065636,1655.0356712065636,0.9049311571769072,0.9049311571769072,0.02840382834208089
env_001,w/o HEP,runs/env_001/ablation_unconstrained_v4,1.0,,5,alive_penalty,-4.382499999999929,4.382499999999929,-0.20162621645150677,0.20162621645150677,1.0
env_001,w/o HEP,runs/env_001/ablation_unconstrained_v4,1.0,,5,angle_penalty,-0.18618166717306905,0.18618166717306905,-0.008565682857898509,0.008565682857898509,1.0
env_001,w/o HEP,runs/env_001/ablation_unconstrained_v4,1.0,,5,angvel_penalty,-0.02078214254010115,0.02078214254010115,-0.0009561265875907744,0.0009561265875907744,0.9998859098687963
env_001,w/o HEP,runs/env_001/ablation_unconstrained_v4,1.0,,5,contact_reward,0.0,0.0,0.0,0.0,0.0
env_001,w/o HEP,runs/env_001/ablation_unconstrained_v4,1.0,,5,distance_progress,2.8401113599538803,7.059300899505615,0.13066535260888842,0.3247781246229455,1.0
env_001,w/o HEP,runs/env_001/ablation_unconstrained_v4,1.0,,5,landing_bonus,0.0,0.0,0.0,0.0,0.0
env_001,w/o HEP,runs/env_001/ablation_unconstrained_v4,1.0,,5,main_engine_penalty,-10.086999999999874,10.086999999999874,-0.4640738494800584,0.4640738494800584,0.5754135767256132
env_001,w/o HEP,runs/env_001/ablation_unconstrained_v4,1.0,,6,angle_penalty,-0.11819333702519699,0.11819333702519699,-0.044636637255446115,0.044636637255446115,0.9999
env_001,w/o HEP,runs/env_001/ablation_unconstrained_v4,1.0,,6,angvel_penalty,-0.01210958673532088,0.01210958673532088,-0.0045732800513335805,0.0045732800513335805,0.9995
env_001,w/o HEP,runs/env_001/ablation_unconstrained_v4,1.0,,6,contact_reward,0.0,0.0,0.0,0.0,0.0
env_001,w/o HEP,runs/env_001/ablation_unconstrained_v4,1.0,,6,distance_progress,1.5162681579589843,2.5175967454910277,0.5726305175254515,0.9507900826932203,0.99995
env_001,w/o HEP,runs/env_001/ablation_unconstrained_v4,1.0,,6,landing_bonus,0.0,0.0,0.0,0.0,0.0
env_001,w/o HEP,runs/env_001/ablation_unconstrained_v4,1.0,,7,altitude_penalty,-127.47690663497197,127.47690663497197,-0.8128707099033794,0.8128707099033794,1.0
env_001,w/o HEP,runs/env_001/ablation_unconstrained_v4,1.0,,7,angle_penalty,-0.27310456075968587,0.27310456075968587,-0.0017414816851358504,0.0017414816851358504,1.0
env_001,w/o HEP,runs/env_001/ablation_unconstrained_v4,1.0,,7,angvel_penalty,-0.3090231880763068,0.3090231880763068,-0.001970520817448829,0.001970520817448829,1.0
env_001,w/o HEP,runs/env_001/ablation_unconstrained_v4,1.0,,7,contact_reward,17.0,17.0,0.10840239564274463,0.10840239564274463,0.04297159504734159
env_001,w/o HEP,runs/env_001/ablation_unconstrained_v4,1.0,,7,distance_progress,11.314638778567314,11.649068087339401,0.07214905584876441,0.07428158162782567,1.0
env_001,w/o HEP,runs/env_001/ablation_unconstrained_v4,1.0,,7,fuel_penalty,-0.115,0.115,-0.0007333103234656255,0.0007333103234656255,0.016751638747268753
env_001,w/o HEP,runs/env_001/ablation_unconstrained_v4,1.0,,7,landing_bonus,0.0,0.0,0.0,0.0,0.0
env_001,w/o HEP,runs/env_001/ablation_unconstrained_v4,2.0,,1,contact_establishment,3.4,3.4,0.03862295163654518,0.03862295163654518,0.032116788321167884
env_001,w/o HEP,runs/env_001/ablation_unconstrained_v4,2.0,,1,goal_proximity,-73.9331464085728,73.9331464085728,-0.839857746492918,0.839857746492918,1.0
env_001,w/o HEP,runs/env_001/ablation_unconstrained_v4,2.0,,1,soft_landing_stabilization,-9.302658074196628,9.302658074196628,-0.10567532732088616,0.10567532732088616,0.9978102189781022
env_001,w/o HEP,runs/env_001/ablation_unconstrained_v4,2.0,,1,upright_attitude,-1.394753927036499,1.394753927036499,-0.015843974549650638,0.015843974549650638,1.0
env_001,w/o HEP,runs/env_001/ablation_unconstrained_v4,2.0,,2,att_penalty,-0.08980987533260162,0.08980987533260162,-0.007233436856264933,0.007233436856264933,0.0322
env_001,w/o HEP,runs/env_001/ablation_unconstrained_v4,2.0,,2,contact_bonus,0.0,0.0,0.0,0.0,0.0
env_001,w/o HEP,runs/env_001/ablation_unconstrained_v4,2.0,,2,horizontal_penalty,-10.761334335870774,10.761334335870774,-0.8667357806633096,0.8667357806633096,1.0
env_001,w/o HEP,runs/env_001/ablation_unconstrained_v4,2.0,,2,progress,1.1893679343163968,1.479589868336916,0.09579367324453779,0.11916863091223263,0.99995
env_001,w/o HEP,runs/env_001/ablation_unconstrained_v4,2.0,,2,vel_penalty,-0.08520002166315237,0.08520002166315237,-0.006862151568192856,0.006862151568192856,0.01115
env_001,w/o HEP,runs/env_001/ablation_unconstrained_v4,2.0,,3,alignment,479.4013706877828,479.4013706877828,0.32340835403125123,0.32340835403125123,1.0
env_001,w/o HEP,runs/env_001/ablation_unconstrained_v4,2.0,,3,att_penalty,-0.01444375564271825,0.01444375564271825,-9.743883776843256e-06,9.743883776843256e-06,0.025930851063829786
env_001,w/o HEP,runs/env_001/ablation_unconstrained_v4,2.0,,3,contact_reward,633.9301687378436,633.9301687378436,0.4276548315832425,0.4276548315832425,0.2601779869067103
env_001,w/o HEP,runs/env_001/ablation_unconstrained_v4,2.0,,3,height_near_reward,356.2992934539914,356.2992934539914,0.2403626169719454,0.2403626169719454,0.8572013093289689
env_001,w/o HEP,runs/env_001/ablation_unconstrained_v4,2.0,,3,horizontal_penalty,-1.0019600376914224,1.0019600376914224,-0.0006759309972976916,0.0006759309972976916,1.0
env_001,w/o HEP,runs/env_001/ablation_unconstrained_v4,2.0,,3,progress,6.293329754841397,8.721257763644099,0.004245535248406045,0.005883436700182735,1.0
env_001,w/o HEP,runs/env_001/ablation_unconstrained_v4,2.0,,3,vel_penalty,-0.023367690880127957,0.023367690880127957,-1.5764048471974583e-05,1.5764048471974583e-05,0.014167348608837971
env_001,w/o HEP,runs/env_001/ablation_unconstrained_v4,2.0,,3,y_progress,2.8184765432310086,2.9488526750170423,0.0019013689060052173,0.001989321783831558,0.9313625204582652
env_001,w/o HEP,runs/env_001/ablation_unconstrained_v4,2.0,,4,alignment,493.77920697927476,493.77920697927476,0.9567950272314494,0.9567950272314494,1.0
env_001,w/o HEP,runs/env_001/ablation_unconstrained_v4,2.0,,4,any_contact_reward,0.0,0.0,0.0,0.0,0.0
env_001,w/o HEP,runs/env_001/ablation_unconstrained_v4,2.0,,4,att_penalty,-0.00468490082558679,0.00468490082558679,-9.077923390933906e-06,9.077923390933906e-06,0.01635
env_001,w/o HEP,runs/env_001/ablation_unconstrained_v4,2.0,,4,height_near_reward,0.0,0.0,0.0,0.0,0.0
env_001,w/o HEP,runs/env_001/ablation_unconstrained_v4,2.0,,4,progress,6.624235291033983,7.48343682102859,0.012835768084374628,0.014500641249685937,1.0
env_001,w/o HEP,runs/env_001/ablation_unconstrained_v4,2.0,,4,stable_contact_reward,0.0,0.0,0.0,0.0,0.0
env_001,w/o HEP,runs/env_001/ablation_unconstrained_v4,2.0,,4,vel_penalty,-0.019312377403459535,0.019312377403459535,-3.7421556846606274e-05,3.7421556846606274e-05,0.01335
env_001,w/o HEP,runs/env_001/ablation_unconstrained_v4,2.0,,4,y_progress,13.406476000323892,14.789627010002732,0.02597770296622892,0.028657832038627103,0.99995
env_001,w/o HEP,runs/env_001/ablation_unconstrained_v4,2.0,,5,alignment,372.46166648077525,372.46166648077525,0.17803681419289863,0.17803681419289863,0.8959432805586651
env_001,w/o HEP,runs/env_001/ablation_unconstrained_v4,2.0,,5,any_contact_reward,42.5,42.5,0.020315015702666257,0.020315015702666257,0.009062316754624447
env_001,w/o HEP,runs/env_001/ablation_unconstrained_v4,2.0,,5,att_penalty,-0.051837489622237436,0.051837489622237436,-2.4778339192060062e-05,2.4778339192060062e-05,0.0456847379924303
env_001,w/o HEP,runs/env_001/ablation_unconstrained_v4,2.0,,5,height_near_reward,1654.128514111042,1654.128514111042,0.790674040903384,0.790674040903384,0.8959432805586651
env_001,w/o HEP,runs/env_001/ablation_unconstrained_v4,2.0,,5,horizontal_penalty,-2.482980926706353,2.482980926706353,-0.0011868658003637736,0.0011868658003637736,1.0
env_001,w/o HEP,runs/env_001/ablation_unconstrained_v4,2.0,,5,progress,4.275863163173199,6.824598215520382,0.002043864171819194,0.003262160468533757,1.0
env_001,w/o HEP,runs/env_001/ablation_unconstrained_v4,2.0,,5,stable_contact_reward,0.0,0.0,0.0,0.0,0.0
env_001,w/o HEP,runs/env_001/ablation_unconstrained_v4,2.0,,5,vel_penalty,-0.008213660306094318,0.008213660306094318,-3.92613266105112e-06,3.92613266105112e-06,0.01156778079855003
env_001,w/o HEP,runs/env_001/ablation_unconstrained_v4,2.0,,5,y_progress,11.883928459137678,13.59078125283122,0.0056805221942763376,0.006496398460300434,0.9998933845087691
env_001,w/o HEP,runs/env_001/ablation_unconstrained_v4,2.0,,6,alignment,19.234215250590044,19.234215250590044,0.1740345844403899,0.1740345844403899,0.6964302358094883
env_001,w/o HEP,runs/env_001/ablation_unconstrained_v4,2.0,,6,any_contact_reward,7.5,7.5,0.06786132765478348,0.06786132765478348,0.00699039985087147
env_001,w/o HEP,runs/env_001/ablation_unconstrained_v4,2.0,,6,att_penalty,-0.0100611672556701,0.0100611672556701,-9.103522236354766e-05,9.103522236354766e-05,0.034765588591667444
env_001,w/o HEP,runs/env_001/ablation_unconstrained_v4,2.0,,6,height_near_reward,71.09414112823049,71.09414112823049,0.6432723740584356,0.6432723740584356,0.6964302358094883
env_001,w/o HEP,runs/env_001/ablation_unconstrained_v4,2.0,,6,horizontal_penalty,-3.6115187855851922,3.6115187855851922,-0.03267766128533366,0.03267766128533366,0.9999067946686551
env_001,w/o HEP,runs/env_001/ablation_unconstrained_v4,2.0,,6,progress,0.7921692073345185,2.9850369155406953,0.007167687218261049,0.02700914242495085,1.0
env_001,w/o HEP,runs/env_001/ablation_unconstrained_v4,2.0,,6,stable_contact_reward,0.0,0.0,0.0,0.0,0.0
env_001,w/o HEP,runs/env_001/ablation_unconstrained_v4,2.0,,6,vel_penalty,-0.008769681816683039,0.008769681816683039,-7.93496334920166e-05,7.93496334920166e-05,0.025911082113896915
env_001,w/o HEP,runs/env_001/ablation_unconstrained_v4,2.0,,6,y_progress,5.759473141282797,6.075757045298815,0.05211273252793559,0.05497452528025094,1.0
env_001,w/o HEP,runs/env_001/ablation_unconstrained_v4,2.0,,7,alignment,219.240640437603,219.240640437603,0.04392789287420297,0.04392789287420297,1.0
env_001,w/o HEP,runs/env_001/ablation_unconstrained_v4,2.0,,7,angvel_penalty,-1.9702443942809587,1.9702443942809587,-0.0003947656990748714,0.0003947656990748714,0.07699598979219832
env_001,w/o HEP,runs/env_001/ablation_unconstrained_v4,2.0,,7,att_penalty,-2.408607941716319,2.408607941716319,-0.0004825978953011754,0.0004825978953011754,0.11746263215457528
env_001,w/o HEP,runs/env_001/ablation_unconstrained_v4,2.0,,7,contact_reward,16.9,16.9,0.0033861486086349743,0.0033861486086349743,0.012322274881516588
env_001,w/o HEP,runs/env_001/ablation_unconstrained_v4,2.0,,7,down_penalty,-0.007634948145144449,0.007634948145144449,-1.5297673987385243e-06,1.5297673987385243e-06,0.004374772147283996
env_001,w/o HEP,runs/env_001/ablation_unconstrained_v4,2.0,,7,height_near,4738.597270949615,4738.597270949615,0.9494434648465994,0.9494434648465994,1.0
env_001,w/o HEP,runs/env_001/ablation_unconstrained_v4,2.0,,7,lat_penalty,-7.154756897663152,7.154756897663152,-0.00143355444462388,0.00143355444462388,0.25395552314983594
env_001,w/o HEP,runs/env_001/ablation_unconstrained_v4,2.0,,7,progress,1.4695935733616352,4.641785379499197,0.0002944533866093137,0.000930045864164105,1.0
env_001,w/o HEP,runs/env_001/ablation_unconstrained_v4,2.0,,8,alignment,1866.8130723148583,1866.8130723148583,0.9874136329298623,0.9874136329298623,1.0
env_001,w/o HEP,runs/env_001/ablation_unconstrained_v4,2.0,,8,angvel_penalty,-0.6947738073726847,0.6947738073726847,-0.000367486782354537,0.000367486782354537,0.10905
env_001,w/o HEP,runs/env_001/ablation_unconstrained_v4,2.0,,8,att_penalty,-2.004364082536744,2.004364082536744,-0.0010601685031043824,0.0010601685031043824,0.1591
env_001,w/o HEP,runs/env_001/ablation_unconstrained_v4,2.0,,8,contact_reward,0.0,0.0,0.0,0.0,0.0
env_001,w/o HEP,runs/env_001/ablation_unconstrained_v4,2.0,,8,down_penalty,-0.23896685687478794,0.23896685687478794,-0.0001263967645158892,0.0001263967645158892,0.00395
env_001,w/o HEP,runs/env_001/ablation_unconstrained_v4,2.0,,8,height_near,0.0,0.0,0.0,0.0,0.0
env_001,w/o HEP,runs/env_001/ablation_unconstrained_v4,2.0,,8,lat_penalty,-5.218177476556012,5.218177476556012,-0.0027600511566001763,0.0027600511566001763,0.05965
env_001,w/o HEP,runs/env_001/ablation_unconstrained_v4,2.0,,8,still_bonus,15.639616269338877,15.639616269338877,0.008272263863562815,0.008272263863562815,0.6704
env_001,w/o HEP,runs/env_001/ablation_unconstrained_v4,2.0,,9,alignment,231.12286736462266,231.12286736462266,0.3118610467909013,0.3118610467909013,1.0
env_001,w/o HEP,runs/env_001/ablation_unconstrained_v4,2.0,,9,angvel_penalty,-1.1720415054682005,1.1720415054682005,-0.0015814709074245638,0.0015814709074245638,0.15651841954571483
env_001,w/o HEP,runs/env_001/ablation_unconstrained_v4,2.0,,9,att_penalty,-2.4978582480978675,2.4978582480978675,-0.0033704353743506943,0.0033704353743506943,0.1572182986575046
env_001,w/o HEP,runs/env_001/ablation_unconstrained_v4,2.0,,9,contact_reward,0.0,0.0,0.0,0.0,0.0
env_001,w/o HEP,runs/env_001/ablation_unconstrained_v4,2.0,,9,descend_vel,1.1408449986266818,1.1408449986266818,0.001539376521045794,0.001539376521045794,0.6372081185976968
env_001,w/o HEP,runs/env_001/ablation_unconstrained_v4,2.0,,9,down_penalty,0.0,0.0,0.0,0.0,0.0
env_001,w/o HEP,runs/env_001/ablation_unconstrained_v4,2.0,,9,height_near,494.3297841668129,494.3297841668129,0.6670140679198745,0.6670140679198745,1.0
env_001,w/o HEP,runs/env_001/ablation_unconstrained_v4,2.0,,9,lat_penalty,-8.05747057690974,8.05747057690974,-0.010872187755604957,0.010872187755604957,0.16288095692562193
env_001,w/o HEP,runs/env_001/ablation_unconstrained_v4,2.0,,9,progress_y,0.051330675802356396,0.051330675802356396,6.926202703669623e-05,6.926202703669623e-05,0.6372717439714959
env_001,w/o HEP,runs/env_001/ablation_unconstrained_v4,2.0,,9,still_bonus,2.736285690125078,2.736285690125078,0.003692152703761364,0.003692152703761364,0.23986765922249792
env_001,w/o HEP,runs/env_001/ablation_unconstrained_v4,2.0,,10,alignment,185.19550195466726,185.19550195466726,0.1702798018879184,0.1702798018879184,1.0
env_001,w/o HEP,runs/env_001/ablation_unconstrained_v4,2.0,,10,angvel_penalty,-4.107528180500628,4.107528180500628,-0.0037767066556286958,0.0037767066556286958,1.0
env_001,w/o HEP,runs/env_001/ablation_unconstrained_v4,2.0,,10,att_penalty,-13.333919428306112,13.333919428306112,-0.012260001645165284,0.012260001645165284,1.0
env_001,w/o HEP,runs/env_001/ablation_unconstrained_v4,2.0,,10,contact_reward,0.0,0.0,0.0,0.0,0.0
env_001,w/o HEP,runs/env_001/ablation_unconstrained_v4,2.0,,10,height_reward,848.5133762955666,848.5133762955666,0.7801738600013367,0.7801738600013367,1.0
env_001,w/o HEP,runs/env_001/ablation_unconstrained_v4,2.0,,10,lat_penalty,-35.96746339672145,35.96746339672145,-0.03307063334132094,0.03307063334132094,0.41810824481537684
env_001,w/o HEP,runs/env_001/ablation_unconstrained_v4,2.0,,10,progress_y,0.017674237489700317,0.017674237489700317,1.6250749216376116e-05,1.6250749216376116e-05,0.0225594334850784
env_001,w/o HEP,runs/env_001/ablation_unconstrained_v4,2.0,,10,soft_landing_penalty,-0.4597762320485458,0.4597762320485458,-0.0004227457194136616,0.0004227457194136616,0.0225594334850784
env_001,w/o HEP,runs/env_001/ablation_unconstrained_v4,3.0,,1,contact_reward,0.0,0.0,0.0,0.0,0.0
env_001,w/o HEP,runs/env_001/ablation_unconstrained_v4,3.0,,1,gated_goal_reward,544.2474398845807,544.2474398845807,1.0,1.0,1.0
env_001,w/o HEP,runs/env_001/ablation_unconstrained_v4,3.0,,2,contact_bonus,0.0,0.0,0.0,0.0,0.0
env_001,w/o HEP,runs/env_001/ablation_unconstrained_v4,3.0,,2,engine_penalty,-49.309999999999334,49.309999999999334,-0.09511647416487473,0.09511647416487473,0.9862
env_001,w/o HEP,runs/env_001/ablation_unconstrained_v4,3.0,,2,gated_goal,185.91627501100302,185.91627501100302,0.3586230089011165,0.3586230089011165,1.0
env_001,w/o HEP,runs/env_001/ablation_unconstrained_v4,3.0,,2,height_reward,283.1907545618713,283.1907545618713,0.5462605169340089,0.5462605169340089,1.0
env_001,w/o HEP,runs/env_001/ablation_unconstrained_v4,3.0,,3,contact_reward,0.0,0.0,0.0,0.0,0.0
env_001,w/o HEP,runs/env_001/ablation_unconstrained_v4,3.0,,3,engine_penalty,-86.97999999999934,86.97999999999934,-0.11440456533657757,0.11440456533657757,0.8698
env_001,w/o HEP,runs/env_001/ablation_unconstrained_v4,3.0,,3,goal_reward,333.0306558221579,333.0306558221579,0.43803434609208586,0.43803434609208586,1.0
env_001,w/o HEP,runs/env_001/ablation_unconstrained_v4,3.0,,3,height_reward,340.2736889861524,340.2736889861524,0.4475610885713365,0.4475610885713365,1.0
env_001,w/o HEP,runs/env_001/ablation_unconstrained_v4,3.0,,3,landing_bonus,0.0,0.0,0.0,0.0,0.0
env_001,w/o HEP,runs/env_001/ablation_unconstrained_v4,3.0,,4,contact_reward,2.598752427101135,2.598752427101135,0.17580382791736512,0.17580382791736512,0.06803995006242197
env_001,w/o HEP,runs/env_001/ablation_unconstrained_v4,3.0,,4,descent_reward,-5.223362717300915,5.223362717300915,-0.35335692262409346,0.35335692262409346,0.8233458177278402
env_001,w/o HEP,runs/env_001/ablation_unconstrained_v4,3.0,,4,engine_penalty,-0.9599999999999999,0.9599999999999999,-0.06494334475290225,0.06494334475290225,0.0599250936329588
env_001,w/o HEP,runs/env_001/ablation_unconstrained_v4,3.0,,4,landing_bonus,6.0,6.0,0.40589590470563913,0.40589590470563913,0.00749063670411985
env_001,w/o HEP,runs/env_001/ablation_unconstrained_v4,3.0,,5,global_speed_penalty,-0.9166939902845086,0.9166939902845086,-0.1199596385670486,0.1199596385670486,1.0
env_001,w/o HEP,runs/env_001/ablation_unconstrained_v4,3.0,,5,progress_reward,1.679642310552299,1.7402144892141223,0.21979994047221932,0.2277264860114083,1.0
env_001,w/o HEP,runs/env_001/ablation_unconstrained_v4,3.0,,5,soft_landing,-4.490754603905225,4.984778351461136,-0.587665354946403,0.6523138754215432,1.0
env_001,w/o HEP,runs/env_001/ablation_unconstrained_v4,3.0,,6,engine_penalty,-0.2025,0.2025,-0.019924128222394078,0.019924128222394078,0.05929721815519766
env_001,w/o HEP,runs/env_001/ablation_unconstrained_v4,3.0,,6,landing_reward,7.0,7.0,0.6887352965765854,0.6887352965765854,0.005124450951683748
env_001,w/o HEP,runs/env_001/ablation_unconstrained_v4,3.0,,6,lateral_penalty,-2.1057540729801985,2.1057540729801985,-0.20718673656733852,0.20718673656733852,1.0
env_001,w/o HEP,runs/env_001/ablation_unconstrained_v4,3.0,,6,progress_reward,0.802203777607383,0.8553022813900043,0.07892943666932543,0.0841538386336821,1.0
env_001,w/o HEP,runs/env_001/ablation_unconstrained_v4,3.0,,7,engine_penalty,-0.195,0.195,-0.01844429169207844,0.01844429169207844,0.05710102489019034
env_001,w/o HEP,runs/env_001/ablation_unconstrained_v4,3.0,,7,landing_reward,6.0,6.0,0.5675166674485673,0.5675166674485673,0.004392386530014641
env_001,w/o HEP,runs/env_001/ablation_unconstrained_v4,3.0,,7,lateral_penalty,-2.1081714616317186,2.1081714616317186,-0.1994037403859014,0.1994037403859014,1.0
env_001,w/o HEP,runs/env_001/ablation_unconstrained_v4,3.0,,7,progress_reward,2.2692052528262137,2.2692052528262137,0.21463530047345275,0.21463530047345275,0.9216691068814056
env_001,w/o HEP,runs/env_001/ablation_unconstrained_v4,3.0,,8,approach_reward,1.8396986246109008,1.8396986246109008,0.39995179140340825,0.39995179140340825,0.05878844679219562
env_001,w/o HEP,runs/env_001/ablation_unconstrained_v4,3.0,,8,soft_landing_penalty,0.0,0.0,0.0,0.0,0.0
env_001,w/o HEP,runs/env_001/ablation_unconstrained_v4,3.0,,8,upright_penalty,-2.7601023117857135,2.7601023117857135,-0.6000482085965917,0.6000482085965917,1.0
env_001,w/o HEP,runs/env_001/ablation_unconstrained_v4,3.0,,9,approach_reward,1.8396986246109008,1.8396986246109008,0.39995179140340825,0.39995179140340825,0.05878844679219562
env_001,w/o HEP,runs/env_001/ablation_unconstrained_v4,3.0,,9,soft_landing_penalty,0.0,0.0,0.0,0.0,0.0
env_001,w/o HEP,runs/env_001/ablation_unconstrained_v4,3.0,,9,upright_penalty,-2.7601023117857135,2.7601023117857135,-0.6000482085965917,0.6000482085965917,1.0
env_001,w/o HEP,runs/env_001/ablation_unconstrained_v4,3.0,,10,contact_reward,20.25,20.25,0.059069876347437794,0.059069876347437794,0.026503501079772267
env_001,w/o HEP,runs/env_001/ablation_unconstrained_v4,3.0,,10,engine_penalty,-22.212000000000153,22.212000000000153,-0.06479309103354555,0.06479309103354555,0.9690465283685623
env_001,w/o HEP,runs/env_001/ablation_unconstrained_v4,3.0,,10,progress_reward,1.9082503499463201,1.9082503499463201,0.005566425294384397,0.005566425294384397,0.5640337674235979
env_001,w/o HEP,runs/env_001/ablation_unconstrained_v4,3.0,,10,proximity_reward,298.30533419549465,298.30533419549465,0.8701658866522951,0.8701658866522951,1.0
env_001,w/o HEP,runs/env_001/ablation_unconstrained_v4,3.0,,10,upright_penalty,-0.13874404555412098,0.13874404555412098,-0.00040472067233704705,0.00040472067233704705,0.03900268307047968
env_001,w/o HEP,runs/env_001/ablation_unconstrained_v4,4.0,,1,landing_vel_penalty,-2.7479145011636175,2.7479145011636175,-0.5668721957012671,0.5668721957012671,1.0
env_001,w/o HEP,runs/env_001/ablation_unconstrained_v4,4.0,,1,progress,1.1191534921526909,1.160311708971858,0.2308721749365527,0.23936277707484713,1.0
env_001,w/o HEP,runs/env_001/ablation_unconstrained_v4,4.0,,1,stable_bonus,0.47125268131494524,0.47125268131494524,0.09721555822569834,0.09721555822569834,0.018922852983988356
env_001,w/o HEP,runs/env_001/ablation_unconstrained_v4,4.0,,1,upright_penalty,-0.46802381198385773,0.46802381198385773,-0.09654946899818745,0.09654946899818745,1.0
env_001,w/o HEP,runs/env_001/ablation_unconstrained_v4,4.0,,2,hspeed_penalty,-5.5762900816022745,5.5762900816022745,-0.279983754580233,0.279983754580233,1.0
env_001,w/o HEP,runs/env_001/ablation_unconstrained_v4,4.0,,2,landing_vel_penalty,-2.7609652205465847,2.7609652205465847,-0.13862718714445985,0.13862718714445985,1.0
env_001,w/o HEP,runs/env_001/ablation_unconstrained_v4,4.0,,2,progress,5.605462812259793,5.801000628992915,0.2814485081244932,0.29126639982133795,1.0
env_001,w/o HEP,runs/env_001/ablation_unconstrained_v4,4.0,,2,upright_penalty,-0.6490041025144819,0.6490041025144819,-0.03258628993486058,0.03258628993486058,1.0
env_001,w/o HEP,runs/env_001/ablation_unconstrained_v4,4.0,,2,x_center_penalty,-5.12921722754254,5.12921722754254,-0.2575363685191086,0.2575363685191086,1.0
env_001,w/o HEP,runs/env_001/ablation_unconstrained_v4,4.0,,3,contact_reward,566.4164136886596,566.4164136886596,0.9826385071171241,0.9826385071171241,0.07305983259274569
env_001,w/o HEP,runs/env_001/ablation_unconstrained_v4,4.0,,3,progress,4.902541403709904,10.007581082742565,0.008505095985211632,0.017361492882875848,1.0
env_001,w/o HEP,runs/env_001/ablation_unconstrained_v4,4.0,,4,ang_penalty,2.388865676522255,2.388865676522255,0.001135890037257046,0.001135890037257046,0.09259458876792066
env_001,w/o HEP,runs/env_001/ablation_unconstrained_v4,4.0,,4,contact_reward,2085.0,2085.0,0.9914038913769277,0.9914038913769277,0.22474938018756063
env_001,w/o HEP,runs/env_001/ablation_unconstrained_v4,4.0,,4,progress,12.121821740269661,15.6894237421453,0.005763847119367283,0.007460218585815065,0.9803815888757141
env_001,w/o HEP,runs/env_001/ablation_unconstrained_v4,4.0,,4,vel_penalty,0.0,0.0,0.0,0.0,0.0
env_001,w/o HEP,runs/env_001/ablation_unconstrained_v4,4.0,,5,ang_penalty,1.0252556115388871,1.0252556115388871,0.009643607230650188,0.009643607230650188,0.182882223847842
env_001,w/o HEP,runs/env_001/ablation_unconstrained_v4,4.0,,5,contact_reward,6.1583293914794925,6.1583293914794925,0.05792556429830831,0.05792556429830831,0.012435991221653255
env_001,w/o HEP,runs/env_001/ablation_unconstrained_v4,4.0,,5,fuel_penalty,0.85,0.85,0.007995143897577928,0.007995143897577928,0.02487198244330651
env_001,w/o HEP,runs/env_001/ablation_unconstrained_v4,4.0,,5,progress,27.801015313714743,28.794228575378657,0.26149778580225524,0.27084000103517963,1.0
env_001,w/o HEP,runs/env_001/ablation_unconstrained_v4,4.0,,5,vel_penalty,69.48672070503235,69.48672070503235,0.6535956835382839,0.6535956835382839,0.8302852962692027
env_001,w/o HEP,runs/env_001/ablation_unconstrained_v4,4.0,,6,contact_reward,20.919242906570435,20.919242906570435,0.9268205930246276,0.9268205930246276,0.017250126839167934
env_001,w/o HEP,runs/env_001/ablation_unconstrained_v4,4.0,,6,progress,1.3384837789961979,1.6517304447031336,0.059301110243022544,0.0731794069753724,0.7280568239472349
env_001,w/o HEP,runs/env_001/ablation_unconstrained_v4,4.0,,7,angle_penalty,-0.06336707251139159,0.06336707251139159,-5.4825875253370314e-05,5.4825875253370314e-05,0.008210997760636975
env_001,w/o HEP,runs/env_001/ablation_unconstrained_v4,4.0,,7,contact_reward,1131.888208079338,1131.888208079338,0.9793218975953577,0.9793218975953577,0.06635149705565231
env_001,w/o HEP,runs/env_001/ablation_unconstrained_v4,4.0,,7,fuel_penalty,-10.439999999999856,10.439999999999856,-0.009032800711162412,0.009032800711162412,0.8658870365762628
env_001,w/o HEP,runs/env_001/ablation_unconstrained_v4,4.0,,7,progress,9.127867876610253,13.124001585633959,0.007897529832111377,0.01135502785977133,0.9937795471510326
env_001,w/o HEP,runs/env_001/ablation_unconstrained_v4,4.0,,7,speed_penalty,-0.2721278554539822,0.2721278554539822,-0.00023544795845515965,0.00023544795845515965,0.02106660031516961
env_001,w/o HEP,runs/env_001/ablation_unconstrained_v4,4.0,,8,angle_penalty,-0.026602166891098022,0.026602166891098022,-0.02700215488013859,0.02700215488013859,0.0018707654970168874
env_001,w/o HEP,runs/env_001/ablation_unconstrained_v4,4.0,,8,contact_reward,0.0,0.0,0.0,0.0,0.0
env_001,w/o HEP,runs/env_001/ablation_unconstrained_v4,4.0,,8,progress,0.7542623549699783,0.9585846453905106,0.7656033815791454,0.9729978451198613,0.9999494387703509
env_001,w/o HEP,runs/env_001/ablation_unconstrained_v4,4.0,,8,speed_penalty,0.0,0.0,0.0,0.0,0.0
env_001,w/o HEP,runs/env_001/ablation_unconstrained_v4,4.0,,9,contact_reward,13.683081674575806,13.683081674575806,0.42841856489996016,0.42841856489996016,0.005116959064327485
env_001,w/o HEP,runs/env_001/ablation_unconstrained_v4,4.0,,9,distance_penalty,-6.660296922549605,6.660296922549605,-0.20853451855572455,0.20853451855572455,1.0
env_001,w/o HEP,runs/env_001/ablation_unconstrained_v4,4.0,,9,fuel_penalty,-0.04,0.04,-0.001252403735032859,0.001252403735032859,0.0029239766081871343
env_001,w/o HEP,runs/env_001/ablation_unconstrained_v4,4.0,,9,progress,11.167853290960192,11.555203891173004,0.34966652934743875,0.36179451280928243,1.0
env_001,w/o HEP,runs/env_001/ablation_unconstrained_v4,4.0,,10,angle_penalty,-14.313431054353714,14.313431054353714,-0.7899824665168833,0.7899824665168833,0.0361
env_001,w/o HEP,runs/env_001/ablation_unconstrained_v4,4.0,,10,contact_reward,0.0,0.0,0.0,0.0,0.0
env_001,w/o HEP,runs/env_001/ablation_unconstrained_v4,4.0,,10,progress,0.002245693321506437,0.002245693321506437,0.00012394361229165472,0.00012394361229165472,0.71285
env_001,w/o HEP,runs/env_001/ablation_unconstrained_v4,4.0,,10,speed_penalty,-3.8029925405979155,3.8029925405979155,-0.20989358987082507,0.20989358987082507,0.0153
env_001,Budget-Matched Independent,runs/env_001/budget_matched_independent_v1,,0.0,1,energy_penalty,-0.13,0.13,-0.001850629446223584,0.001850629446223584,0.09495982468955443
env_001,Budget-Matched Independent,runs/env_001/budget_matched_independent_v1,,0.0,1,goal_proximity,-66.58586377184838,66.58586377184838,-0.947890463064729,0.947890463064729,1.0
env_001,Budget-Matched Independent,runs/env_001/budget_matched_independent_v1,,0.0,1,orientation_penalty,-0.09211496989560354,0.09211496989560354,-0.0013113128902061762,0.0013113128902061762,1.0
env_001,Budget-Matched Independent,runs/env_001/budget_matched_independent_v1,,0.0,1,safe_landing,3.4383908193151003,3.4383908193151003,0.048947594598841224,0.048947594598841224,0.016070124178232285
env_001,Budget-Matched Independent,runs/env_001/budget_matched_independent_v1,,1.0,2,angle_penalty,-0.027651213801718068,0.027651213801718068,-0.03191442628317671,0.03191442628317671,1.0
env_001,Budget-Matched Independent,runs/env_001/budget_matched_independent_v1,,1.0,2,angular_vel_penalty,-0.05158564178646379,0.05158564178646379,-0.05953901965642343,0.05953901965642343,0.9988118811881188
env_001,Budget-Matched Independent,runs/env_001/budget_matched_independent_v1,,1.0,2,gated_progress,0.7244665581202205,0.7871805305922509,0.8361634584850647,0.9085465540603999,1.0
env_001,Budget-Matched Independent,runs/env_001/budget_matched_independent_v1,,2.0,3,distance_progress,1.3873022016021423,1.4251359497080558,0.011198512892163356,0.01150391262081198,0.9808863487304413
env_001,Budget-Matched Independent,runs/env_001/budget_matched_independent_v1,,2.0,3,orientation_penalty,-0.4109505629815524,0.4109505629815524,-0.003317255009237345,0.003317255009237345,0.9991567506792842
env_001,Budget-Matched Independent,runs/env_001/budget_matched_independent_v1,,2.0,3,soft_landing_bonus,115.21389855146408,115.21389855146408,0.9300239895784356,0.9300239895784356,0.4345544832755551
env_001,Budget-Matched Independent,runs/env_001/budget_matched_independent_v1,,2.0,3,velocity_damping,-6.832731771665371,6.832731771665371,-0.05515484279151501,0.05515484279151501,0.998688278834442
env_001,Budget-Matched Independent,runs/env_001/budget_matched_independent_v1,,3.0,4,angle_penalty,-2.530166261711372,2.530166261711372,-0.016259368911459487,0.016259368911459487,1.0
env_001,Budget-Matched Independent,runs/env_001/budget_matched_independent_v1,,3.0,4,contact,147.92000220417975,147.92000220417975,0.9505643647286997,0.9505643647286997,0.7396
env_001,Budget-Matched Independent,runs/env_001/budget_matched_independent_v1,,3.0,4,progress,1.3324162758886815,1.4601215148228222,0.008562381097696576,0.009383041235007796,1.0
env_001,Budget-Matched Independent,runs/env_001/budget_matched_independent_v1,,3.0,4,speed_penalty,-3.702530879026102,3.702530879026102,-0.02379322512483299,0.02379322512483299,1.0
env_001,Budget-Matched Independent,runs/env_001/budget_matched_independent_v1,,4.0,5,contact_encouragement,7.0,7.0,0.0005795307287274489,0.0005795307287274489,0.011226944667201283
env_001,Budget-Matched Independent,runs/env_001/budget_matched_independent_v1,,4.0,5,goal_proximity,-1890.3787579387426,1890.3787579387426,-0.1565046541655899,0.1565046541655899,1.0
env_001,Budget-Matched Independent,runs/env_001/budget_matched_independent_v1,,4.0,5,orientation_stability,-6750.584478696238,6750.584478696238,-0.5588815917535767,0.5588815917535767,1.0
env_001,Budget-Matched Independent,runs/env_001/budget_matched_independent_v1,,4.0,5,soft_landing_velocity,-3430.775047650328,3430.775047650328,-0.2840342233521061,0.2840342233521061,1.0
env_001,Budget-Matched Independent,runs/env_001/budget_matched_independent_v1,,5.0,6,orientation_penalty,-0.23618297983584852,0.23618297983584852,-0.21218912797560271,0.21218912797560271,1.0
env_001,Budget-Matched Independent,runs/env_001/budget_matched_independent_v1,,5.0,6,progress,0.14769716262817384,0.8768946886062622,0.13269259353203466,0.7878108720243974,1.0
env_001,Budget-Matched Independent,runs/env_001/budget_matched_independent_v1,,5.0,6,soft_land_penalty,0.0,0.0,0.0,0.0,0.0
env_001,Budget-Matched Independent,runs/env_001/budget_matched_independent_v1,,6.0,7,contact_reward,10.2,10.2,0.02492539161270478,0.02492539161270478,0.005498059508408797
env_001,Budget-Matched Independent,runs/env_001/budget_matched_independent_v1,,6.0,7,proximity_reward,-346.9441332306713,346.9441332306713,-0.8478155282847947,0.8478155282847947,1.0
env_001,Budget-Matched Independent,runs/env_001/budget_matched_independent_v1,,6.0,7,stability_penalty,-14.771480202268595,14.771480202268595,-0.03609656164126082,0.03609656164126082,1.0
env_001,Budget-Matched Independent,runs/env_001/budget_matched_independent_v1,,6.0,7,velocity_penalty,-37.30564007791495,37.30564007791495,-0.09116251846123968,0.09116251846123968,1.0
env_001,Budget-Matched Independent,runs/env_001/budget_matched_independent_v1,,7.0,8,angle_hinge_penalty,-0.16198007876009796,0.16198007876009796,-0.016707449152182408,0.016707449152182408,0.01026438569206843
env_001,Budget-Matched Independent,runs/env_001/budget_matched_independent_v1,,7.0,8,approach_reward,6.973723805590998,7.147307165211532,0.7193053415898039,0.7372096121440881,0.9977190254017626
env_001,Budget-Matched Independent,runs/env_001/budget_matched_independent_v1,,7.0,8,health_gate_modulation,-0.37567387745120473,0.37567387745120473,-0.03874891439344928,0.03874891439344928,0.910108864696734
env_001,Budget-Matched Independent,runs/env_001/budget_matched_independent_v1,,7.0,8,speed_penalty,-2.010120233287698,2.010120233287698,-0.20733402431028022,0.20733402431028022,0.9981337480559875
env_002,DERES,runs/env_002/paper_bipedal_main_v1,0.0,,1,forward_reward,504.87761175480375,504.89241053096305,0.888355335679692,0.8883813748057229,1.0
env_002,DERES,runs/env_002/paper_bipedal_main_v1,0.0,,1,stability_penalty,-63.43604034563965,63.43604034563965,-0.11161862519427711,0.11161862519427711,1.0
env_002,DERES,runs/env_002/paper_bipedal_main_v1,0.0,,2,energy_penalty,-42.227721497738926,42.227721497738926,-0.0685529585047478,0.0685529585047478,1.0
env_002,DERES,runs/env_002/paper_bipedal_main_v1,0.0,,2,forward_reward,504.5166046651255,504.6162963104609,0.8190379361675126,0.8191997767069391,1.0
env_002,DERES,runs/env_002/paper_bipedal_main_v1,0.0,,2,stability_penalty,-69.14283992623838,69.14283992623838,-0.11224726478831301,0.11224726478831301,1.0
env_002,DERES,runs/env_002/paper_bipedal_main_v1,0.0,,3,energy_penalty,-78.55854957485336,78.55854957485336,-0.09734566700954933,0.09734566700954933,1.0
env_002,DERES,runs/env_002/paper_bipedal_main_v1,0.0,,3,forward_reward,655.2764940760604,655.4123143233643,0.8119845355690196,0.8121528369523667,1.0
env_002,DERES,runs/env_002/paper_bipedal_main_v1,0.0,,3,stability_penalty,-73.03526167640075,73.03526167640075,-0.09050149603808388,0.09050149603808388,1.0
env_002,DERES,runs/env_002/paper_bipedal_main_v1,0.0,,4,energy_penalty,-43.49753658810458,43.49753658810458,-0.08183902938429037,0.08183902938429037,1.0
env_002,DERES,runs/env_002/paper_bipedal_main_v1,0.0,,4,forward_reward,453.9519494287867,454.0787315444881,0.854094043995084,0.854332579923924,1.0
env_002,DERES,runs/env_002/paper_bipedal_main_v1,0.0,,4,stability_penalty,-33.9248617727219,33.9248617727219,-0.06382839069178557,0.06382839069178557,1.0
env_002,DERES,runs/env_002/paper_bipedal_main_v1,1.0,,1,forward_reward,489.2388622061752,489.3861527579121,0.9467291113864942,0.9470141342330699,1.0
env_002,DERES,runs/env_002/paper_bipedal_main_v1,1.0,,1,stability_penalty,-27.381374850571415,27.381374850571415,-0.052985865766930026,0.052985865766930026,1.0
env_002,DERES,runs/env_002/paper_bipedal_main_v1,1.0,,2,energy_penalty,-54.566253239088205,54.566253239088205,-0.08305566354161156,0.08305566354161156,1.0
env_002,DERES,runs/env_002/paper_bipedal_main_v1,1.0,,2,forward_reward,504.640006496571,504.7421909323428,0.7681159709751081,0.7682715065967215,1.0
env_002,DERES,runs/env_002/paper_bipedal_main_v1,1.0,,2,stability_penalty,-97.67569047159748,97.67569047159748,-0.14867282986166697,0.14867282986166697,1.0
env_002,DERES,runs/env_002/paper_bipedal_main_v1,1.0,,3,energy_penalty,-57.68605485165964,57.68605485165964,-0.09177878844558059,0.09177878844558059,1.0
env_002,DERES,runs/env_002/paper_bipedal_main_v1,1.0,,3,forward_reward,504.3686478253952,504.5099616864263,0.8024529246520089,0.802677755679011,1.0
env_002,DERES,runs/env_002/paper_bipedal_main_v1,1.0,,3,gait_reward,22.476000000000095,22.476000000000095,0.035759423216017175,0.035759423216017175,0.6886662377056715
env_002,DERES,runs/env_002/paper_bipedal_main_v1,1.0,,3,stability_penalty,-43.8616112060204,43.8616112060204,-0.06978403265939127,0.06978403265939127,1.0
env_002,DERES,runs/env_002/paper_bipedal_main_v1,1.0,,4,energy_penalty,-72.42854165790797,72.42854165790797,-0.11738870277169582,0.11738870277169582,1.0
env_002,DERES,runs/env_002/paper_bipedal_main_v1,1.0,,4,forward_reward,494.6820161510317,494.73835118469435,0.8017568603649555,0.8018481654826741,1.0
env_002,DERES,runs/env_002/paper_bipedal_main_v1,1.0,,4,gait_reward,18.745499999999968,18.745499999999968,0.03038180636302459,0.03038180636302459,0.5763767180149433
env_002,DERES,runs/env_002/paper_bipedal_main_v1,1.0,,4,stability_penalty,-31.08515417664611,31.08515417664611,-0.05038132538260536,0.05038132538260536,1.0
env_002,DERES,runs/env_002/paper_bipedal_main_v1,2.0,,1,forward_reward,504.16582082462384,504.1887601047517,0.8865136198523427,0.8865539557565689,1.0
env_002,DERES,runs/env_002/paper_bipedal_main_v1,2.0,,1,stability_penalty,-64.51747241607242,64.51747241607242,-0.1134460442434311,0.1134460442434311,1.0
env_002,DERES,runs/env_002/paper_bipedal_main_v1,2.0,,2,energy_penalty,-74.38836816978018,74.38836816978018,-0.12237889566901576,0.12237889566901576,1.0
env_002,DERES,runs/env_002/paper_bipedal_main_v1,2.0,,2,forward_reward,504.19064470223805,504.299420775326,0.8294615922274682,0.8296405435343356,1.0
env_002,DERES,runs/env_002/paper_bipedal_main_v1,2.0,,2,stability_penalty,-29.165123627090235,29.165123627090235,-0.04798056079664867,0.04798056079664867,1.0
env_002,DERES,runs/env_002/paper_bipedal_main_v1,2.0,,3,energy_penalty,-88.90632893833795,88.90632893833795,-0.12781551206571667,0.12781551206571667,1.0
env_002,DERES,runs/env_002/paper_bipedal_main_v1,2.0,,3,forward_reward,537.0550138512344,537.1383580417585,0.7720930829397413,0.7722129020855405,1.0
env_002,DERES,runs/env_002/paper_bipedal_main_v1,2.0,,3,stability_penalty,-69.53856032267636,69.53856032267636,-0.09997158584874268,0.09997158584874268,1.0
env_002,DERES,runs/env_002/paper_bipedal_main_v1,3.0,,1,angle_penalty,-3.2872436179774347,3.2872436179774347,-0.006468848536598308,0.006468848536598308,0.9999512860483243
env_002,DERES,runs/env_002/paper_bipedal_main_v1,3.0,,1,forward_reward,503.950705845833,504.046657255858,0.991706476575135,0.991895295905388,1.0
env_002,DERES,runs/env_002/paper_bipedal_main_v1,3.0,,1,vert_penalty,-0.8312848434446583,0.8312848434446583,-0.0016358555580136636,0.0016358555580136636,0.9999512860483243
env_002,DERES,runs/env_002/paper_bipedal_main_v1,3.0,,2,angle_penalty,-7.190175653206135,7.190175653206135,-0.012461658430745015,0.012461658430745015,1.0
env_002,DERES,runs/env_002/paper_bipedal_main_v1,3.0,,2,energy_penalty,-64.11300761607664,64.11300761607664,-0.11111750816866944,0.11111750816866944,1.0
env_002,DERES,runs/env_002/paper_bipedal_main_v1,3.0,,2,forward_reward,504.3843403483821,504.46173772728434,0.8741741051118075,0.8743082464382276,1.0
env_002,DERES,runs/env_002/paper_bipedal_main_v1,3.0,,2,vert_penalty,-1.2189285580602607,1.2189285580602607,-0.0021125869623580436,0.0021125869623580436,1.0
env_002,DERES,runs/env_002/paper_bipedal_main_v1,3.0,,3,angle_penalty,-23.509941418612065,23.509941418612065,-0.03845881552861078,0.03845881552861078,1.0
env_002,DERES,runs/env_002/paper_bipedal_main_v1,3.0,,3,energy_penalty,-75.85637833099861,75.85637833099861,-0.1240899077098854,0.1240899077098854,0.9999652331119842
env_002,DERES,runs/env_002/paper_bipedal_main_v1,3.0,,3,forward_reward,504.3566875914461,504.5679611218744,0.825053557698134,0.8253991702025697,1.0
env_002,DERES,runs/env_002/paper_bipedal_main_v1,3.0,,3,vert_penalty,-7.367473888025043,7.367473888025043,-0.012052106558934144,0.012052106558934144,1.0
env_002,DERES,runs/env_002/paper_bipedal_main_v1,4.0,,1,forward_reward,319.95935011932744,321.14174914468896,0.9404025380601038,0.943877764035013,1.0
env_002,DERES,runs/env_002/paper_bipedal_main_v1,4.0,,1,stability_penalty,-19.094838029300483,19.094838029300483,-0.05612223596498694,0.05612223596498694,1.0
env_002,DERES,runs/env_002/paper_bipedal_main_v1,4.0,,2,forward_reward,504.2288131551497,504.27143508784064,0.9786815409678593,0.9787642678919793,1.0
env_002,DERES,runs/env_002/paper_bipedal_main_v1,4.0,,2,stability_penalty,-10.940911368082693,10.940911368082693,-0.021235732108020617,0.021235732108020617,1.0
env_002,DERES,runs/env_002/paper_bipedal_main_v1,4.0,,3,energy_penalty,-67.63028534388722,67.63028534388722,-0.1153970909163021,0.1153970909163021,1.0
env_002,DERES,runs/env_002/paper_bipedal_main_v1,4.0,,3,forward_reward,504.32279920354284,504.36880593611477,0.8605225250038869,0.8606010259753728,1.0
env_002,DERES,runs/env_002/paper_bipedal_main_v1,4.0,,3,stability_penalty,-14.066682188583139,14.066682188583139,-0.024001883108325135,0.024001883108325135,1.0
env_002,DERES,runs/env_002/paper_bipedal_main_v1,4.0,,4,energy_penalty,-48.43648231626296,48.43648231626296,-0.08200013990136552,0.08200013990136552,1.0
env_002,DERES,runs/env_002/paper_bipedal_main_v1,4.0,,4,forward_reward,501.63339859411565,501.6339670052662,0.8492360901713096,0.8492370524582395,1.0
env_002,DERES,runs/env_002/paper_bipedal_main_v1,4.0,,4,stability_penalty,-40.61735163253192,40.61735163253192,-0.0687628076403948,0.0687628076403948,1.0
env_002,Chat + Env Card,runs/env_002/test_chat_with_env_card,0.0,,1,balance_penalty,-2.772799510057654,2.772799510057654,-0.005604738294629855,0.005604738294629855,1.0
env_002,Chat + Env Card,runs/env_002/test_chat_with_env_card,0.0,,1,forward_progress_reward,491.725565233313,491.9513721277857,0.9939388318250084,0.9943952617053701,1.0
env_002,No Expert Profile,runs/env_002/ablation_no_expert_profile_v1,0.0,,1,action_penalty,-1.4906799162742284,1.4906799162742284,-0.003332195989994893,0.003332195989994893,1.0
env_002,No Expert Profile,runs/env_002/ablation_no_expert_profile_v1,0.0,,1,angular_vel_penalty,-0.012714262499875964,0.012714262499875964,-2.8420866247208044e-05,2.8420866247208044e-05,0.999145568197149
env_002,No Expert Profile,runs/env_002/ablation_no_expert_profile_v1,0.0,,1,forward_progress,442.90138370767994,442.90138370767994,0.9900409864262391,0.9900409864262391,0.9942438278544767
env_002,No Expert Profile,runs/env_002/ablation_no_expert_profile_v1,0.0,,1,posture_penalty,-2.951836415369457,2.951836415369457,-0.006598396717518757,0.006598396717518757,0.9999550299051131
env_002,No Expert Profile,runs/env_002/ablation_no_expert_profile_v1,1.0,,1,forward_velocity,473.9633264843941,474.0651878163867,0.9664761824193812,0.9666838916360637,1.0
env_002,No Expert Profile,runs/env_002/ablation_no_expert_profile_v1,1.0,,1,upright_penalty,-16.338336973971874,16.338336973971874,-0.03331610836393623,0.03331610836393623,1.0
env_002,No Expert Profile,runs/env_002/ablation_no_expert_profile_v1,2.0,,1,forward_reward,499.49697388719505,499.49697388719505,0.9655213431490026,0.9655213431490026,0.9955415289049193
env_002,No Expert Profile,runs/env_002/ablation_no_expert_profile_v1,2.0,,1,stability_penalty,-17.836979868927017,17.836979868927017,-0.034478656850997255,0.034478656850997255,1.0
env_002,No Expert Profile,runs/env_002/ablation_no_expert_profile_v1,3.0,,1,double_flight_penalty,-32.71999999999995,32.71999999999995,-0.07899925634252071,0.07899925634252071,0.1417125037896834
env_002,No Expert Profile,runs/env_002/ablation_no_expert_profile_v1,3.0,,1,forward_velocity_reward,347.57920051244,347.7491633416278,0.8391961601653636,0.8396065188790466,1.0
env_002,No Expert Profile,runs/env_002/ablation_no_expert_profile_v1,3.0,,1,upright_penalty,-33.71195069486824,33.71195069486824,-0.08139422477843275,0.08139422477843275,1.0
