#{"t_start": 1783098991.6058834, "env_id": "LunarLander-v3"}
r,l,t,original_env_reward,generated_reward,reward_error_count
-2.073836,57,1.499624,-100.0,-1.7558889756416804,0
-3.208958,57,1.578459,-100.0,-3.279277260697302,0
-3.747258,100,1.705441,-100.0,-0.5768350286318924,0
-3.890048,99,1.839176,-100.0,-2.6018008635976564,0
-3.406517,82,1.944741,-100.0,-0.5527231671863947,0
-2.004486,140,2.142916,-100.0,-1.712795124849083,0
3.101701,107,2.289443,-100.0,2.572029418125637,0
-2.161065,113,2.433321,-100.0,-0.00400260036833161,0
-3.775538,92,2.556807,-100.0,0.41858374575788293,0
-3.107925,68,2.648893,-100.0,-2.312219848453364,0
-3.029552,76,2.75265,-100.0,0.20814975013332057,0
-3.067222,92,3.897703,-100.0,-1.7129762461647187,0
-3.534256,125,4.076691,-100.0,-1.248985126838735,0
-3.616434,84,4.233623,-100.0,-0.17940494636262086,0
-3.039834,104,4.448338,-100.0,-2.373919763925206,0
-2.498784,121,4.650902,-100.0,-0.0068473675520777655,0
-2.893428,86,4.785121,-100.0,-0.8713556761310248,0
-2.421319,66,4.88884,-100.0,0.8705079177628039,0
-0.197501,88,5.010628,-100.0,0.39713512897136316,0
-3.127346,117,5.194042,-100.0,-0.1471847614018476,0
-3.38969,70,5.296646,-100.0,-2.5438663708737397,0
3.098575,76,5.399526,-100.0,1.9136220209605903,0
-2.354701,105,6.639224,-100.0,-1.3613001122000215,0
-3.277419,92,6.755358,-100.0,-2.1876521157736444,0
4.306065,74,6.854692,-100.0,4.850457179342335,0
-2.533284,130,7.023502,-100.0,0.42942970351386417,0
-3.737026,124,7.191074,-100.0,-1.9525299115355685,0
-1.952994,97,7.320738,-100.0,-0.7191246608640889,0
-1.93054,111,7.463186,-100.0,0.026849664465080636,0
-2.986307,62,7.542849,-100.0,-1.447966518082429,0
-2.807396,78,7.641694,-100.0,-1.7658550674142142,0
6.139239,107,7.778435,-100.0,3.6801574950123372,0
-2.627241,67,7.946696,-100.0,-1.515508557973353,0
-3.168518,96,9.008201,-100.0,-1.3960367022337659,0
-3.123009,99,9.140055,-100.0,-1.60266195447661,0
-1.698574,99,9.26883,-100.0,0.19016450339407187,0
-3.152397,121,9.476973,-100.0,0.8227727988428996,0
-3.211509,63,9.609222,-100.0,-2.0203593326057696,0
-2.286996,87,9.77761,-100.0,-0.640016364831032,0
1.745063,134,9.993473,-100.0,1.3765928946865902,0
1.70065,121,10.180409,-100.0,2.748320877780637,0
-2.596512,73,10.401061,-100.0,-1.844095010000184,0
-2.30001,122,10.587635,-100.0,1.094491194015584,0
2.224948,96,11.760673,-100.0,1.785178575839514,0
-2.67254,90,11.884262,-100.0,-1.0308433213065764,0
-1.440005,95,12.010265,-100.0,0.011372461078464902,0
-2.442324,91,12.136224,-100.0,0.8093205293765806,0
-2.876229,66,12.222152,-100.0,-1.0990648392188873,0
6.489161,72,12.320412,-100.0,5.425705181667767,0
-1.797935,88,12.434454,-100.0,0.017957920167726016,0
-2.646064,91,12.553749,-100.0,0.018414934099015845,0
-2.95624,67,12.640241,-100.0,-1.4007889710416563,0
-3.331298,124,12.799145,-100.0,-2.751745058532711,0
-2.410413,65,12.885865,-100.0,-1.4812381239809183,0
-3.831753,94,13.956377,-100.0,-2.6831156876370477,0
-2.702452,63,14.039696,-100.0,-2.7319510092867865,0
-2.046964,73,14.146406,-100.0,-1.1693056888975337,0
-2.705425,131,14.316264,-100.0,-0.7797833883752259,0
-2.918383,92,14.434611,-100.0,-2.2093270471954645,0
-1.431404,98,14.565856,-100.0,0.40307667233366373,0
-2.846494,75,14.66997,-100.0,-2.209034997173526,0
-2.158176,94,14.819242,-100.0,-1.1285307392670232,0
-3.272698,92,15.015411,-100.0,-1.0531462184714329,0
-2.847478,64,15.152051,-100.0,-2.152456694588378,0
-3.005258,70,15.263522,-100.0,-2.5144960001444705,0
-2.678424,77,15.383809,-100.0,-2.2988574399536894,0
-2.295508,85,15.529896,-100.0,-2.0558111772379943,0
-3.38403,61,16.86791,-100.0,-2.162543601025448,0
-2.69378,141,17.063166,-100.0,-2.0221718448320476,0
-1.91204,106,17.217469,-100.0,0.1712608357389328,0
3.912062,124,17.381239,-100.0,1.5328630168743045,0
-2.875366,75,17.498459,-100.0,-2.673526121959914,0
-3.049655,83,17.604901,-100.0,-1.8895495393053259,0
-2.949133,84,17.720995,-100.0,-2.3299104213673174,0
6.425399,71,17.814429,-100.0,5.678350420056528,0
6.836519,83,17.928506,-100.0,4.13637609174965,0
-0.326125,107,18.069697,-100.0,1.1730873639100803,0
-3.25345,64,18.155468,-100.0,-2.243166892319908,0
-3.019256,94,19.244818,-100.0,-1.6992338579471227,0
-3.279398,132,19.421786,-100.0,-0.09308700943136461,0
-2.79863,105,19.582241,-100.0,-0.457319248723414,0
6.300435,87,19.700198,-100.0,4.89794953747869,0
-1.448248,114,19.872353,-100.0,-0.004338122138377032,0
-1.580273,85,20.003824,-100.0,-3.113716255296519,0
-3.634068,81,20.160364,-100.0,-3.267040641407414,0
-2.436734,83,20.359363,-100.0,-0.6300246273807211,0
-3.371167,95,20.524923,-100.0,-1.5078523828294852,0
-0.963001,121,20.726451,-100.0,-0.010855308894026083,0
4.708261,81,21.967021,-100.0,2.1114554217900734,0
7.161786,133,22.150474,-100.0,4.250909975379903,0
-3.515408,99,22.292851,-100.0,-2.726786579906724,0
0.640159,74,22.398552,-100.0,-0.07058016687407187,0
-3.207373,99,22.534348,-100.0,-2.043843014965428,0
-3.013837,80,22.638281,-100.0,-1.871887641538103,0
-2.623155,77,22.740901,-100.0,-1.1311781688574498,0
-3.344558,83,22.858272,-100.0,-2.176586745011833,0
-3.335645,87,22.973865,-100.0,-2.612333426720523,0
6.46612,98,23.100242,-100.0,4.845404200103399,0
-2.488716,77,23.21543,-100.0,-1.7177264201987015,0
-3.734746,113,24.327205,-100.0,-2.3508910106003893,0
5.821053,68,24.421383,-100.0,3.6831061428075813,0
-2.960879,90,24.542352,-100.0,-2.961732505019037,0
-2.966358,106,24.682861,-100.0,-2.3240867851104854,0
-3.445718,80,24.796819,-100.0,-2.396439955777277,0
-2.384508,98,24.926068,-100.0,-1.0959084872053404,0
-0.945216,70,25.017359,-100.0,-2.1368738854396354,0
-2.733366,77,25.119221,-100.0,-1.9418256712962585,0
-3.217613,92,25.248479,-100.0,-1.776912982852462,0
-2.582374,71,25.35199,-100.0,-1.451807868867584,0
-2.560986,59,25.45466,-100.0,-2.286298966240456,0
-3.513152,100,25.688941,-100.0,-2.0333960996532445,0
-3.110194,84,25.869593,-100.0,-1.8284334647948655,0
-1.477591,114,27.303566,-100.0,-2.879046722590762,0
-3.037575,110,27.455059,-100.0,-2.301188488278379,0
-2.759011,65,27.552192,-100.0,-2.522043356413521,0
-2.540154,81,27.693161,-100.0,-1.0862658476258449,0
5.738881,107,27.844428,-100.0,5.681229528174107,0
7.088174,82,27.960192,-100.0,3.432179945434725,0
-3.734549,92,28.084524,-100.0,-2.012977260818673,0
-2.368296,125,28.251816,-100.0,-1.8530445817234906,0
-1.551583,71,28.355961,-100.0,-2.2576455471284027,0
-2.743327,75,28.489395,-100.0,-1.597240883840996,0
-2.443807,139,29.66122,-100.0,-1.2414229004292126,0
-3.164535,126,29.832739,-100.0,-1.8926358593103658,0
6.479422,91,29.964661,-100.0,4.143184119069014,0
-2.991418,135,30.155259,-100.0,-2.0209268617881553,0
-2.516025,60,30.234055,-100.0,-1.7984127199018924,0
-2.610692,60,30.320383,-100.0,-2.7268450889821367,0
-2.87793,66,30.406431,-100.0,-2.3525502292318166,0
3.492943,103,30.549472,-100.0,0.9620643080882718,0
-2.844777,110,30.702034,-100.0,-1.9491793841699285,0
6.253968,111,30.882426,-100.0,4.463906984524424,0
-3.009071,90,31.063604,-100.0,-2.2475194811260217,0
0.616393,76,32.634608,-100.0,1.2344226736904367,0
7.096743,125,32.802503,-100.0,3.8806948634281726,0
5.00724,105,32.944494,-100.0,3.0445607179737655,0
3.780796,68,33.053159,-100.0,2.241529719329095,0
4.492157,93,33.176057,-100.0,2.4141206618056126,0
-1.261881,143,33.375045,-100.0,-2.6070044276126456,0
-3.051628,92,33.499798,-100.0,-2.0452995870734143,0
-2.593557,74,33.604815,-100.0,-1.6026280634198469,0
-2.733371,83,33.716171,-100.0,-1.0567886983453172,0
4.724923,115,33.865101,-100.0,3.325677754228331,0
6.741609,96,34.001432,-100.0,4.300535938539854,0
-2.610695,108,35.156117,-100.0,-1.935799930174989,0
-1.948908,94,35.281575,-100.0,-1.1204735485845985,0
-0.837228,77,35.390893,-100.0,-3.6264890619046275,0
-3.444096,66,35.485627,-100.0,-2.6313740353428416,0
7.077663,63,35.584795,-100.0,4.635448964101202,0
-2.562035,78,35.688776,-100.0,-1.8206940182599833,0
-3.403531,103,35.831216,-100.0,-2.1806066710093437,0
3.732555,127,36.012815,-100.0,2.5129486268915606,0
3.834545,89,36.151853,-100.0,2.9097339322967217,0
-3.647953,107,36.400909,-100.0,-2.9512206159872703,0
-1.658293,127,37.915244,-100.0,-1.3179645808924367,0
-3.699533,93,38.06102,-100.0,-2.117648765069603,0
-2.506195,90,38.198675,-100.0,-2.039397209696192,0
1.327251,97,38.348361,-100.0,0.6376544296249603,0
-3.363415,77,38.479179,-100.0,-2.8545572631499008,0
3.830479,101,38.624458,-100.0,2.153150722732807,0
-3.20016,91,38.756046,-100.0,-2.051459302684442,0
-3.257337,90,38.895244,-100.0,-1.7722842545982482,0
-0.068015,79,39.015815,-100.0,0.12158494345913917,0
-3.217802,89,39.159872,-100.0,-2.7548683060845507,0
-3.080867,79,39.273664,-100.0,-1.696084387866251,0
-1.907964,112,39.448223,-100.0,-1.0301636892216972,0
-3.289698,87,40.598825,-100.0,-2.566699377571309,0
-2.874089,100,40.742807,-100.0,-2.172915519515879,0
-3.257998,64,40.833571,-100.0,-2.4639573431169097,0
-0.915551,120,41.002934,-100.0,0.15278347887306287,0
-3.504529,86,41.121039,-100.0,-2.0883134107637815,0
4.946519,59,41.215828,-100.0,5.047271827308273,0
-2.645732,94,41.365687,-100.0,-2.2180500070552736,0
6.886667,62,41.468544,-100.0,4.712574884932647,0
3.80624,79,41.677466,-100.0,2.4021079468245703,0
-1.367545,87,41.848888,-100.0,-2.864168749100119,0
-3.04796,66,41.973915,-100.0,-2.7244470090183883,0
-2.235169,64,42.081005,-100.0,-1.257712307096508,0
2.871924,73,43.479099,-100.0,1.7182465699850635,0
-3.135529,110,43.656878,-100.0,-3.176014511219095,0
-3.559346,96,43.811512,-100.0,-2.031971394195169,0
1.810314,100,43.963752,-100.0,0.7299304849589011,0
7.016371,109,44.15109,-100.0,4.118860510191809,0
6.451715,76,44.259314,-100.0,5.228390980912797,0
4.543708,102,44.412857,-100.0,2.605472682730322,0
6.86218,111,44.589796,-100.0,4.080196504232813,0
-3.192929,85,44.709003,-100.0,-2.9607025452494624,0
-3.391155,94,44.84991,-100.0,-3.3048398156201553,0
6.712471,104,45.000816,-100.0,5.123951485476825,0
-2.291162,88,46.137003,-100.0,-1.9257504983589229,0
-1.253482,91,46.263206,-100.0,-3.598723513586366,0
-3.252057,72,46.377261,-100.0,-2.650185057937333,0
6.51886,79,46.506224,-100.0,4.003635204085198,0
4.942621,74,46.612556,-100.0,3.2314264361918106,0
-3.042106,110,46.784567,-100.0,-2.6544091230480307,0
5.402958,81,46.944247,-100.0,4.69269969278503,0
6.106656,93,47.153303,-100.0,4.728644172209229,0
-2.611514,108,47.363322,-100.0,-2.728174130168424,0
3.690154,60,47.471071,-100.0,2.416188130104838,0
3.335122,84,47.611906,-100.0,2.2396722413533428,0
-3.640429,87,47.844368,-100.0,-2.788964771133408,0
-2.807515,102,49.106277,-100.0,-2.013256505080058,0
-3.146884,62,49.200526,-100.0,-2.7718418278867354,0
-1.216025,85,49.325279,-100.0,-2.5494965417850732,0
-2.975289,64,49.421283,-100.0,-2.6623058681145872,0
-2.96299,59,49.51398,-100.0,-2.6974345147673287,0
3.391064,73,49.623871,-100.0,1.5542259105411949,0
3.463029,87,49.754915,-100.0,4.135438037289474,0
3.549366,117,49.91925,-100.0,2.1939932049003885,0
-2.009028,121,50.097549,-100.0,-1.5751039081806675,0
2.00136,85,50.222333,-100.0,2.023498247597216,0
5.626151,74,50.329873,-100.0,4.153759560986735,0
-2.709488,104,50.487545,-100.0,-2.188847019784589,0
-1.636657,85,51.678926,-100.0,-1.0988609191692844,0
6.944272,74,51.790037,-100.0,4.635921527424341,0
-4.042999,93,51.918022,-100.0,-3.2353275402461157,0
-2.853987,96,52.064334,-100.0,-1.6228077819960742,0
-3.313458,111,52.259974,-100.0,-2.932044776365062,0
-2.786093,107,52.506611,-100.0,-1.7588881746248406,0
3.726025,76,52.646316,-100.0,1.9447660831625062,0
3.760082,103,52.827421,-100.0,2.3629246953678518,0
5.9626,94,52.980312,-100.0,4.985493888699563,0
-1.061818,91,53.219924,-100.0,-3.3579440179454867,0
-1.961513,69,53.350133,-100.0,-1.4485928814655393,0
5.947788,65,54.56122,-100.0,3.754935677007844,0
-3.162795,72,54.666451,-100.0,-2.6639716529481983,0
-3.141024,79,54.788182,-100.0,-2.320680166211216,0
-3.147284,84,54.91071,-100.0,-2.7210297932640315,0
3.233389,75,55.015917,-100.0,1.7924697067768836,0
6.522537,81,55.129016,-100.0,4.029318578126145,0
-2.670274,64,55.217386,-100.0,-2.741043270547755,0
3.675715,77,55.320943,-100.0,1.677978724435989,0
2.659365,101,55.45988,-100.0,1.3620933145355851,0
-2.846334,112,55.632625,-100.0,-2.2566138053223748,0
2.12025,94,55.760771,-100.0,0.8763494776868791,0
-0.813795,88,55.87771,-100.0,-2.313221078836245,0
-2.045622,79,56.951054,-100.0,-1.5548430663759722,0
-2.784768,132,57.127255,-100.0,-2.189413211196899,0
3.369676,62,57.212819,-100.0,1.6853322542739346,0
-2.849528,119,57.387256,-100.0,-2.0981439313601618,0
1.865006,80,57.501627,-100.0,1.1932376926835686,0
-0.267155,91,57.68418,-100.0,-0.1967927125402602,0
7.023868,91,57.859154,-100.0,4.291871632773057,0
-3.395303,74,58.133992,-100.0,-2.127079704514394,0
-3.382352,93,58.368464,-100.0,-2.427488734057301,0
6.024402,97,58.53086,-100.0,5.4690309248462015,0
-3.005613,104,58.789762,-100.0,-2.600575297684116,0
-3.507424,74,58.914505,-100.0,-2.4609595829094575,0
-0.801287,96,60.181549,-100.0,-2.9793151638583906,0
-2.35219,67,60.284971,-100.0,-1.5824188309661318,0
6.143143,73,60.397523,-100.0,5.3818825170862175,0
3.485068,79,60.511917,-100.0,1.9661387542215265,0
-3.465203,98,60.651186,-100.0,-2.7587137834263533,0
7.965019,58,60.735611,-100.0,8.55359236834741,0
-2.501484,84,60.851766,-100.0,-2.0970113763780427,0
7.305424,57,60.937296,-100.0,4.265116571829976,0
-3.043,71,61.029781,-100.0,-2.6831195163216734,0
2.867249,89,61.149324,-100.0,1.6928366883289758,0
-1.317794,57,61.228813,-100.0,-2.810868613130033,0
-2.585209,99,61.368179,-100.0,-2.5482567562886587,0
-2.375642,97,61.500554,-100.0,-2.205482550011538,0
6.626107,104,62.608207,-100.0,5.28945114165146,0
-3.392402,65,62.700807,-100.0,-2.598230843198084,0
-2.987016,76,62.818141,-100.0,-2.642368375428064,0
5.638797,63,62.932711,-100.0,3.6689946150249417,0
6.181694,86,63.112392,-100.0,5.016504109142561,0
0.327138,63,63.229358,-100.0,0.8602579699257557,0
-2.109299,84,63.383474,-100.0,-1.342672309086355,0
4.740388,104,63.552894,-100.0,2.463385226689509,0
-2.798386,113,63.731991,-100.0,-2.988660259418208,0
2.266253,85,63.935755,-100.0,1.0281306581620338,0
6.009896,60,64.030767,-100.0,4.801181170266366,0
-3.112731,81,64.181198,-100.0,-2.201102754722522,0
-2.856652,61,65.338014,-100.0,-2.3384764595147303,0
2.810802,61,65.420394,-100.0,0.4429669273281567,0
6.612927,70,65.526152,-100.0,4.207399239434702,0
3.879597,65,65.615055,-100.0,2.284125220788163,0
-3.292703,96,65.769158,-100.0,-2.1972580026100417,0
-0.597988,61,65.852947,-100.0,-0.3427972855669208,0
6.645259,69,65.953622,-100.0,4.990429641440902,0
-1.008114,77,66.063112,-100.0,-3.703441182572303,0
-3.37974,113,66.216281,-100.0,-2.299806726736956,0
5.129723,99,66.354015,-100.0,2.9682423689304005,0
-0.972233,97,66.489903,-100.0,-2.8707005770041603,0
-0.765998,111,66.644782,-100.0,-0.1362701209808559,0
-3.407749,88,66.766167,-100.0,-2.7892213911072377,0
-2.396101,73,67.832649,-100.0,-2.1287881335995644,0
-3.111713,70,67.928545,-100.0,-2.7340469953189164,0
7.000681,95,68.068106,-100.0,3.719218422928642,0
6.000784,98,68.201459,-100.0,7.145019193111102,0
-3.20364,90,68.383673,-100.0,-2.7253525078508325,0
4.939735,104,68.592459,-100.0,2.2164935486698214,0
-3.10448,121,68.78471,-100.0,-2.6281403223477757,0
-3.115706,60,68.882366,-100.0,-2.8695412895367123,0
-2.948627,86,69.015622,-100.0,-2.3255561206013566,0
-2.723363,68,69.203444,-100.0,-2.4203758990136066,0
5.940032,82,69.340551,-100.0,4.755942658508202,0
3.953931,55,69.44179,-100.0,1.173019562547376,0
6.633759,96,70.650615,-100.0,4.206026007956379,0
-0.740277,105,70.799164,-100.0,-3.4733528946383414,0
-2.501728,74,70.900669,-100.0,-2.2966000997751204,0
6.603698,68,70.993793,-100.0,4.654857152160854,0
-3.703569,93,71.1181,-100.0,-2.8143407980097557,0
5.615151,77,71.220112,-100.0,4.191789084842808,0
-3.154919,114,71.373759,-100.0,-2.975266076911229,0
-3.598708,88,71.49106,-100.0,-3.7507840587786716,0
-2.710844,97,71.628756,-100.0,-2.696395444464423,0
2.53348,60,71.707412,-100.0,1.3326360426309174,0
-2.915641,99,71.838371,-100.0,-2.5797660929157216,0
6.954911,70,71.929986,-100.0,4.254936579462338,0
2.091463,109,73.029274,-100.0,1.0150980402110765,0
6.754784,107,73.174027,-100.0,3.9657366370603455,0
7.456204,65,73.260021,-100.0,4.23655650166106,0
-3.412244,64,73.353673,-100.0,-3.2832164738156155,0
0.433296,94,73.494422,-100.0,0.4530890988463905,0
-2.473504,83,73.652522,-100.0,-1.7155878981258614,0
-2.677281,65,73.797551,-100.0,-2.758414432883698,0
4.948342,68,73.918346,-100.0,2.585435290262744,0
5.510812,95,74.079816,-100.0,2.519020902853276,0
-2.451773,105,74.264955,-100.0,-1.6089189696087267,0
-3.313885,83,74.399388,-100.0,-2.6429703181149575,0
-0.677172,80,74.605417,-100.0,-1.0670461703777987,0
-1.904787,101,75.798869,-100.0,-1.889786026254203,0
6.087171,84,75.925689,-100.0,3.986265847574881,0
-3.65108,83,76.036494,-100.0,-3.445417348907008,0
0.095641,82,76.146058,-100.0,-1.2749464418887735,0
7.035998,106,76.29398,-100.0,4.122632998451151,0
6.80092,81,76.397343,-100.0,4.1541102984194636,0
6.564274,98,76.532056,-100.0,4.637425123351973,0
7.031957,92,76.660403,-100.0,4.106112226551697,0
-3.06814,61,76.743438,-100.0,-2.862870350391068,0
4.148626,78,76.847349,-100.0,2.23005833319481,0
-2.377623,119,77.01215,-100.0,-2.4836499648105077,0
-3.25911,91,78.110154,-100.0,-3.5678283956103582,0
6.167741,78,78.216643,-100.0,4.958983720807481,0
-2.826978,117,78.375888,-100.0,-2.174993073005817,0
4.108318,83,78.490682,-100.0,2.5516656491023775,0
3.759017,70,78.586466,-100.0,2.5275161435876754,0
8.716315,80,78.705253,-100.0,10.08895892602523,0
5.490515,85,78.831357,-100.0,2.8815597464960128,0
-1.193489,87,78.960778,-100.0,-3.7808696635311945,0
-0.655024,78,79.140331,-100.0,-3.213889992909935,0
4.613679,94,79.313256,-100.0,2.2868693108656646,0
4.70289,73,79.426521,-100.0,2.379624396669904,0
5.514214,82,79.549188,-100.0,3.0941210373673607,0
6.835213,87,81.081558,-100.0,4.211050664873699,0
5.205668,56,81.16224,-100.0,3.0940579812627487,0
-3.371407,81,81.299743,-100.0,-3.1929664983968866,0
4.516687,88,81.41703,-100.0,2.3212127415896067,0
-1.034534,70,81.516135,-100.0,-3.04138716789095,0
3.804817,96,81.647266,-100.0,2.8654184495472528,0
-2.135469,64,81.733791,-100.0,-1.6362099978041336,0
-3.283232,91,81.858109,-100.0,-2.57324186454892,0
5.766185,120,82.018284,-100.0,4.297638597312676,0
5.88374,72,82.119017,-100.0,4.37644103652109,0
-2.698055,58,82.194443,-100.0,-1.926127691288147,0
-3.012689,79,82.308984,-100.0,-2.5482996176579875,0
-3.309274,71,82.408171,-100.0,-2.130495676304111,0
-2.872605,82,83.464706,-100.0,-2.303254356596252,0
5.396358,86,83.582865,-100.0,2.5735927437124784,0
6.328867,68,83.67882,-100.0,3.5381589219226917,0
6.191351,62,83.766227,-100.0,5.1790349584192015,0
-3.077976,98,83.903373,-100.0,-2.0819146219671962,0
0.103162,107,84.044589,-100.0,-2.2602589006119373,0
-3.123459,91,84.168149,-100.0,-2.562059547994164,0
-2.241071,123,84.367885,-100.0,-1.2774013099297556,0
0.141721,119,84.612306,-100.0,-2.676295968025447,0
-3.338273,75,84.745739,-100.0,-3.0890978536724933,0
2.77104,90,84.89767,-100.0,1.9561137711083143,0
-3.056135,72,86.153745,-100.0,-2.699692140097787,0
-2.402765,81,86.26425,-100.0,-1.9326348212526514,0
6.919617,77,86.365908,-100.0,3.8691321600695963,0
3.504326,72,86.461505,-100.0,1.3221178830482483,0
5.70921,75,86.568611,-100.0,4.163151189961717,0
-0.82531,67,86.656237,-100.0,-0.514225571088859,0
3.80632,97,86.793597,-100.0,2.4063534035848377,0
-3.029808,92,86.915917,-100.0,-1.9899855089330245,0
6.209003,63,87.003417,-100.0,4.874459634797522,0
7.453,78,87.117679,-100.0,3.541545760807,0
3.825501,90,87.243953,-100.0,2.628411499014054,0
4.615273,76,87.351895,-100.0,1.4306776708651403,0
5.249832,93,87.476779,-100.0,2.3934240847588164,0
0.185537,116,88.671621,-100.0,-2.956993942758417,0
-0.546961,118,88.830668,-100.0,-3.7924686680584276,0
6.689579,94,88.962579,-100.0,3.917479104835225,0
1.503042,125,89.142133,-100.0,2.3747883135740646,0
2.30061,67,89.239257,-100.0,-0.6380135406652876,0
-1.92909,105,89.383298,-100.0,-1.653665331992583,0
-2.107467,102,89.532617,-100.0,-0.9628716825574037,0
4.971874,140,89.796093,-100.0,2.7511564700459115,0
3.128362,97,89.961023,-100.0,2.1561475034748523,0
7.153886,71,90.091034,-100.0,3.9260642521936107,0
2.259116,149,91.487943,-100.0,0.6531255165946537,0
4.82788,62,91.57213,-100.0,5.138127799453753,0
-2.949873,103,91.718109,-100.0,-2.357001049165574,0
2.966466,73,91.820297,-100.0,2.1249780092336,0
-2.526952,57,91.898485,-100.0,-2.32019810407769,0
-2.498912,93,92.026743,-100.0,-2.5624769550916433,0
1.266953,81,92.149455,-100.0,1.4041995594027985,0
-2.645807,100,92.297435,-100.0,-2.065230535588981,0
-2.895478,116,92.473453,-100.0,-1.9251332243876202,0
-3.393309,95,92.598484,-100.0,-2.623354697332541,0
6.191116,84,92.712685,-100.0,6.341390407053954,0
-3.19903,82,93.819574,-100.0,-3.1980858909362198,0
6.015949,85,93.939402,-100.0,4.065565585008516,0
-2.657623,91,94.062781,-100.0,-1.6488276690214843,0
-1.589686,164,94.295201,-100.0,-0.16484276750006788,0
-2.771126,73,94.395306,-100.0,-2.2832158324846192,0
3.121196,102,94.530689,-100.0,0.9268140963543375,0
6.471233,96,94.660432,-100.0,3.615290289961355,0
4.19512,76,94.77401,-100.0,2.18588089620186,0
5.722125,61,94.866648,-100.0,5.838766045497603,0
7.442379,59,94.95046,-100.0,3.926612747764352,0
-2.973702,79,95.090229,-100.0,-2.222769063240194,0
6.691709,81,95.24123,-100.0,3.674625018607146,0
1.204998,123,96.653156,-100.0,-1.3006216584406642,0
2.470266,68,96.770748,-100.0,0.8231251489990271,0
-2.95293,96,96.914849,-100.0,-1.4671567399400813,0
6.936354,104,97.053699,-100.0,4.013223001889289,0
4.272046,90,97.18587,-100.0,2.5447944047331363,0
-3.234197,128,97.368186,-100.0,-2.7273878565272627,0
4.470287,79,97.472291,-100.0,2.363730616074675,0
6.68866,76,97.57228,-100.0,4.458166636820265,0
-0.158798,157,97.787877,-100.0,0.48898481328146115,0
5.976891,75,97.889242,-100.0,6.298855421710821,0
-1.995033,104,98.980438,-100.0,-0.8863416966376141,0
7.295174,63,99.06544,-100.0,4.308790094150476,0
1.933,120,99.224205,-100.0,1.1284697245425523,0
4.599911,61,99.308582,-100.0,2.764795627114241,0
-3.281564,57,99.381426,-100.0,-3.187510627917721,0
-2.570485,76,99.486575,-100.0,-2.1761206795311026,0
6.777181,59,99.568782,-100.0,5.136052012527368,0
-3.42851,96,99.694139,-100.0,-2.799280479724342,0
-2.747832,68,99.792846,-100.0,-2.2392850537233118,0
-2.537914,63,99.872937,-100.0,-2.4458055483483467,0
-3.331295,64,99.966017,-100.0,-3.1178455532238174,0
-2.52688,77,100.073466,-100.0,-1.475459358420704,0
4.797615,88,100.19867,-100.0,2.7823872420878004,0
7.301575,108,101.647875,-100.0,4.48542726295111,0
-1.664259,68,101.750153,-100.0,-0.7857821823517095,0
-0.739473,105,101.902202,-100.0,-3.522392541281519,0
-2.90294,90,102.023685,-100.0,-1.9490187072532295,0
1.634849,168,102.245484,-100.0,-1.2781604525146861,0
4.497865,101,102.38398,-100.0,2.2725650912378823,0
4.492231,110,102.53898,-100.0,2.070460664342254,0
-2.956377,96,102.667268,-100.0,-2.2561547380550255,0
-3.492883,67,102.761,-100.0,-3.295810849566563,0
-1.787538,91,102.887304,-100.0,-1.205757171702074,0
4.662918,63,102.969321,-100.0,2.4041335560448376,0
3.088791,91,104.085663,-100.0,0.7074979337124265,0
-2.532908,80,104.191247,-100.0,-2.1195347951426418,0
-2.542476,85,104.304289,-100.0,-2.417536593442125,0
0.951273,211,104.58538,-100.0,0.008452359172517188,0
3.105112,110,104.734773,-100.0,1.6820712577798824,0
-0.248787,96,104.866998,-100.0,-1.1215311962418317,0
6.33306,59,104.949474,-100.0,4.00231066730845,0
-3.486002,80,105.057478,-100.0,-2.7923567879182003,0
-1.478043,64,105.148301,-100.0,-2.4172856212138147,0
-3.043845,68,105.243637,-100.0,-2.633205851818615,0
7.013648,62,105.32787,-100.0,4.038227623565284,0
-3.422081,58,105.406704,-100.0,-2.7636980232954644,0
6.306029,69,107.044345,-100.0,3.7883786602239224,0
-1.293367,124,107.22517,-100.0,-0.15106121628553604,0
-2.038866,93,107.360179,-100.0,-2.670739222595806,0
-1.961653,70,107.45771,-100.0,-1.5757164304321507,0
6.653858,72,107.557644,-100.0,3.803962594454763,0
6.395177,74,107.655992,-100.0,4.629241331290426,0
-2.79321,52,107.728111,-100.0,-2.6064007947411216,0
-2.800301,56,107.804054,-100.0,-2.4784709250306394,0
-2.491921,146,108.023841,-100.0,-0.42219184982638075,0
-2.047664,84,108.133739,-100.0,-0.769992464885449,0
-3.105156,71,108.228669,-100.0,-2.591146980769271,0
6.63224,70,108.324711,-100.0,4.734120638727422,0
2.458595,469,109.93086,-100.0,-0.10053282267457386,0
0.699761,58,110.006986,-100.0,-1.9209362758839343,0
5.171081,63,110.09473,-100.0,2.8803119036528244,0
3.480124,62,110.177373,-100.0,1.2241017262958376,0
0.330022,133,110.359595,-100.0,0.6678802399059947,0
6.520545,67,110.447432,-100.0,3.5348917914523326,0
-0.433159,101,110.583343,-100.0,-3.8433012418249723,0
3.515448,73,110.682167,-100.0,0.4063226580773516,0
4.452162,98,112.171172,-100.0,2.0725968325878963,0
-0.942288,106,112.328161,-100.0,-2.4693157085359845,0
-0.608938,64,112.433489,-100.0,-2.6103038972464274,0
-2.380346,85,112.54687,-100.0,-1.3818496757787468,0
6.707507,82,112.661299,-100.0,4.7109905728630705,0
-1.213701,89,112.77567,-100.0,-2.42998932779367,0
-1.336899,86,112.901896,-100.0,-3.0852631768962775,0
3.800745,71,112.997379,-100.0,2.129238676736346,0
12.642603,312,113.437309,-100.0,-0.13949456977694452,0
6.787023,54,113.511199,-100.0,3.904240939783822,0
7.144762,95,114.598975,-100.0,4.015676758509818,0
3.192629,74,114.701029,-100.0,0.4000006564955416,0
2.635741,85,114.81241,-100.0,3.4562824733052344,0
3.010854,81,114.934869,-100.0,0.978981459396206,0
0.055402,270,115.289947,-100.0,0.08523252927685077,0
0.525624,162,115.501219,-100.0,0.005773286210648543,0
6.776752,82,115.608435,-100.0,4.243729264411678,0
0.523844,178,115.849031,-100.0,-0.021919914212952807,0
6.999296,86,117.240655,-100.0,3.6458969567801844,0
7.012193,70,117.369906,-100.0,5.022581112524131,0
2.79828,237,117.746359,-100.0,-2.1883139431680343,0
0.971355,377,118.2707,-100.0,-0.09275907357272684,0
3.668359,79,118.379777,-100.0,2.499317755753012,0
2.17556,84,118.502926,-100.0,0.04507165899385379,0
-0.376511,140,119.636711,-100.0,-1.3307481372018448,0
-3.170728,62,119.716066,-100.0,-2.6336428633843667,0
6.597682,101,119.85235,-100.0,4.6138172829557575,0
7.344363,102,119.99556,-100.0,3.720409179207177,0
-3.221715,70,120.091777,-100.0,-2.550331855559852,0
-2.589319,63,120.175114,-100.0,-2.476297939738606,0
6.846337,78,120.278167,-100.0,3.894285030056661,0
-0.448905,180,120.521821,-100.0,0.0025282085914496433,0
-3.223768,65,120.610377,-100.0,-3.3408755483761365,0
7.188278,70,120.702642,-100.0,4.079800420024795,0
6.443995,74,120.800924,-100.0,4.613066571682455,0
6.516984,71,120.898294,-100.0,5.155957376464761,0
7.240089,265,122.426166,-100.0,0.685681928533487,0
6.843413,65,122.603463,-100.0,5.315069291244175,0
1.18974,188,122.925,-100.0,0.017729670996034508,0
-2.881733,80,123.064763,-100.0,-2.0464577004689475,0
6.987665,61,123.158553,-100.0,3.792456649205833,0
-0.092693,135,123.350701,-100.0,0.7312160032144188,0
-3.477952,71,123.455265,-100.0,-2.908237084693601,0
6.932072,72,123.558341,-100.0,4.230797478352841,0
-0.553992,66,123.649753,-100.0,-3.5827423338560163,0
8.359161,490,125.421573,-100.0,0.18589091620008602,0
3.485352,90,125.553022,-100.0,-0.07131957329670979,0
0.720686,221,125.863764,-100.0,0.04884623301292468,0
5.987948,92,126.004636,-100.0,3.167329392176276,0
6.072676,87,126.124697,-100.0,3.2417312934720544,0
-0.541819,108,126.285144,-100.0,-3.1768348178656765,0
-2.752691,131,127.812143,-100.0,-1.844496542966263,0
12.740337,949,130.347394,-100.0,-0.6536547396710104,0
-2.516789,82,130.455837,-100.0,-2.1999240904753803,0
-1.662242,97,130.586644,-100.0,0.15392750918253761,0
-0.72042,100,130.721485,-100.0,-2.1023112001404707,0
7.218721,81,130.834124,-100.0,3.5182280434573734,0
6.629118,105,130.97931,-100.0,4.254927773339744,0
2.228841,287,131.370375,-100.0,-0.07012194753481249,0
-2.971592,88,131.493017,-100.0,-2.4556515354968984,0
0.838337,162,132.89344,-100.0,-0.023215543321932763,0
-3.072377,68,133.004956,-100.0,-2.9124421889451386,0
7.210899,94,133.420581,-100.0,3.860379634067219,0
7.116523,101,133.590875,-100.0,3.094966517505142,0
3.551636,136,133.801027,-100.0,1.9486839915403353,0
6.186664,74,133.900417,-100.0,3.7134134813264708,0
1.312265,251,134.237865,-100.0,-0.008618119950839498,0
-0.905014,97,134.374397,-100.0,-3.084640242990634,0
-2.123394,120,134.560039,-100.0,-1.6099200716099866,0
5.70353,61,134.639407,-100.0,3.3819394472457653,0
5.381016,88,135.71273,-100.0,4.074689722363419,0
4.279259,54,135.784078,-100.0,1.8038842701255002,0
2.616919,60,135.864815,-100.0,0.6905301678929932,0
5.74818,59,135.940631,-100.0,4.210700840873842,0
-2.365418,56,136.017387,-100.0,-2.0965012659878566,0
4.953403,90,136.145635,-100.0,3.3988770899608634,0
-0.902831,110,136.303751,-100.0,-1.2249913924930498,0
-1.870053,115,136.45365,-100.0,-0.2960473797275447,0
-2.500142,112,136.611973,-100.0,-2.24101635239774,0
1.529543,122,136.775157,-100.0,-0.5196318140072248,0
-0.896109,60,136.862264,-100.0,-3.134670407123927,0
2.342323,104,136.999933,-100.0,1.2136134365780382,0
-3.41529,64,138.283207,-100.0,-2.433756745665768,0
-3.246093,75,138.470276,-100.0,-2.0610936012424825,0
-0.825884,97,138.626505,-100.0,-3.687746049410323,0
1.071864,144,138.857423,-100.0,0.844539296682254,0
7.037846,89,138.984715,-100.0,3.2344814067733916,0
-0.403677,88,139.129902,-100.0,-1.9147645794747996,0
6.874698,102,139.265407,-100.0,5.218115290813419,0
0.651139,91,139.396937,-100.0,-1.861095545801284,0
6.430034,62,139.477401,-100.0,4.059203061199526,0
-0.962371,75,139.582842,-100.0,-2.1985606264985287,0
-2.540906,56,139.657976,-100.0,-2.774696753320957,0
4.896258,71,139.752113,-100.0,1.1209726962539235,0
1.288273,73,140.886213,-100.0,-0.016505108371286936,0
3.434288,128,141.060808,-100.0,-0.19096993013858365,0
1.8075,142,141.259441,-100.0,-2.4653011134613405,0
7.918728,75,141.359799,-100.0,8.223393605860096,0
6.344961,73,141.46348,-100.0,5.4077705599051304,0
-1.016398,64,141.55205,-100.0,-3.6069924911534477,0
2.577769,183,141.800059,-100.0,0.868110078449193,0
-1.051607,87,141.934191,-100.0,-3.5350771158531846,0
5.852988,60,142.015162,-100.0,3.811754740101163,0
6.80644,80,142.130797,-100.0,2.880696529485628,0
14.587964,486,144.096395,-100.0,-0.0095957968871474,0
6.501336,100,144.25194,-100.0,3.0178868322940477,0
6.61473,87,144.377093,-100.0,3.7872872039581376,0
-2.837601,73,144.489325,-100.0,-2.101287391082861,0
6.858688,75,144.590907,-100.0,4.121301688190815,0
3.370546,139,144.786664,-100.0,1.235048284940155,0
2.561281,128,144.957555,-100.0,2.2074914148138425,0
4.154535,140,146.154033,-100.0,1.9353989481212097,0
6.279837,82,146.263879,-100.0,4.080286902747008,0
1.508352,107,146.412645,-100.0,2.1317582523436385,0
-0.272725,109,146.55526,-100.0,0.3908081453517509,0
-0.021538,109,146.704704,-100.0,-2.7780286353036088,0
2.308873,125,146.887529,-100.0,1.1487505867615977,0
3.031258,85,147.001503,-100.0,2.0326117845613068,0
-2.639073,58,147.081822,-100.0,-2.371085175018822,0
2.566779,257,148.600136,-100.0,0.37758150145112634,0
-3.264548,74,148.721617,-100.0,-2.3628556638300497,0
-1.70602,99,148.878148,-100.0,-1.9200654814044682,0
5.898988,66,148.983716,-100.0,4.41746732788014,0
-3.245468,69,149.170408,-100.0,-2.262287932424864,0
-1.4113,73,149.290349,-100.0,-0.737368969055216,0
5.979617,68,149.399576,-100.0,4.427472645661211,0
-2.471153,74,149.530064,-100.0,-1.8013361366996503,0
-2.870376,64,149.616969,-100.0,-1.8964934529194237,0
-3.389872,84,149.748973,-100.0,-2.599551596686597,0
-3.245935,72,149.84757,-100.0,-2.222009555148648,0
-3.082068,73,149.982127,-100.0,-2.0289778575580177,0
2.712613,62,150.071917,-100.0,0.9332878596197791,0
-0.73364,98,150.217326,-100.0,-4.040454568347704,0
7.237082,66,151.28566,-100.0,4.187836106720591,0
-3.153056,91,151.40908,-100.0,-2.5465854101213656,0
-2.725746,85,151.52906,-100.0,-2.388588708957035,0
-1.291883,81,151.634742,-100.0,-0.6665782309268109,0
4.153897,497,152.319038,-100.0,-0.03831310173202929,0
6.128892,77,152.425567,-100.0,4.817203052461174,0
3.610604,97,152.555325,-100.0,-0.4645019150877805,0
5.993896,84,153.680142,-100.0,4.173111014605758,0
7.349326,76,153.8373,-100.0,2.983943864965859,0
-0.610756,110,154.033689,-100.0,-0.1067771510669977,0
0.247539,122,154.248404,-100.0,0.18817707041031473,0
-2.371643,58,154.346305,-100.0,-2.2668023457142366,0
7.394754,92,154.604737,-100.0,3.575163611842739,0
-2.903787,72,154.712482,-100.0,-2.0664419473070863,0
5.249521,80,154.85639,-100.0,2.335085180855523,0
3.212743,78,154.969576,-100.0,3.697289543626004,0
5.023339,65,155.074813,-100.0,3.165666592141933,0
-2.495423,96,155.217439,-100.0,-1.8569590361107715,0
8.03926,60,155.299651,-100.0,8.590464209703768,0
-3.246994,94,156.395838,-100.0,-2.6607166183485043,0
5.717701,97,156.533771,-100.0,4.411135031753571,0
1.681629,114,156.68428,-100.0,2.153838226970457,0
-1.36411,92,156.80685,-100.0,-2.732770848743179,0
4.135498,57,156.89103,-100.0,2.7288279124231893,0
0.857974,148,157.097722,-100.0,-0.14134616634895347,0
-0.440957,73,157.20162,-100.0,-2.1383841074679943,0
6.728922,75,157.305325,-100.0,4.360374901105379,0
0.789153,263,157.667845,-100.0,-0.009753515348346342,0
7.423876,100,158.752606,-100.0,3.280164030913977,0
-0.921814,73,158.854118,-100.0,-0.2345835938604215,0
-0.994935,79,158.967365,-100.0,-3.715163390214836,0
-2.92636,75,159.123884,-100.0,-2.2079107716995394,0
4.884641,96,159.311681,-100.0,1.928174577795163,0
-2.034301,108,159.675537,-100.0,-1.7597108244753303,0
2.672903,104,159.915578,-100.0,2.3413502947868143,0
6.764429,98,160.138716,-100.0,4.964514578246739,0
0.935421,192,160.463107,-100.0,0.3167055753273412,0
-1.127913,87,160.583529,-100.0,-2.978035420066729,0
1.354214,273,161.928576,-100.0,-0.3339925777473529,0
-3.647896,73,162.047197,-100.0,-3.1318025217993877,0
6.651939,81,162.1535,-100.0,3.27916465591533,0
4.698476,75,162.264989,-100.0,3.1598755069857654,0
7.545245,70,162.359297,-100.0,3.3886059824065895,0
1.676411,179,162.604021,-100.0,-0.10936541197097083,0
-3.197679,94,162.729006,-100.0,-2.568046792720016,0
-3.1334,74,162.839832,-100.0,-2.90646048824849,0
6.121772,111,162.988126,-100.0,3.4298412562428515,0
0.42514,93,164.0763,-100.0,-0.5231124067012732,0
6.647587,63,164.170584,-100.0,4.6267802117053645,0
1.605847,192,164.531601,-100.0,0.027769990229813413,0
-2.716357,72,164.669217,-100.0,-1.7903172313613243,0
-2.905996,86,164.827866,-100.0,-2.6804152370386394,0
1.976943,183,165.127293,-100.0,-0.7223573129460237,0
7.225763,104,165.377193,-100.0,3.721308800370784,0
5.230739,92,165.527885,-100.0,3.0305034580345707,0
-3.098001,78,165.637898,-100.0,-2.9711052985797926,0
-1.104725,151,166.922156,-100.0,-2.1902969058774966,0
6.753162,102,167.061541,-100.0,5.2628145619111315,0
210.540676,1000,169.48977,-0.07762890755618088,-0.0017459826490306973,0
1.475262,171,169.811799,-100.0,-0.33643227863900116,0
5.879496,121,170.048656,-100.0,2.709654261534885,0
-0.030739,122,170.250011,-100.0,-2.8459925450660046,0
7.051039,85,170.388536,-100.0,3.661987791743142,0
7.773376,118,170.646484,-100.0,2.7297056454384885,0
7.015872,88,170.787608,-100.0,3.230583128582627,0
6.174755,103,170.959151,-100.0,3.4499851466743694,0
-3.565501,89,171.092042,-100.0,-2.6904094801362244,0
1.360197,175,172.375324,-100.0,0.8904018450209894,0
5.37405,68,172.465455,-100.0,1.3504358868730892,0
0.623567,184,172.7238,-100.0,-0.030479225466701343,0
-3.203466,73,172.825285,-100.0,-3.1398842550023054,0
-1.021395,85,172.942046,-100.0,-3.528759327582299,0
6.908942,105,173.090299,-100.0,4.608280007455635,0
3.774492,68,173.181914,-100.0,4.001266977589599,0
7.501955,63,173.271147,-100.0,3.6035443232731024,0
5.024113,124,173.44236,-100.0,1.127415044396084,0
6.875425,77,173.548531,-100.0,5.039068839654086,0
2.942761,60,174.610746,-100.0,1.2892011301308803,0
3.550701,94,174.747611,-100.0,1.5745239841941538,0
-2.740012,82,174.873037,-100.0,-1.8311499639384818,0
0.652479,133,175.134814,-100.0,0.11805740850645674,0
7.532711,79,175.325581,-100.0,3.31885890314385,0
-3.076896,57,175.445692,-100.0,-2.2682576347322425,0
0.3205,106,175.757079,-100.0,-0.26986207279915686,0
166.321659,1000,179.005372,-4.995403627213721,-0.6469815729864248,0
3.412554,77,179.134732,-100.0,2.5397546873650496,0
7.219179,80,179.271412,-100.0,4.341460633726564,0
-0.217557,65,179.38431,-100.0,-2.1567931869692076,0
6.783097,63,179.49036,-100.0,4.847134915994519,0
5.818076,122,179.684738,-100.0,4.342472694822495,0
-1.883906,222,181.559463,-100.0,-1.8257607768535453,0
3.63489,79,181.702291,-100.0,2.5492700184267605,0
6.049508,64,181.79867,-100.0,3.7323273718404124,0
6.980899,98,181.952599,-100.0,3.1814557051527426,0
1.71856,130,182.140353,-100.0,1.9511930072620691,0
-0.987662,178,182.39037,-100.0,0.350232893410656,0
3.560957,136,182.576889,-100.0,1.8863106253809963,0
3.633886,104,182.725921,-100.0,1.3990318633844483,0
3.605007,188,183.961299,-100.0,0.46886490451971463,0
-3.084457,94,184.092367,-100.0,-2.8281005836492064,0
-2.179891,62,184.17847,-100.0,-2.651560865580363,0
4.584608,193,184.461637,-100.0,0.4115518752339742,0
-1.052375,87,184.604319,-100.0,-2.8734153417552055,0
5.444843,79,184.730171,-100.0,2.7555029213860074,0
-1.020018,226,185.04339,-100.0,-0.7782100118186532,0
11.788014,123,185.210853,-100.0,8.37521074950606,0
2.019249,133,186.793809,-100.0,1.9113556915415737,0
1.243013,186,187.158463,-100.0,-1.2897324700136186,0
6.912549,119,187.362712,-100.0,4.104416613888294,0
6.60523,108,187.512058,-100.0,3.5906687315742234,0
0.514111,157,187.735235,-100.0,0.7969920357454563,0
6.432419,61,187.820974,-100.0,3.2499031205834648,0
-3.191897,61,187.906067,-100.0,-2.542843330986871,0
-2.538759,80,188.023547,-100.0,-1.5576521626927031,0
-0.14453,122,188.203521,-100.0,0.011561285785738895,0
6.846133,83,189.277224,-100.0,4.418567528783281,0
4.462096,324,189.726728,-100.0,0.9823734190361266,0
-1.948414,78,189.837958,-100.0,-1.791478022649322,0
6.697376,103,189.975382,-100.0,4.315153750440749,0
1.15193,188,190.247477,-100.0,0.3885314666147466,0
-3.073363,88,190.371286,-100.0,-2.5779821913347103,0
-2.674878,81,190.485614,-100.0,-1.7100700226639511,0
1.065625,128,190.670507,-100.0,-3.6248619319285464,0
2.593165,164,192.277004,-100.0,2.1411124227149623,0
-0.175014,137,192.497846,-100.0,-1.1302744120442385,0
132.565293,1000,194.913987,-1.9694772761693031,-0.13921977227882465,0
6.765987,68,195.007092,-100.0,4.884398783665078,0
4.530961,147,195.215952,-100.0,-0.5872538861005522,0
5.413623,94,195.349362,-100.0,3.8550257173787177,0
-2.765788,100,195.493544,-100.0,-2.627033291688555,0
1.861387,68,195.586096,-100.0,2.2210520615193268,0
-2.829473,67,195.678531,-100.0,-2.3448024263593266,0
2.461186,128,195.851957,-100.0,1.5828730268378104,0
-0.919961,69,195.943975,-100.0,-2.820994126517599,0
0.385426,142,197.49523,-100.0,0.002971566621702837,0
6.233089,82,197.65422,-100.0,4.8533271575237915,0
3.751087,108,197.810476,-100.0,2.90268439941056,0
-0.252706,106,197.990484,-100.0,0.4168967325153383,0
-3.102239,63,198.077817,-100.0,-2.550561351289229,0
-3.252525,100,198.218004,-100.0,-2.45254390541296,0
-1.277987,98,198.34964,-100.0,-1.8587370936862109,0
-1.42959,230,198.679774,-100.0,-0.09801259173432719,0
218.211444,1000,201.147319,0.23283368310701746,0.005454956334083327,0
-3.153715,75,201.249688,-100.0,-2.7477286852961296,0
2.360164,72,202.57777,-100.0,1.7011037983303134,0
0.492001,289,203.159605,-100.0,0.13743095593603483,0
-3.078273,102,203.344368,-100.0,-2.238705049379247,0
-1.306395,86,203.460969,-100.0,-1.0444823048806833,0
-3.119603,76,203.569292,-100.0,-2.3496207383414944,0
0.905427,232,203.890327,-100.0,0.43479525441146527,0
4.006132,79,204.005438,-100.0,3.022474789934341,0
2.177048,288,205.36273,-100.0,1.8442299052376177,0
1.156028,113,205.518802,-100.0,1.1967168962911012,0
6.250554,239,205.847787,-100.0,0.9845632027297957,0
4.284985,403,206.40732,-100.0,-0.05973081082435605,0
153.052053,1000,209.349819,-0.6499429716738223,-0.2899910331146771,0
-0.629709,237,210.709212,-100.0,0.06281854021352007,0
2.953272,98,210.840008,-100.0,2.283897460824762,0
-3.066361,78,210.944448,-100.0,-1.6597029856370846,0
1.67978,274,211.320514,-100.0,-0.1515622276237738,0
-1.032054,100,211.453195,-100.0,-2.297735546104181,0
4.448213,93,211.592919,-100.0,2.489512433281436,0
4.450013,73,211.690754,-100.0,3.2751060449717557,0
2.561715,228,213.38011,-100.0,1.408581703311218,0
6.979072,122,213.693222,-100.0,4.703469534431241,0
-1.966136,93,213.833774,-100.0,-1.5251551031355783,0
-2.941223,91,213.970622,-100.0,-2.0820159733809103,0
-2.732029,72,214.068829,-100.0,-1.918561489769518,0
6.163475,107,214.230974,-100.0,5.979799074930559,0
4.16441,130,214.406045,-100.0,2.67320470145233,0
6.113616,149,214.618244,-100.0,1.48697406655521,0
0.887919,94,214.748475,-100.0,1.7044892359709904,0
6.377645,101,214.920528,-100.0,3.798096716980812,0
0.037257,149,216.079573,-100.0,0.5726942683851571,0
2.394164,188,216.353438,-100.0,-0.5554000801108105,0
-0.77339,177,216.590139,-100.0,-1.0072125010304944,0
6.359505,106,216.738152,-100.0,4.523935234843667,0
-0.408258,113,216.884711,-100.0,0.03658041939926138,0
1.430131,333,217.329889,-100.0,-0.2902833500503954,0
4.928168,275,219.06606,-100.0,0.20087198868532163,0
205.616286,1000,221.474624,-0.4604289925428944,-0.010920515652920182,0
2.505907,336,221.935463,-100.0,0.0058929570904731055,0
1.067299,120,222.102317,-100.0,-1.6185332584951313,0
1.51506,130,222.293582,-100.0,-0.16961190475028587,0
-0.399273,207,223.720873,-100.0,0.029312493786744498,0
-1.851601,107,223.974108,-100.0,-0.23904625121017475,0
4.010317,155,224.241884,-100.0,-0.05289752378810131,0
3.949952,81,224.354189,-100.0,1.0657169968547742,0
-0.670457,83,224.487305,-100.0,0.22898076830458913,0
0.690601,103,224.630551,-100.0,-2.2991607907737945,0
2.960646,282,225.031684,-100.0,-0.5714279730217336,0
-2.783358,97,225.174864,-100.0,-1.6288229592652166,0
6.332789,101,225.320242,-100.0,3.29962986092044,0
-0.36009,169,226.515391,-100.0,0.6018785656478348,0
0.450065,299,226.92813,-100.0,-1.121018027486207,0
-0.252708,193,227.192447,-100.0,-0.024538120260518825,0
-0.79671,108,227.336628,-100.0,-0.022452772674090293,0
-0.196385,89,227.453544,-100.0,-1.829367161932129,0
63.112948,750,229.882876,100.0,0.00041108634917796927,0
178.111805,1000,232.27402,-2.8356687037203003,-0.1546274027224792,0
5.864957,109,232.423059,-100.0,4.232349060336635,0
-2.428044,117,232.58653,-100.0,-1.3679091410600135,0
-0.723306,94,232.724068,-100.0,-1.5514647197336897,0
0.129888,176,234.067506,-100.0,-0.002171289874703941,0
204.960079,1000,235.694321,-2.323689862351393,-0.264626214395679,0
128.836056,1000,238.133915,0.01975401970358462,0.08939589807278159,0
-2.443558,99,239.412229,-100.0,-1.035737600210025,0
1.2438,233,239.996062,-100.0,1.5847391311683228,0
0.286574,168,240.373107,-100.0,-0.21429500447833483,0
-2.780665,85,240.515274,-100.0,-1.4101886242946584,0
-2.06809,121,240.67964,-100.0,-1.39394960121355,0
108.450149,1000,243.071368,2.108066923425669,0.06637287534059344,0
166.344631,1000,245.794297,1.871836061799052,0.02498256007629096,0
74.304423,779,247.861883,100.0,4.146995691622912e-05,0
257.344779,1000,250.410537,0.5832493836474164,0.02701779018650985,0
-0.665932,91,250.644179,-100.0,-0.7591640102976347,0
2.111879,155,250.930194,-100.0,0.4153535383376278,0
0.66447,151,251.156949,-100.0,0.0683949669164613,0
204.648793,1000,253.496139,-0.77023457600698,-0.02347032333279042,0
1.550757,163,253.71344,-100.0,0.634134098875459,0
0.89503,164,254.914923,-100.0,-0.6789250591086365,0
183.532995,1000,257.666713,-1.2542154689089944,-0.1337932921903806,0
0.784356,241,257.993424,-100.0,0.5149853130721327,0
1.76778,146,258.188553,-100.0,0.4832598478746408,0
256.510996,1000,260.627784,10.247512136849533,-1.1910256668945751,0
312.559192,1000,263.25898,1.7402222872522881,0.08600662902654266,0
1.911463,135,263.443534,-100.0,0.7838915778720335,0
5.14107,128,263.617801,-100.0,6.366055863617072,0
0.535988,92,263.746004,-100.0,1.3397107325519253,0
188.078286,1000,266.258623,0.11141381727789224,0.11790588933017099,0
-0.354111,195,266.848469,-100.0,0.9672997169052802,0
357.767044,1000,269.385129,-0.6275297278839804,-0.028637792823292818,0
1.715168,117,269.54102,-100.0,-1.5793672076959597,0
0.38342,135,270.707764,-100.0,0.5616661329937428,0
210.671874,1000,273.534814,2.3481638954301345,0.35145581004496496,0
2.793232,146,273.737281,-100.0,1.1213755722306484,0
213.081611,1000,276.152092,2.1351656226605242,-0.10958389436760307,0
0.586618,129,276.327034,-100.0,-0.674980524835202,0
4.134146,171,276.669044,-100.0,-0.5860868802188013,0
5.129018,182,276.991051,-100.0,1.7047648238134727,0
3.330522,177,277.350841,-100.0,1.0343051507449914,0
-0.685983,107,277.519232,-100.0,-0.818281075941423,0
12.617172,223,278.932468,-100.0,0.045586449155267106,0
288.640435,1000,281.315434,1.4041749291384982,0.06193189962376833,0
0.57912,140,281.50453,-100.0,0.4031783820952012,0
3.063067,234,281.882566,-100.0,0.6876069641801386,0
316.873795,1000,284.862807,10.904315051034109,5.157972137538066,0
6.068565,228,285.181206,-100.0,1.6621455293779985,0
261.78155,1000,287.791841,2.071872709609577,0.23124482489644937,0
1.681843,135,288.122177,-100.0,-0.20404117073771932,0
199.793623,1000,290.711661,11.082293614341113,3.231325448222842,0
294.299283,1000,293.401524,-0.47660520470409934,-0.015358110796097613,0
253.919722,1000,295.940617,-0.9536227869135914,-0.047659041613373754,0
321.887524,1000,298.572442,10.398541612711423,-1.0698154989395292,0
0.278996,202,299.005431,-100.0,0.09969645175636033,0
35.80486,506,300.770137,-100.0,0.026677162582020575,0
304.759988,1000,303.44177,-1.5283730187352365,-0.26397511661791606,0
292.504346,1000,306.067724,-2.929901100113009,-0.47148207336720205,0
302.082635,1000,308.432271,-2.3107747267668746,-0.08976740716883036,0
187.568682,1000,311.302697,9.584505939489214,0.05485717038528404,0
207.281245,1000,313.676184,-24.103478308122096,-0.08105338095327763,0
303.22747,1000,316.752335,3.168463115724845,0.059547448089508626,0
376.003834,1000,319.096443,-1.027466555644769,-0.019718616783267473,0
369.887633,1000,321.938651,-1.7156851158633792,-0.16478342000749158,0
268.402451,1000,324.306041,-12.450802486482031,0.1177820975296584,0
174.201986,1000,327.191504,-7.513083656879701,0.07834091870335347,0
353.574245,1000,329.557486,-0.17023421434718067,-0.21796884454872267,0
353.974029,1000,332.383953,-18.45331043216254,-0.30626017748497714,0
405.665831,1000,334.761306,-2.6646969946416075,-0.11489971877623018,0
430.597787,1000,337.710706,-2.10815452251076,-0.10862604453352187,0
379.786318,1000,340.086576,2.6593876715594256,0.12242754260630262,0
377.777649,1000,342.9065,-1.3923418633486715,-0.5611390894650892,0
394.416194,1000,344.278357,10.855885329899138,0.26251951330847123,0
359.696677,1000,346.919907,-1.189149888341089,-0.38730827199020657,0
436.190254,1000,349.389822,-0.45526907388401056,-0.06844480234126205,0
444.355224,1000,351.925693,-0.6809791053786192,0.26166792405824424,0
380.547956,1000,354.475879,1.526419163562596,0.08059302155073444,0
391.761671,1000,356.993911,10.189940015238498,-1.4534614694833037,0
416.01453,1000,359.892987,-0.3015971809317992,0.021996976064420082,0
418.013665,1000,362.776824,-4.0364572431160495,-0.13666845262630511,0
409.794291,1000,365.408472,-0.8733458496521067,-0.21481043576423997,0
314.750309,1000,368.142176,7.980626075271374,-0.26788387424358295,0
419.723668,1000,371.153248,1.0654516423495786,0.33453880121955604,0
406.251662,1000,373.999249,8.119080001859638,-1.5493779694392384,0
66.361905,567,375.96474,100.0,0.0009368701486739406,0
450.793383,1000,378.423697,-1.0583388645882763,0.03399175792913156,0
316.142807,1000,380.988356,1.618077110905568,0.4062385748352848,0
456.648138,1000,383.340919,0.515315386151169,0.024225821468557562,0
426.48799,1000,386.108004,-3.3009428356641157,-0.07131125793412907,0
237.400767,1000,388.471552,-0.08458361212082252,-0.23513627293558437,0
358.869561,1000,391.399622,0.5238497238997766,-0.1076446186270974,0
406.434384,1000,393.765326,-2.490598245917748,-0.7030117868628738,0
351.493708,1000,396.579755,2.9455346518651253,-0.07837412893271778,0
207.370621,1000,398.954659,0.27970685007012436,0.02906567483906941,0
460.056002,1000,401.708874,-2.8998937879914846,0.1784523051561615,0
389.581664,1000,404.072103,-7.886301598871834,-0.07721705197663797,0
456.89422,1000,407.048623,-9.942032238765416,0.329139098900022,0
85.287894,1000,408.423876,9.42034797700393,0.06363775065733657,0
3.847917,182,409.653259,-100.0,0.6205778701289022,0
449.682576,1000,412.387754,1.1183240592617765,0.09991912006063863,0
441.713218,1000,414.760468,0.7448537319175295,0.21847776210303094,0
451.186052,1000,417.52441,-8.660928004904719,-0.1055155062126012,0
419.374006,1000,420.11858,-7.540936098021252,0.10989121011712455,0
440.207828,1000,422.90051,1.683542969430132,-0.3806024318685275,0
475.296313,1000,425.237646,-8.587035542678425,0.327221580741055,0
403.68949,1000,426.801625,10.733195396489245,5.915115782377763,0
418.906778,1000,429.384413,-1.8723585999234935,0.02743888886758028,0
383.811514,1000,431.850619,0.00938105083100041,0.0007952540682443221,0
485.783778,1000,434.726454,-0.8031478261206992,-0.7554028151281467,0
470.784958,1000,437.265883,0.23564699336244388,-0.027406750518820244,0
2.94772,217,438.799429,-100.0,0.4095995540186903,0
455.380709,1000,441.186596,-4.5602249043088845,-0.31266278888685384,0
424.229368,1000,444.004911,-22.41710350098575,-0.11323082695081643,0
442.313782,1000,446.347527,-0.6029770790791804,-0.027727848272816047,0
432.877287,1000,449.147161,-0.5397138701427806,-0.024306224295599366,0
339.601255,1000,450.532222,0.303164296955438,0.215480578523084,0
406.628845,1000,452.936546,23.259325211997588,4.801070555907997,0
367.142472,1000,455.937168,0.11659101862586788,0.019857037465614846,0
413.646292,1000,458.3465,9.742651159871292,-0.6097594329042832,0
395.095102,1000,461.010012,10.550689580766367,5.145498530150922,0
414.512244,1000,463.348777,-2.159293035029033,0.04317536725234605,0
469.968558,1000,466.106633,-8.805852335126987,-0.30313175792762825,0
362.727615,1000,468.444823,0.5652883614892368,0.4019419056241702,0
258.074472,1000,471.280921,-22.787472819138788,0.011564173874533124,0
419.239212,1000,473.638286,-21.131912909098446,-0.4150791346600724,0
402.647685,1000,476.647107,-0.018854900390786716,-0.59912141804772,0
506.682924,1000,479.061405,2.217218086260347,0.08123007806074778,0
467.800991,1000,481.812522,-0.04767186281819136,-0.003950632021356704,0
487.329583,1000,484.135123,-0.9397820786844957,-0.09045855105547784,0
509.481285,1000,486.842032,-0.7477788641444334,-0.32929451247734276,0
443.365303,1000,489.204093,0.6172882038242988,0.09343257907987512,0
518.612147,1000,491.900894,0.1675506731004539,-0.005225843618382742,0
414.424606,1000,494.224926,-0.34596677695874045,-0.00900372042735409,0
508.408174,1000,497.172179,11.879059854432825,5.386512630774469,0
499.766914,1000,499.540985,-0.715803946495462,-0.061801026448408125,0
494.036914,1000,502.23409,-11.380802717186963,-0.1143521112388246,0
509.748143,1000,504.658239,11.321255360372364,5.469990879702845,0
275.195249,1000,507.515103,-0.6194726020209629,-0.01710593238485658,0
489.51204,1000,510.177819,-10.6462982973848,-0.015295647897201059,0
517.243226,1000,512.923725,-2.737254965982793,-0.504695155058088,0
493.927937,1000,515.35008,-0.802616673388691,-0.3109862460840529,0
571.573084,1000,518.295329,-1.2219533682289072,-0.3206611894189437,0
483.602988,1000,520.656845,-0.49271082891441575,-0.016657469348854148,0
528.249214,1000,523.370635,-9.067732844225972,-0.045697367345902684,0
505.454068,1000,525.810427,-2.6423475237023717,0.16218313829742037,0
512.003011,1000,528.520158,-3.6745859586251717,-0.07451807855255566,0
341.207764,1000,531.052405,0.836988954419055,-0.28237360749183704,0
510.215825,1000,533.79243,2.56955176301566,0.1043488703884865,0
473.570737,1000,536.415096,-7.6175641646455805,0.1109827931402485,0
-0.549545,158,536.637653,-100.0,0.1457495331948716,0
508.088414,1000,539.652014,-2.2295316535375385,-0.07461422338737367,0
542.775001,1000,541.97948,1.7184454670009341,0.656024470698533,0
537.151898,1000,544.669825,0.5569635247791496,0.026763631220908524,0
515.041093,1000,547.1503,-1.404344698709891,-0.05634031107358828,0
552.871437,1000,550.118556,-1.4322455882822591,-0.3756776719914834,0
263.541077,1000,552.49799,11.989204642811474,2.813426919086906,0
468.78029,1000,555.159626,12.339768059336313,5.602345075904433,0
505.174614,1000,557.662495,1.3283339642470944,0.2799058034380508,0
524.879657,1000,560.575594,-7.000260477871889,-0.14568771945293713,0
134.725927,1000,562.995427,0.8438762384951815,0.08402202944696624,0
484.378747,1000,565.652672,-2.679509023039831,-0.26781749844789426,0
526.402914,1000,568.146714,-17.043324470101908,0.5132048588949756,0
523.736451,1000,570.787689,-0.9771407828172756,-0.09544922741664741,0
548.054407,1000,573.351872,-1.4056848123921537,-0.07673957672346798,0
528.479857,1000,575.899046,1.909648925914297,0.08125295667036347,0
507.943854,1000,577.53294,12.137332937479828,5.0962991094920085,0
506.374584,1000,579.912016,0.13353470354949515,0.01880136245809294,0
502.133147,1000,582.931278,12.293018601104823,5.438847119367226,0
485.874196,1000,585.294915,-0.2342642352648321,-0.0003314234036333463,0
497.222011,1000,588.089773,-0.7852290281233729,-0.20630605636129618,0
497.593243,1000,590.456205,0.6062702061494225,0.772585134443472,0
479.858239,1000,593.199251,-3.952739025638908,-1.152291527149778,0
558.72848,1000,595.596136,0.3343904716627304,0.00842907238159274,0
479.209545,1000,598.45558,-2.74983700946301,0.002492325201874923,0
574.863353,1000,600.859802,-2.942797026144673,0.16370768845118677,0
510.565803,1000,603.985295,-2.256718711390664,-0.18082374834213044,0
589.499534,1000,606.403371,0.5809322726079678,0.15332869316866282,0
560.368484,1000,609.140592,0.7197426675948035,0.055386149743160695,0
441.959204,1000,611.856055,10.544098384205343,4.79918729947403,0
579.234172,1000,617.141709,2.16610403025426,0.6897525807485505,0
541.922818,1000,620.078779,-2.4681642040916505,-0.6513915091866052,0
544.650348,1000,622.451112,-2.5456431044144434,0.3103317988986165,0
525.088463,1000,626.013707,9.86370136311692,-0.7004788300532361,0
561.378641,1000,628.472467,0.26073212086575825,-0.0011802415579931225,0
563.431346,1000,631.294282,-20.551211923584027,-0.22850754249102767,0
588.053983,1000,633.629843,-3.8602491673477415,-0.30589286402432414,0
510.141657,1000,636.356369,-0.5451802280262921,-0.021784424110884437,0
546.885726,1000,638.771836,-0.24714167052111263,0.35627851650798514,0
11.360737,1000,641.593323,0.1859327629030514,0.006458764747083734,0
604.059738,1000,643.92396,10.697963506238022,5.310394248285474,0
566.076438,1000,646.871521,11.915404857924596,5.221512143475875,0
9.085305,1000,649.263146,-0.4686310092803978,-0.01996264437728157,0
560.269923,1000,652.056609,-0.7287410356335873,0.05765011758880445,0
