#{"t_start": 1783471587.0285578, "env_id": "LunarLander-v3"}
r,l,t,original_env_reward,generated_reward,reward_error_count
-8.962737,89,2.370244,-100.0,-0.5300033914459907,0
-19.051621,112,2.669023,-100.0,-0.33766296203063056,0
-20.508617,100,2.993721,-100.0,-0.4311367617813735,0
-9.479397,62,3.183792,-100.0,-1.2029270919240223,0
-10.309549,84,3.411999,-100.0,-1.0775792355634335,0
-8.569709,103,3.797407,-100.0,-0.7046313212288011,0
-27.125312,123,4.08937,-100.0,-0.6403553576662607,0
-13.549523,91,4.36286,-100.0,-0.7055353868524079,0
-12.981424,100,4.646794,-100.0,-0.9958336352787667,0
-12.00146,138,5.001203,-100.0,-0.06542791181409591,0
-14.901344,105,6.959788,-100.0,-0.17135258002679982,0
-16.891228,119,7.212555,-100.0,-0.3131767673243213,0
-9.655537,101,7.424934,-100.0,-0.12383622424870308,0
-8.645035,104,7.705508,-100.0,-0.06669865330101517,0
-13.120191,111,8.026321,-100.0,-0.082159763155857,0
-8.791136,80,8.22871,-100.0,0.022839195110959443,0
-8.461754,67,8.406768,-100.0,-0.6966475957996029,0
-10.830851,74,8.58403,-100.0,-0.551815476167041,0
-8.770386,76,8.758017,-100.0,-1.3333143390549664,0
-9.180341,65,8.894517,-100.0,-1.866799495050381,0
-11.041975,73,9.069781,-100.0,-1.8308567122906778,0
-9.855521,84,10.904173,-100.0,-0.9543250445737862,0
-5.333725,57,11.026385,-100.0,-0.005982423803893843,0
-14.817403,86,11.239794,-100.0,-1.4446144385880282,0
-9.835223,101,11.521725,-100.0,-1.1399304591598407,0
-11.811171,90,11.781479,-100.0,-0.23858780815038727,0
-9.319966,68,11.977163,-100.0,-1.4753990331960232,0
-20.418841,104,12.228939,-100.0,-0.1847552385692841,0
-12.414445,62,12.348074,-100.0,-0.24162196020207488,0
-11.544904,69,12.485672,-100.0,-0.7693031867800929,0
-7.430888,76,12.677056,-100.0,-0.05821656310145321,0
-18.809936,123,12.968454,-100.0,-0.21990872903046427,0
-15.339829,114,13.229385,-100.0,-0.39132712456019386,0
-15.104337,83,15.046924,-100.0,-1.1818288813796807,0
-11.98129,101,15.271702,-100.0,-0.07314875446566457,0
-14.969351,80,15.46829,-100.0,-0.2002168267406525,0
-7.253666,65,15.629133,-100.0,-0.03783258201271265,0
-12.714043,123,15.891339,-100.0,-0.22847548287664665,0
-12.363209,92,16.068771,-100.0,-1.474044574689445,0
-12.679697,113,16.342253,-100.0,-0.8906137423841124,0
-13.641355,102,16.575453,-100.0,-0.8553414508106943,0
-9.83888,54,16.701367,-100.0,-1.4517215270234587,0
-9.216335,64,16.83868,-100.0,-1.2104028918498517,0
-8.991918,69,17.008291,-100.0,-1.2788948756644027,0
-10.493728,112,17.370725,-100.0,-1.1424591349160975,0
-9.897267,75,19.059698,-100.0,-1.1464595265071433,0
-11.527275,81,19.250046,-100.0,-1.6210741183536403,0
-19.594383,100,19.49927,-100.0,-0.4270386321844507,0
-10.501616,90,19.703866,-100.0,-0.9303403035678091,0
-11.883868,71,19.860883,-100.0,-1.0737212233251907,0
-8.085895,88,20.066289,-100.0,-0.04814532982676947,0
-9.108671,82,20.275655,-100.0,-0.7930303717041812,0
-10.145127,80,20.478325,-100.0,-0.3321978682855986,0
-14.117201,98,20.727702,-100.0,-1.4541359095425122,0
-11.16261,102,21.022903,-100.0,-0.4700358484208974,0
-6.739463,85,21.236977,-100.0,-0.010827776883530588,0
-21.719334,97,21.500705,-100.0,-0.4767063968033516,0
-7.468049,63,23.287785,-100.0,0.374847226281563,0
-10.283387,93,23.557714,-100.0,-0.63577207173722,0
-15.014099,111,23.834261,-100.0,-0.32450480790709524,0
-10.743279,81,24.041889,-100.0,-1.376570517593947,0
-11.486929,107,24.332583,-100.0,-0.034503916731899745,0
-10.376297,65,24.619091,-100.0,-1.5704412966304333,0
-9.421578,85,24.838249,-100.0,-1.0890416481823297,0
-10.131456,101,25.063145,-100.0,-0.48675922736758637,0
-9.192362,78,25.219453,-100.0,-0.08493146669478857,0
-6.9868,94,25.441262,-100.0,-0.005283799591871785,0
-9.760581,91,25.690065,-100.0,-1.1170804491544581,0
-11.822253,103,27.561307,-100.0,-1.2580100335424722,0
-8.837654,69,27.756058,-100.0,-1.3712455789031917,0
-14.415057,96,27.991713,-100.0,-0.13322817779756554,0
-14.506255,98,28.240358,-100.0,-1.5459417236487605,0
-6.038284,81,28.422231,-100.0,-0.0077173292004945335,0
-19.457679,136,28.815383,-100.0,-0.21381827340794837,0
-10.854331,95,29.064387,-100.0,-1.050931336568942,0
-14.25313,95,29.325897,-100.0,-1.1167487303133599,0
-12.047811,105,29.587498,-100.0,-1.6883814388988867,0
-8.01642,58,29.75215,-100.0,-1.59387354147073,0
-6.737692,70,29.929754,-100.0,-0.02332744081924887,0
-15.291244,92,31.792418,-100.0,-1.4803158725535643,0
-10.522311,95,32.03998,-100.0,-0.15897285234955805,0
-7.984935,62,32.195731,-100.0,-0.6827402627981363,0
-8.316124,80,32.380314,-100.0,-0.7851064272646202,0
-8.60553,89,32.563708,-100.0,-1.0920607808665315,0
-8.982884,78,32.747355,-100.0,-0.8946950355640122,0
-9.463691,94,32.983844,-100.0,0.9666919009928816,0
-8.707507,97,33.291197,-100.0,-0.12499103922865906,0
-7.914883,65,33.467866,-100.0,-0.4990104694664953,0
-9.428186,64,33.650863,-100.0,-1.477588623150476,0
-9.512037,97,33.932265,-100.0,-0.37923223705173537,0
-10.173502,98,34.180633,-100.0,-0.1758521961164291,0
-9.305946,82,34.351578,-100.0,0.3402965768566055,0
-13.322514,88,36.108008,-100.0,-1.2757602673801365,0
-6.980823,63,36.2599,-100.0,-0.17010531840291843,0
-5.420062,58,36.408293,-100.0,-0.009991304943917059,0
-8.143643,70,36.594047,-100.0,-0.32770435360614447,0
-7.043675,53,36.738365,-100.0,-0.04033118052800945,0
-11.797688,92,36.940483,-100.0,-1.5882641469502823,0
-7.094354,83,37.142053,-100.0,0.9881098302631003,0
-7.846056,56,37.283258,-100.0,-1.4056387730714923,0
-7.801828,84,37.510599,-100.0,-0.08916541347529178,0
-7.60268,91,37.750901,-100.0,-0.062313450257676054,0
-8.667887,65,37.915695,-100.0,-1.6166745108960943,0
-9.188892,59,38.080815,-100.0,-0.6762912476963128,0
-8.231049,99,38.343331,-100.0,-0.004998946128261296,0
-10.235184,71,40.139482,-100.0,-1.5332254972014747,0
-12.291693,94,40.34877,-100.0,-0.047227291551336585,0
-8.404268,92,40.575769,-100.0,0.7285076023397955,0
-13.169064,95,40.833507,-100.0,-0.853241727128315,0
-8.296109,73,41.028295,-100.0,-0.036791320871528206,0
-8.146073,60,41.183333,-100.0,-0.3327458688543535,0
-14.207428,95,41.431353,-100.0,-1.4728630100853526,0
-9.237939,70,41.604202,-100.0,-0.7887011209809526,0
-10.185648,74,41.794981,-100.0,-1.0448766836534615,0
-8.46851,67,41.947861,-100.0,-0.6603619319010446,0
-5.341139,69,42.100112,-100.0,-0.007192402805741593,0
-6.574351,84,42.307923,-100.0,-0.011790281660467042,0
-10.580384,86,42.539338,-100.0,0.26416999942861985,0
-9.153958,83,44.366989,-100.0,-0.026213560825180338,0
-7.307194,85,44.574808,-100.0,-0.04414060483255148,0
-10.466376,96,44.79243,-100.0,-0.05004655124835833,0
-11.98454,93,45.155223,-100.0,0.3557377411618504,0
-10.638555,79,45.385061,-100.0,-0.5976683930826301,0
-14.109329,108,45.700815,-100.0,-1.272467430115791,0
-10.299164,97,45.972213,-100.0,-0.19014409672776633,0
-12.54756,92,46.189704,-100.0,-1.7599375546858922,0
-8.733194,75,46.365519,-100.0,-0.5236932778664269,0
-6.358577,76,46.579593,-100.0,-0.0026428904552886715,0
-6.441113,72,46.763071,-100.0,-0.836579625632289,0
-8.915188,63,46.950941,-100.0,-1.6065896278955036,0
-5.705873,64,47.141817,-100.0,0.9926318483209746,0
-6.087903,77,49.015798,-100.0,-0.005741631409968339,0
-5.20861,61,49.186899,-100.0,-0.005662308596320742,0
-13.421665,103,49.443544,-100.0,-0.22617186580622,0
-8.923989,81,49.66028,-100.0,-0.5478243386727354,0
-7.419033,75,49.842548,-100.0,-0.22266284019613936,0
-10.551653,90,50.06973,-100.0,-1.019813245664145,0
-6.524073,86,50.290887,-100.0,-0.006331945324340804,0
-6.848149,72,50.473045,-100.0,-0.01746300563130915,0
-7.077515,66,50.636496,-100.0,-1.2414973621846148,0
-11.598212,84,50.827311,-100.0,-1.2429380292855423,0
-7.064911,62,50.95102,-100.0,-0.32097761856090135,0
-9.999891,90,51.149615,-100.0,-0.02949425713265176,0
-9.209778,80,51.358758,-100.0,-0.7614541463640597,0
-7.28032,84,53.166862,-100.0,0.98722398371068,0
-8.617424,70,53.357791,-100.0,-0.8020541377734485,0
-7.713164,60,53.515469,-100.0,-0.32575239900236264,0
-12.671274,107,53.780113,-100.0,-0.06819181650154965,0
-6.758152,84,53.952206,-100.0,-0.003804134523045754,0
-7.375948,63,54.128941,-100.0,-0.6541601711949006,0
-8.09259,77,54.347743,-100.0,-0.4700200804385225,0
-6.510125,60,54.503996,-100.0,-0.023691097748185386,0
-8.116193,74,54.707274,-100.0,-0.22659555822257527,0
-9.768817,86,54.949142,-100.0,-0.23760894153772727,0
-7.194864,89,55.169312,-100.0,-0.004298929869920481,0
-10.021393,80,55.372936,-100.0,-0.6895333211443654,0
-5.768695,64,55.535087,-100.0,0.9515793180182063,0
-6.076226,67,57.3197,-100.0,0.7737674470759901,0
-12.894326,83,57.519443,-100.0,-1.3624146339143866,0
-6.94082,60,57.671939,-100.0,0.9688092541568787,0
-7.191991,71,57.817626,-100.0,-0.27048703905328264,0
-11.676801,87,58.033258,-100.0,-0.08319179745323518,0
-10.026186,73,58.224998,-100.0,-0.5808279218860993,0
-15.035654,97,58.490352,-100.0,-1.1983935409733866,0
-8.960222,81,58.696912,-100.0,0.9729056091196382,0
-6.489537,56,58.844849,-100.0,-0.03341121724359372,0
-10.193276,90,59.07652,-100.0,-1.2368982818009444,0
-6.357412,74,59.277475,-100.0,-0.013713142546940928,0
-12.231701,101,59.526643,-100.0,0.4017502583208685,0
-6.90917,65,59.662878,-100.0,-0.6926361104323482,0
-4.973663,58,61.411185,-100.0,-0.0043268057860681676,0
-7.001677,63,61.542041,-100.0,-0.05420340214561499,0
-11.72666,79,61.754683,-100.0,-1.2119680916372775,0
-7.235399,58,61.90508,-100.0,-0.6391099154705523,0
-8.172874,69,62.078246,-100.0,-1.3433474199921462,0
-8.826651,56,62.259087,-100.0,-0.9021359015957213,0
-8.96497,89,62.498806,-100.0,-0.9020647412008959,0
-10.042613,83,62.731518,-100.0,-0.8094299813210935,0
-7.566502,81,62.936751,-100.0,-0.03874982091388316,0
-9.419373,78,63.127468,-100.0,-0.7643978914010566,0
-10.070529,87,63.312145,-100.0,-0.8214907974874561,0
-7.045434,60,63.437108,-100.0,-1.1236067050243381,0
-7.997514,65,63.58191,-100.0,-0.3466478100155571,0
-9.5701,79,63.805117,-100.0,-0.0984839627112627,0
-8.123992,86,65.775584,-100.0,-0.01484123107844745,0
-9.827284,69,65.917609,-100.0,-0.8647710266500137,0
-6.05976,64,66.074228,-100.0,-0.015622208644324048,0
-8.516916,66,66.407713,-100.0,-1.5840715698745245,0
-6.579765,84,66.631243,-100.0,-0.038718728030542285,0
-5.37467,66,66.806476,-100.0,-0.0031923767491626592,0
-8.48978,65,66.972001,-100.0,-0.8679148504407211,0
-12.591381,91,67.223474,-100.0,-0.5594037612285462,0
-8.679584,63,67.399795,-100.0,-0.9895908165041263,0
-7.276701,74,67.614085,-100.0,-0.043305245953683416,0
-6.41159,59,67.761527,-100.0,-0.25358617231274294,0
-7.724747,82,67.936182,-100.0,-0.04081589048813804,0
-6.416352,77,68.11132,-100.0,-0.009288755797931769,0
-6.936494,80,68.309485,-100.0,0.1327215219961907,0
-8.023,84,70.090085,-100.0,-0.8957283062891637,0
-6.454032,56,70.216806,-100.0,-0.030648285340373022,0
-7.485228,54,70.35288,-100.0,-0.47330785915334606,0
-11.120058,95,70.606584,-100.0,-0.13441436963810394,0
-16.974418,98,70.836047,-100.0,-0.35161574196568424,0
-8.82811,73,70.976516,-100.0,0.1522249521145913,0
-5.417585,63,71.115514,-100.0,0.9518217032144627,0
-7.295467,57,71.261279,-100.0,-0.49241916878724495,0
-9.485961,93,71.499396,-100.0,-0.012245465286603242,0
-12.147977,99,71.743638,-100.0,0.7117706012448953,0
-5.273713,65,71.876921,-100.0,-0.007275404055262884,0
-5.375453,71,72.034864,-100.0,-0.0062283883283226855,0
-11.024396,101,72.292361,-100.0,-0.41016261927358655,0
-9.922742,74,72.48614,-100.0,-0.579737893003757,0
-8.05294,87,74.316653,-100.0,-0.018218965805890493,0
-7.163334,83,74.522294,-100.0,-0.01208384710591982,0
-10.150391,96,74.742879,-100.0,0.3049037508153244,0
-5.977063,59,74.863797,-100.0,-0.014417724665220004,0
-14.473811,97,75.10145,-100.0,-1.4426324225443838,0
-5.294697,57,75.252054,-100.0,-0.018541021590690016,0
-8.505923,79,75.446486,-100.0,0.07884658097365171,0
-5.750468,63,75.605483,-100.0,-0.06798951632125713,0
-7.459151,75,75.815769,-100.0,-0.08123266242364735,0
-8.378351,91,76.036217,-100.0,-0.07032979643880577,0
-8.574503,76,76.21114,-100.0,-0.8204421679676537,0
-7.355637,90,76.392421,-100.0,-0.012656627575283831,0
-8.125374,91,78.254072,-100.0,-0.020438332401202304,0
-11.378398,98,78.511179,-100.0,0.10863105276185892,0
-6.846326,81,78.746042,-100.0,0.795347695481673,0
-13.060013,95,78.997427,-100.0,-0.2493743254866463,0
-7.464724,87,79.213459,-100.0,0.9708011747585508,0
-10.132711,93,79.449464,-100.0,-0.8698066101339625,0
-8.04836,95,79.694161,-100.0,-0.003830073393605898,0
-11.002547,83,79.877411,-100.0,-1.0477950500397735,0
-13.949398,89,80.062151,-100.0,-1.5438380665408435,0
-8.114766,74,80.232671,-100.0,-0.21593063809503132,0
-5.985402,60,80.386198,-100.0,0.03243322800096349,0
-8.7679,66,80.5459,-100.0,-0.446416342866497,0
-7.725322,72,80.718213,-100.0,-1.1054062446986106,0
-7.622904,70,82.451561,-100.0,-0.5664938027492057,0
-6.976594,77,82.638366,-100.0,0.008184446774348597,0
-6.215625,63,82.803031,-100.0,-0.658292907833806,0
-7.898123,71,82.974845,-100.0,0.32310522548142184,0
-10.705834,73,83.178878,-100.0,-0.9799625115266838,0
-7.499011,71,83.35854,-100.0,-1.0605682582853369,0
-11.1877,97,83.606051,-100.0,0.11612660082958126,0
-7.746718,95,83.863004,-100.0,-0.007515472096470814,0
-8.043885,63,84.048867,-100.0,-0.908712935449437,0
-9.793621,82,84.29693,-100.0,-1.0613108725617408,0
-7.268671,73,84.464266,-100.0,-0.7010559760791515,0
-6.354405,64,84.619762,-100.0,0.18633744825241583,0
-7.813678,85,84.813067,-100.0,-0.017441972979837746,0
-7.174814,67,86.466327,-100.0,-0.932438643816392,0
-8.279319,73,86.62431,-100.0,-1.1765248554387784,0
-6.964892,74,86.829395,-100.0,0.08695985132011652,0
-7.189131,66,87.010184,-100.0,-0.7836379984223405,0
-6.559136,84,87.222059,-100.0,-0.0068011186403385765,0
-10.006881,92,87.607984,-100.0,-0.8448229360297274,0
-4.901231,64,87.768111,-100.0,-0.003769554216112447,0
-8.242228,84,87.978811,-100.0,-0.02035695229197391,0
-6.370337,63,88.110691,-100.0,-0.02974509798145201,0
-5.712706,70,88.253889,-100.0,-0.4270140429909606,0
-6.238643,69,88.421033,-100.0,-0.7162906733714265,0
-7.371617,73,88.688038,-100.0,-0.03856223049110438,0
-8.379805,60,88.874206,-100.0,0.20976598578987027,0
-6.698574,71,89.069362,-100.0,-0.17004469418138746,0
-7.829977,69,89.255779,-100.0,0.1981092528166667,0
-4.915256,62,91.024871,-100.0,-0.007511187931743354,0
-7.278119,72,91.206836,-100.0,-0.027211336163963495,0
-8.676567,58,91.361494,-100.0,-0.1671708153309449,0
-6.02708,61,91.512539,-100.0,-0.5692627068015323,0
-7.171959,72,91.704083,-100.0,0.10307410773580095,0
-6.39012,65,91.86919,-100.0,0.11096106533986105,0
-7.547544,70,92.048246,-100.0,-0.03024193829913924,0
-12.386889,112,92.345141,-100.0,0.4762803422639901,0
-7.284111,71,92.534903,-100.0,-0.7354945648464191,0
-7.123438,72,92.740118,-100.0,-0.13902563182036787,0
-5.991208,75,92.931502,-100.0,-0.011912717208152662,0
-10.447011,93,93.185356,-100.0,-0.7672207495035804,0
-8.063411,68,93.324306,-100.0,-0.10381082069220138,0
-5.467426,68,93.490243,-100.0,-0.009095161046419484,0
-8.800277,75,95.324717,-100.0,-0.03601999449647637,0
-6.977641,63,95.448828,-100.0,0.1162771541607368,0
-6.395314,69,95.596224,-100.0,0.9720964572902878,0
-5.474144,80,95.781516,-100.0,-0.0055662441469724756,0
-9.024408,88,96.02997,-100.0,-0.038028830476144755,0
-7.722202,76,96.227968,-100.0,0.6545818676000977,0
-6.181301,78,96.440679,-100.0,-0.6299273241212989,0
-7.057598,85,96.673685,-100.0,0.7527585296409595,0
-5.406414,61,96.833701,-100.0,-0.01185007500041962,0
-6.056886,61,97.008356,-100.0,0.03997262668811208,0
-7.809868,80,97.244162,-100.0,-0.7045988632156711,0
-7.762923,95,97.502761,-100.0,-0.504266221152854,0
-8.407984,85,97.738586,-100.0,-0.7910717911697238,0
-6.649163,69,99.658224,-100.0,-0.022215376356580042,0
-8.21035,83,99.842533,-100.0,-0.782599097595891,0
-5.208131,64,99.976709,-100.0,-0.00724077573367507,0
-10.892989,99,100.207725,-100.0,-0.8273847093590829,0
-11.653736,84,100.430679,-100.0,0.003535217463366269,0
-8.679113,99,100.695043,-100.0,-0.015204251189606235,0
-9.999441,87,100.929896,-100.0,-0.5781825559737691,0
-6.679985,68,101.086539,-100.0,-0.8217265186818592,0
-5.976463,88,101.29542,-100.0,-0.006906504025880795,0
-8.478841,92,101.550678,-100.0,-0.6304377109980229,0
-5.449226,76,101.734572,-100.0,-0.0034544121344830445,0
-7.027198,67,101.876423,-100.0,-0.1041628634351991,0
-5.035097,68,102.017775,-100.0,-0.0059370320160877016,0
-5.176482,68,103.815761,-100.0,-0.008948514726433087,0
-5.021904,79,104.059625,-100.0,-0.007426136977941138,0
-7.91239,90,104.287698,-100.0,-0.7605314098512228,0
-7.372375,72,104.525501,-100.0,-0.15201836494541943,0
-4.642227,71,104.735245,-100.0,-0.003933099303840655,0
-7.162268,89,104.926629,-100.0,-0.02415699224904622,0
-5.289052,66,105.067593,-100.0,-0.010425420973687417,0
-10.689669,89,105.275676,-100.0,-0.6078482274108856,0
-5.219264,65,105.44394,-100.0,-0.005694136181237427,0
-9.474671,86,105.672592,-100.0,-0.7129556653611424,0
-5.060185,69,105.86275,-100.0,-0.010252194282971323,0
-8.047763,98,106.109195,-100.0,-0.018286214375487213,0
-5.268679,75,106.327064,-100.0,-0.004544612633170513,0
-6.468376,92,108.252658,-100.0,-0.004892328727835248,0
-11.41947,112,108.533037,-100.0,-0.5682684445930845,0
-9.259827,94,108.933914,-100.0,0.4174167431984097,0
-9.833769,98,109.196438,-100.0,-0.3590077043520587,0
-7.169423,86,109.38248,-100.0,-0.7527270306910049,0
-9.658168,84,109.586066,-100.0,-0.030408467949011767,0
-5.633588,80,109.801085,-100.0,-0.43375766276241257,0
-11.400071,87,110.051176,-100.0,-1.004791458248898,0
-5.570058,62,110.204872,-100.0,-0.6845535312647958,0
-9.060361,70,110.369645,-100.0,-0.9746231985224478,0
-8.151698,74,110.518051,-100.0,-0.7632038647106713,0
-8.709445,81,110.683346,-100.0,-0.4387298619454904,0
-9.293828,94,112.547076,-100.0,-0.025798436389139003,0
-9.801498,85,112.729618,-100.0,-0.032608438143108674,0
-7.449903,67,112.895702,-100.0,-0.7365874767064061,0
-5.214535,66,113.05175,-100.0,-0.47374324735895784,0
-5.096143,65,113.191268,-100.0,-0.010913355798151267,0
-9.266455,83,113.350817,-100.0,0.15673050318223625,0
-5.931925,82,113.53726,-100.0,-0.01941306683334636,0
-11.974775,96,113.775603,-100.0,-0.7557649270286908,0
-6.174549,82,113.988466,-100.0,-0.00964873098178079,0
-8.005792,98,114.196398,-100.0,-0.04317510752758094,0
-6.881919,71,114.339803,-100.0,0.31930413575508665,0
-7.498434,98,114.579095,-100.0,-0.008261228683882784,0
-7.707725,76,116.444251,-100.0,-0.3709594387716236,0
-9.005546,89,116.625729,-100.0,0.14982686533559664,0
-7.962811,102,116.870232,-100.0,-0.00704407033974561,0
-8.060506,86,117.080292,-100.0,-0.02147058908382699,0
-8.693935,88,117.304643,-100.0,-0.035496028755750836,0
-7.562147,106,117.576562,-100.0,-0.007681079894683826,0
-9.02365,100,117.842722,-100.0,-0.029653243583167153,0
-8.096284,90,118.043944,-100.0,0.3432399763814792,0
-6.890778,60,118.202348,-100.0,0.05607086632970082,0
-9.939858,136,118.568369,-100.0,-0.05406144381336428,0
-6.480707,58,118.714317,-100.0,-0.019227704126044787,0
-7.99695,66,118.870098,-100.0,-0.04208203757203947,0
-8.356453,84,120.75287,-100.0,-0.4769456785275544,0
-6.023451,72,120.941237,-100.0,0.5397171934702044,0
-6.535103,84,121.168589,-100.0,-0.362418976544357,0
-6.28988,84,121.389036,-100.0,-0.2985381388603047,0
-5.888678,80,121.598522,-100.0,-0.00880570436597852,0
-7.615207,77,121.800398,-100.0,-0.5971196243167368,0
-7.59101,87,122.020413,-100.0,0.3339577647480033,0
-6.797558,80,122.216809,-100.0,-0.49222503151030966,0
-6.048373,65,122.391124,-100.0,-0.02415063579146202,0
-8.71701,94,122.627539,-100.0,-0.4041442155290326,0
-5.432648,65,122.767125,-100.0,-0.01475510849939643,0
-6.6381,79,122.940099,-100.0,-0.02679427428063947,0
-5.832025,82,123.148405,-100.0,-0.011293980204383127,0
-7.517893,102,125.082753,-100.0,-0.41043716130910274,0
-8.765254,69,125.242922,-100.0,-0.7201310957631165,0
-5.868155,74,125.408252,-100.0,-0.34737518608296714,0
-6.019825,87,125.582251,-100.0,-0.01036549742876806,0
-6.500853,95,125.789841,-100.0,-0.01247521528368501,0
-6.209662,92,126.023688,-100.0,-0.017365720120810627,0
-7.575173,98,126.290159,-100.0,-0.02435005747911413,0
-6.064168,79,126.491838,-100.0,-0.019289462926289913,0
-7.369863,94,126.696658,-100.0,0.47543803095368464,0
-10.149956,93,126.895962,-100.0,-0.2909047068174666,0
28.373175,1000,131.198517,-0.26117424637404696,-0.023878220619289528,0
-5.175148,63,131.349489,-100.0,-0.008984169770331035,0
-6.886424,76,131.529411,-100.0,-0.04445891938060529,0
-5.716518,81,133.247887,-100.0,-0.2840566569594482,0
-6.437219,94,133.470315,-100.0,-0.007144245340887215,0
-7.304851,66,133.651716,-100.0,-0.45571021138657675,0
-7.083276,104,133.924336,-100.0,-0.03522330218191176,0
-5.535754,79,134.119173,-100.0,0.5905425776541859,0
-9.303861,77,134.296898,-100.0,-0.5127957685329216,0
-10.621906,94,134.497923,-100.0,-0.40624007835353554,0
46.277164,1000,138.399592,-1.4307176064222904,-0.022972528600786808,0
-11.152194,87,138.598797,-100.0,-0.5689481110846559,0
-8.438435,95,138.843836,-100.0,0.9162268779675747,0
-7.057928,68,139.01825,-100.0,-0.21158675366428747,0
-5.236184,81,139.235203,-100.0,-0.014119857639449927,0
-8.315705,97,139.477378,-100.0,-0.31028209132889284,0
-7.123515,78,141.286174,-100.0,-0.033842059392899276,0
-5.561231,92,141.551483,-100.0,-0.14578969786183008,0
-8.616594,114,141.835999,-100.0,-0.014949578754891165,0
-7.665057,127,142.178168,-100.0,-0.007177223448568072,0
-10.59862,97,142.404185,-100.0,-0.06529215887679007,0
-5.757074,104,142.711759,-100.0,-0.04240316937674399,0
-6.819622,76,142.919703,-100.0,-0.028888398216306017,0
-7.053239,111,143.190449,-100.0,-0.006440269138689933,0
-6.421447,73,143.33701,-100.0,-0.02080426867529596,0
-5.898001,111,143.579697,-100.0,-0.046692765352593084,0
-7.393356,93,143.810222,-100.0,-0.0190643496708005,0
-6.179153,80,145.735721,-100.0,0.7185072363046183,0
-5.214876,92,145.977886,-100.0,-0.0257857103434102,0
-6.056171,105,146.225411,-100.0,-0.05788403321380319,0
-6.936764,118,146.464252,-100.0,-0.02145598076421265,0
-6.411064,111,146.712251,-100.0,-0.009074311621457103,0
-6.595855,88,146.935339,-100.0,-0.018514888490000114,0
-5.920071,81,147.161952,-100.0,-0.01936181471502658,0
-14.076291,121,147.458127,-100.0,-0.4832077719666563,0
-9.765294,109,147.701089,-100.0,-0.25816753653952484,0
-9.146099,103,147.940104,-100.0,-0.1464054567480263,0
-7.417232,102,149.796141,-100.0,0.563352109232182,0
-5.265444,88,150.008562,-100.0,-0.0065426426223569875,0
-6.505681,83,150.199139,-100.0,-0.03439900990483292,0
-7.756768,100,150.423802,-100.0,0.9763335885348344,0
-8.947785,98,150.841801,-100.0,-0.3968195237834091,0
-8.014309,92,151.084154,-100.0,-0.4582416428436936,0
-6.464988,75,151.354666,-100.0,-0.41107053461082416,0
-7.729263,88,151.566118,-100.0,-0.2476114673181056,0
-4.739236,71,151.810477,-100.0,-0.010683640219221684,0
-8.00612,107,152.056567,-100.0,-0.04368827867229728,0
-5.325812,74,152.217368,-100.0,-0.3885345571145813,0
-5.557749,83,154.394105,-100.0,-0.16764122300272316,0
-6.957638,68,154.568159,-100.0,0.9580447346169149,0
-6.039085,94,154.807193,-100.0,-0.022274500353788758,0
-6.673745,91,155.030982,-100.0,-0.07130619352057095,0
-6.372186,75,155.213027,-100.0,0.4229832330967529,0
-7.827257,75,155.41178,-100.0,-0.5285758162362192,0
-8.907191,106,155.674314,-100.0,-0.04536819464186263,0
-5.163932,74,155.904401,-100.0,-0.010525654889407762,0
-7.300276,89,156.157678,-100.0,-0.021696797377615547,0
-7.000808,97,156.45869,-100.0,-0.005517191034106775,0
-7.821643,72,156.692446,-100.0,0.6002983599813053,0
-9.189226,106,156.976094,-100.0,-0.46252511474757907,0
-6.224969,86,158.841296,-100.0,-0.10329646657838572,0
-5.773931,79,159.044612,-100.0,-0.287611740756726,0
-9.677103,103,159.291663,-100.0,-0.06368764395617318,0
-9.429621,93,159.502367,-100.0,-0.5258003400229648,0
-4.85434,79,159.698056,-100.0,-0.06322482813780049,0
-5.795312,76,159.880431,-100.0,-0.01633028266751483,0
-8.399373,108,160.167823,-100.0,0.5434053762518368,0
-4.877052,78,160.375294,-100.0,-0.005510884502397959,0
-4.824878,81,160.601573,-100.0,-0.006607451345891519,0
-8.422415,91,160.850038,-100.0,-0.03848618956232726,0
-8.681071,82,161.066755,-100.0,-0.5560379355078123,0
-5.598813,84,161.285467,-100.0,-0.14405946901023775,0
-8.049719,69,162.954123,-100.0,-0.5236617909039691,0
-8.079229,102,163.221433,-100.0,-0.032614085394216515,0
-11.118839,89,163.440089,-100.0,-0.8622508311666052,0
-10.554419,118,163.745682,-100.0,0.9017127991820003,0
-4.7006,80,163.93913,-100.0,-0.0059445800463654875,0
-10.870592,107,164.23499,-100.0,-0.031181195172392963,0
-5.280962,92,164.471489,-100.0,-0.009652676000711721,0
-8.557217,101,164.720924,-100.0,0.6489924913219313,0
-6.137589,87,164.944505,-100.0,-0.009902425753176854,0
-7.029312,66,165.093354,-100.0,-0.7748808361167223,0
-4.470009,74,165.265788,-100.0,-0.004488056563070359,0
-8.927271,95,165.505024,-100.0,-0.03275662584335403,0
-5.209868,86,167.216034,-100.0,-0.05944905405990438,0
-11.273674,117,167.490978,-100.0,-0.08794495905161784,0
-8.25555,113,167.786386,-100.0,-0.1266906229858936,0
-10.273637,89,168.023363,-100.0,-0.43431396697240776,0
-6.106618,94,168.274014,-100.0,-0.04348525208861173,0
-6.219637,91,168.498502,-100.0,-0.03550709157854392,0
-12.81303,110,168.771328,-100.0,-0.3046154805332366,0
-6.511246,108,168.997645,-100.0,-0.008687722484582555,0
-7.741576,113,169.262385,-100.0,-0.022464168723225677,0
-6.982675,100,169.499796,-100.0,-0.22268528329176476,0
-7.920889,115,171.322397,-100.0,-0.02778036312850205,0
-7.630213,116,171.705671,-100.0,-0.004644543517638877,0
-10.111764,118,171.998071,-100.0,-0.056985337943443015,0
14.480498,1000,175.92903,0.47170067426312984,-0.05389502924516016,0
-6.160469,86,176.093969,-100.0,-0.01385568954936996,0
-9.28743,124,176.388224,-100.0,-0.14031794244027107,0
-6.876323,104,176.658828,-100.0,-0.07022580279262058,0
-6.524152,100,176.905679,-100.0,-0.013977545934053145,0
-7.900615,103,177.165869,-100.0,-0.038871916378392594,0
-9.319272,92,177.397724,-100.0,-0.09031632783731698,0
30.202104,1000,181.401983,0.6279210714292816,-0.030594227223243207,0
64.716027,1000,185.591795,3.7368826469786827,-0.01077138611816178,0
-6.415544,94,185.794231,-100.0,-0.0997685301317838,0
-12.24239,131,187.706881,-100.0,-0.058974549964496734,0
-5.683178,116,187.926124,-100.0,-0.02576053415953016,0
-8.516876,116,188.203131,-100.0,-0.05441832845874511,0
-8.137965,129,188.515442,-100.0,-0.025247078639954075,0
-6.654646,95,188.74566,-100.0,-0.026409512629836516,0
-8.502409,108,188.956027,-100.0,-0.04349543102124395,0
-7.711403,132,189.257434,-100.0,-0.026009514860567497,0
-5.412506,108,189.514798,-100.0,-0.025160399130706827,0
-7.051904,131,189.86907,-100.0,-0.005378317373363363,0
-6.865206,90,191.684813,-100.0,-0.013799131209484287,0
-6.237389,114,191.920455,-100.0,-0.013548213757210284,0
-5.641674,121,192.224905,-100.0,-0.018305647210277724,0
-6.357367,106,192.534531,-100.0,-0.009056326896450154,0
44.84042,1000,197.31804,-17.41917580121533,-0.027456999678440782,0
-12.2865,112,197.613345,-100.0,0.9460051222690451,0
46.863221,1000,201.539573,-2.384751050898244,-0.025928342463685375,0
33.67622,1000,205.831921,-0.10812874165914252,-0.052699546567513036,0
-6.730647,113,206.168257,-100.0,-0.017785758993638472,0
53.434156,1000,210.238188,2.818173156097559,-0.041556292959387335,0
-6.248564,108,210.509471,-100.0,-0.016311837913133963,0
-5.217527,107,210.792728,-100.0,-0.016690231427555824,0
-8.861858,124,211.07375,-100.0,-0.019929534774723937,0
-8.608538,107,211.294447,-100.0,-0.04568781133358251,0
-8.993956,99,213.190902,-100.0,-0.21963514763551675,0
74.626665,1000,217.495892,9.979266692611008,-0.01851809454887083,0
63.717774,1000,221.541994,0.5400551797737532,-0.01962362074919692,0
72.293408,1000,225.525349,-0.7850965081143417,-0.004679618579871557,0
-7.288532,90,225.715602,-100.0,0.9264930138714795,0
-7.338747,103,225.939667,-100.0,-0.07309646841086748,0
47.009136,1000,230.036594,1.3915586950861762,-0.020283533371680148,0
64.159697,1000,234.080069,14.1071285458093,0.9736315661759756,0
68.665357,1000,238.440923,0.04678494923250412,-0.02720714449785302,0
76.563529,1000,242.611768,-0.0149945814724812,-0.011308953024998725,0
-4.789649,162,243.007926,-100.0,-0.020795324775484555,0
57.751099,1000,246.941374,-1.65371769459169,-0.03434852115006617,0
72.36226,1000,250.920989,-0.7344894408772678,-0.023305059516916554,0
23.624354,1000,255.015062,-10.593294316485498,-0.04524895067080783,0
68.185716,1000,259.380627,-2.700397194660708,-0.019540316976934247,0
44.268142,1000,263.326873,1.7041165666628828,-0.028485726610369497,0
58.20855,1000,267.199428,-0.2646956634866662,-0.006679946282484142,0
-9.055553,151,267.523569,-100.0,-0.03476240699993074,0
44.196888,1000,271.511726,-2.13161442164658,-0.028249928465440582,0
74.904828,1000,275.61351,-20.804968842331892,-0.017903528868014582,0
-10.65688,195,276.117777,-100.0,-0.021871054583911434,0
28.915518,1000,280.400605,7.84413849724011,-0.04787711834866141,0
81.264158,1000,284.426643,9.319737630721635,-0.00559384007164699,0
54.505641,1000,288.482404,-1.8281320184139165,-0.02703767154578688,0
69.556214,1000,292.345666,1.8754090263964356,-0.001283600027487121,0
85.454633,1000,296.359487,-3.3852673276367424,-0.0027034342197071373,0
78.945226,1000,300.76503,-3.1708990922898783,-0.0013672505263394084,0
-8.393336,130,301.083133,-100.0,-0.03206567655596943,0
-12.609894,152,301.464534,-100.0,-0.05531758726164522,0
-8.74692,150,301.86654,-100.0,-0.009918744740421682,0
85.40262,1000,305.928611,-0.3675978802915647,-0.003985244633776445,0
87.767704,1000,309.778361,-0.38399218309767064,-0.0016741191458523076,0
65.836683,1000,313.765326,-0.4053911511278159,-0.03227003543835507,0
69.544029,1000,317.764537,10.26361291372661,-0.004842704981453386,0
86.119376,1000,321.972341,11.242991905968337,0.9988043198424843,0
82.605061,1000,326.028575,-0.378423486247345,-0.0029447843451819514,0
80.706257,1000,329.895009,1.2212431829646313,-0.001409716013123891,0
76.814229,1000,334.396326,-2.0063498109473223,-0.006091324515373876,0
81.880475,1000,338.678005,10.05121302913819,0.996318590958187,0
73.65123,1000,342.743116,0.8205256611634628,-0.0024913846159558732,0
59.794776,1000,346.545044,0.8050684388465374,-0.004256425086730271,0
-7.753978,150,346.92689,-100.0,-0.02385270407424186,0
91.168723,1000,351.104831,-17.95254497206535,-0.006522960884696785,0
90.746397,1000,355.094693,-18.295691995077352,-0.0008414402911485516,0
64.679132,1000,359.014378,-2.578624950612788,-0.010112526035433316,0
90.681873,1000,362.96993,10.09600620018665,-0.0014418591247140255,0
76.270473,1000,367.184698,-0.6432407042017181,-0.0019576903944274076,0
88.239558,1000,371.112355,-1.3188959933381643,-0.002450775851455912,0
76.35348,1000,375.117034,-9.916908439837169,-0.005934761576374654,0
93.369604,1000,379.134213,22.33096275992036,0.9984206263098648,0
41.473558,1000,383.289469,-0.03490439056120806,-0.03135883062880713,0
43.536794,1000,387.507779,0.86621552955026,-0.036995850505450616,0
-11.28172,130,387.871441,-100.0,-0.15095402196786906,0
82.197452,1000,391.768509,-3.1866016431307793,-0.0039061162213234173,0
73.375797,1000,396.48623,1.9322328142167564,-0.0026965442314291614,0
81.808452,1000,400.768507,-0.08501421062058576,-0.004866570385813547,0
74.047343,1000,404.938309,-0.9286905375032213,-0.005340091212739354,0
52.805571,1000,408.980195,-0.009514717235852288,-0.017367075769772613,0
79.117325,1000,412.96291,-2.7897170449258133,-0.002923394415870025,0
86.912156,1000,416.922401,2.4365627968698873,-0.0018980505955157575,0
83.729429,1000,420.889514,1.3078842998964584,-0.0011103557575183251,0
87.906606,1000,424.901207,0.957463974514275,-0.002525471634577456,0
91.355707,1000,429.173944,9.77721669101619,0.996786489155519,0
71.168609,1000,433.172113,0.0706065526966502,-0.011709261217726731,0
83.185403,1000,437.148708,-2.46840682498255,-0.003454280881012856,0
89.656794,1000,441.180856,1.2024104609340032,-0.003023076618797818,0
88.123603,1000,445.085458,-1.6208703251606835,-0.004361778223114826,0
99.150561,1000,449.229311,9.69957181347813,-0.003019178248513772,0
94.27783,1000,453.16788,2.5426425556897345,-0.003244096064714885,0
81.996122,1000,457.065022,10.922443145396135,-0.005700002665063521,0
63.14585,1000,461.137676,11.548658665572534,0.9705728744058371,0
97.891799,1000,465.246287,22.893392516718475,0.9984844216276709,0
94.666564,1000,467.617156,11.826505312629017,0.9997062672188316,0
98.042173,1000,471.753782,-2.6455500163013865,-0.0032804413284861886,0
94.865361,1000,475.769078,-2.758102774597632,-0.00335048638742279,0
91.051565,1000,479.83611,2.3787157278555187,-0.0019290476799166463,0
91.424883,1000,483.989399,-0.10790494578334162,-0.004592757461711361,0
100.734146,1000,488.076719,-9.73752142587408,-0.002133135125464347,0
89.405264,1000,492.197669,-10.000060317304184,-0.0016078245853393932,0
88.179208,1000,496.588093,-0.7563295283740186,-0.0027622683466262733,0
97.494063,1000,500.826158,-3.301453261886286,-0.002778941735069743,0
-8.325473,163,501.260376,-100.0,-0.02033415738708896,0
99.673184,1000,505.471016,-13.46483863718839,-0.0014082159583211657,0
100.700022,1000,509.413676,12.534308999085255,0.9978114111801514,0
74.307827,1000,513.68339,0.5618380782368941,-0.0018123404368586909,0
39.639313,930,517.378669,100.0,-0.02198843349177192,0
104.536298,1000,521.912438,11.1550820291902,0.9985675056792657,0
87.909188,1000,525.917639,0.9719290031724184,-0.003255831312337966,0
102.425903,1000,529.846632,1.3031282069704122,-0.0033628837647289686,0
101.36948,1000,534.177001,-2.6673866036475866,-0.0016393344000339535,0
97.239098,1000,538.4522,1.4584786044505134,-0.003049592158686535,0
100.770211,1000,542.779717,-7.841468853886974,-0.003764791970880689,0
95.289461,1000,546.849519,-1.667423445193931,-0.0027638634913751407,0
101.663289,1000,550.92749,-2.0372692473401797,-0.0015701104609117348,0
92.366815,1000,554.910733,0.9282941096671788,-0.0038316958869943265,0
90.779783,1000,558.876808,-0.2883433488720783,-0.0032208121533870084,0
106.602898,1000,562.912561,0.5408148252836753,-0.0003661116382199577,0
101.25905,1000,567.07831,-0.21601805164136784,-0.0015974619153880801,0
104.011926,1000,571.121173,-7.789595210571044,-0.0019413673465439843,0
98.659856,1000,575.343467,-17.684171511779613,-0.00041687309800015444,0
98.975732,1000,579.441728,0.5511384737845972,-0.0007983744860012193,0
103.282944,1000,584.223017,-11.319312678450936,-0.0028267906200056575,0
-13.008326,1000,588.381828,-0.03619282046765315,-0.001171837206927806,0
105.377105,1000,592.455031,-0.6988787582663558,-0.00179164988429606,0
99.102544,1000,596.581584,-1.7513817372955651,-0.0026516401689804826,0
96.104546,1000,600.623843,12.67212822521857,0.9983790388990252,0
94.730724,1000,604.805678,-8.554142495559846,-0.0017649578205384438,0
103.147666,1000,608.797064,-0.4658841702794507,-0.0015977465543730658,0
88.631997,1000,612.790235,0.47168230859740246,-0.00425591523602604,0
104.25117,1000,616.687649,-2.107456039650836,-0.004579603195849455,0
98.049703,1000,620.822249,-0.7046516718220142,-0.0009451480489807579,0
103.016839,1000,625.006834,-6.838116300049715,-0.0017191922918937737,0
104.58833,1000,628.95078,-2.0258585926120203,-0.0016008157362964344,0
107.163033,1000,633.092624,12.595268030676953,0.9985725501445345,0
104.584589,1000,637.04428,-18.981290930439915,-0.0005591820819022597,0
101.112778,1000,641.082374,-2.1062976936695312,-0.0033858852705197216,0
108.869214,1000,645.398272,10.70771164049102,0.9981308930912428,0
113.105497,1000,649.297766,-0.9663968969284209,-0.002209334167611219,0
102.26909,1000,653.34073,1.0818516317038238,-0.0025943901824607186,0
97.598465,1000,657.234285,0.6858556216879041,-0.0020161981315934808,0
110.845147,1000,659.685918,-2.0831535072454193,-0.0011822861319322803,0
-14.263636,132,661.630527,-100.0,-0.12891143177715558,0
113.140115,1000,665.606397,-0.5971657700126183,-0.002389842661915307,0
109.867877,1000,669.720555,-1.1273262559044115,-0.00043858107376894295,0
103.061847,1000,673.688677,-2.267763533937499,-0.0026046341309951706,0
101.223256,1000,677.682929,-1.5041747726021566,-0.0019122468158277763,0
105.077116,1000,680.266102,-3.6386097087184117,-0.0031763788267176393,0
115.616582,1000,684.637916,-1.0745340722360954,-0.0025293740938644835,0
105.105695,1000,688.727167,9.010587115433786,-0.00285606876990478,0
117.749193,1000,692.694079,-0.13437683515163384,-0.002714227522443695,0
110.346842,1000,696.725569,-0.6515008575229284,-0.003024296822330521,0
107.402182,1000,700.583515,-1.7539716379546093,-0.004829896743161837,0
111.109595,1000,704.572793,-1.0112482316700255,-0.003457030579378237,0
106.152981,1000,709.004348,-0.19331834401511003,-0.002881509395415998,0
102.92839,1000,712.902297,0.535074406352237,-0.0007446910200144651,0
118.733291,1000,716.86101,-0.021462949098664835,-0.0033651213811327707,0
121.039684,1000,720.898428,8.808553168400945,-0.00421177746731713,0
113.079415,1000,725.256259,11.065111002713047,0.9973908587731783,0
124.782847,1000,729.165544,-0.5295684282569184,-0.0017859537681253867,0
119.616683,1000,733.027045,-13.642221862260202,-0.0023108927865752296,0
112.642335,1000,737.028935,-0.29904492955392814,-0.0015268287373112494,0
110.366942,1000,740.90188,3.0895741180229654,-0.0017849897669133682,0
123.052586,1000,744.806371,-1.8381243815327963,-0.0020952717681960303,0
2.373197,1000,749.008026,-0.4311165819939464,-0.0025398260182057076,0
127.260723,1000,753.44951,-7.018891287756452,-0.002004762764223165,0
113.657396,1000,757.414255,-18.327191390812395,-0.0029792217168866765,0
118.01775,1000,761.311973,9.296842848294412,-0.0009816611207665471,0
123.966154,1000,765.225804,8.345013618056626,-0.0007067231094381577,0
110.617679,1000,769.54345,12.024896512803853,0.9983404155430221,0
118.802963,1000,773.570683,0.38105957457133255,-0.0015631389290692063,0
117.644608,1000,777.645149,0.08564373025975486,-0.002055574927323228,0
121.163371,1000,781.501096,-0.41252459412568604,-0.0012698166355498625,0
121.72345,1000,785.531471,12.08272985187841,0.9981554214351805,0
115.695547,1000,789.67105,-17.7753946761185,-0.00045469640026576203,0
118.196544,1000,793.913407,11.952996258291448,0.9988408955683009,0
-23.750283,120,794.188168,-100.0,-1.3103159880784205,0
108.967168,1000,798.550431,0.697728623017067,-0.0007651144057776125,0
130.14054,1000,802.481467,11.922817452762638,0.9984417607081592,0
125.244269,1000,806.641236,11.988159828236194,0.9990884498405674,0
122.408182,1000,810.903487,-1.8263798824312614,-0.0013161179872776471,0
127.681756,1000,815.255142,-8.407126050912211,-0.0019355344944779604,0
123.077146,1000,819.844181,-3.090758492134852,-0.0014058911102716718,0
124.950257,1000,823.886053,-10.828023058789997,-0.002167001419707028,0
121.815003,1000,827.997243,10.674727574833813,0.9980257305325526,0
119.645055,1000,832.019739,22.470784006706424,0.997762541182726,0
126.005951,1000,836.443677,11.09799770717265,0.9981799539326307,0
125.701579,1000,840.680182,-7.640186672372656,-0.0013767065052373126,0
121.006021,1000,845.015002,-2.419637110090982,-0.001732723260574857,0
129.984962,1000,849.097662,11.706053843029053,0.9975951124689625,0
127.406957,1000,853.104886,-2.4923552441008145,-0.001961407432999061,0
125.432451,1000,856.993576,0.2954964925175119,-0.0012391204542534391,0
127.341536,1000,861.013445,0.8518863905753342,-0.00018132032126328627,0
101.697295,1000,865.17014,-8.389712689356287,-0.0007726923630203897,0
67.089405,1000,869.786958,2.2223648541376178,-0.0285229345043903,0
122.488956,1000,874.207775,-21.1158941916882,-0.0016084906925093263,0
121.673699,1000,876.636914,-3.4317536816278027,-0.00486630300339376,0
118.432802,1000,880.843249,-9.536344449246037,-0.0016660340043773896,0
108.791575,1000,884.932204,-0.3248790889829487,-0.0004442379841146146,0
117.808279,1000,888.984319,-1.0430779260458138,-0.0015515175094594981,0
122.64333,1000,893.041164,-0.00788193512275015,-0.00010684726957503946,0
132.381517,1000,897.298298,12.452645632771254,0.9992817963828102,0
115.460848,1000,901.223073,-8.01515439552465,-0.0017946394728980035,0
134.09011,1000,905.186466,12.035280206418445,0.9979779631822855,0
112.140832,1000,909.363738,-2.583572826179358,-0.00021997101200958025,0
84.488363,1000,913.563255,0.2511364430205596,-0.0016488578532611734,0
126.213116,1000,917.481019,-9.082687548290831,-0.0004245689924847415,0
128.477784,1000,921.327229,11.688746783147796,0.9994931862268824,0
124.945328,1000,925.221657,0.3728863424309854,-0.0022108686936083213,0
111.644937,1000,929.473174,1.0154468940409018,-0.0016377804031784114,0
125.90036,1000,933.656639,0.5741484117102722,-0.0005176591368877141,0
129.706703,1000,937.561304,0.3627408936468413,-0.0028630522472629337,0
139.47367,1000,941.508848,-17.322268700616814,-0.0006481454224362638,0
126.915391,1000,945.602722,-2.161510834276583,-0.000369896655221971,0
129.810821,1000,949.460946,0.519927700762489,-0.00037623596789709943,0
123.720549,1000,953.419241,-0.8935609159707625,-0.0018102866370287138,0
129.662934,1000,957.414262,0.778133313108583,-0.0014070195052209061,0
128.955417,1000,961.335609,-1.887092288900181,-0.0011716807228807048,0
129.93257,1000,965.376988,-17.4972404054364,-0.0019334293939011092,0
133.037961,1000,969.325331,1.0286773153964337,-0.0014813445361020802,0
125.871419,1000,973.280407,0.3572633476402256,-0.0022328027321275056,0
128.289723,1000,977.247164,-1.4480775135168262,-0.003235828006355933,0
137.167862,1000,981.196455,-2.147532568262393,-0.0025899666157876006,0
119.783868,1000,985.250182,-3.386059466784448,-0.003154783980540714,0
132.097065,1000,989.160018,12.488531215333868,0.9972510975817029,0
143.547626,1000,993.233968,-7.189619134509874,-0.002938009645193222,0
147.142363,1000,997.668032,-0.2886491671856657,-0.0010792012188238457,0
135.059213,1000,1001.667514,1.4528833915485215,-0.00029762589112685816,0
133.150859,1000,1005.896188,-1.7990103415168222,-0.0038940487496321938,0
131.192981,1000,1009.935027,-3.80042372366358,-0.0027928066136679343,0
132.101889,1000,1013.820681,-0.4030797355430799,-0.0010476899090585776,0
142.124605,1000,1017.771674,-1.3625607651960745,-0.001955415020584879,0
