#{"t_start": 1782762598.5263937, "env_id": "LunarLander-v3"}
r,l,t,original_env_reward,generated_reward,reward_error_count
7.207759,97,1.35611,-100.0,0.18473070859909058,0
2.177523,81,1.440682,-100.0,-0.04468157887458801,0
0.620882,105,1.566015,-100.0,-0.2212083339691162,0
17.236957,107,1.671566,-100.0,0.367775022983551,0
1617.037433,1000,3.605952,2.629650113896259,2.1275887489318848,0
12.212641,94,3.701924,-100.0,-0.13645145297050476,0
20.313684,71,3.794536,-100.0,0.17071114480495453,0
18.351173,79,3.871768,-100.0,0.353210985660553,0
7.989784,119,3.998079,-100.0,-0.08660515397787094,0
24.493383,67,4.067661,-100.0,0.324741005897522,0
6.587873,99,4.19198,-100.0,-0.1533040851354599,0
2.492645,105,4.31952,-100.0,-0.056861426681280136,0
18.547249,104,5.508488,-100.0,0.4440328776836395,0
10.78034,84,5.650599,-100.0,-0.17169049382209778,0
21.667547,63,5.767664,-100.0,0.509254515171051,0
15.722963,87,5.922199,-100.0,0.331197053194046,0
30.29728,72,6.025341,-100.0,0.5026612877845764,0
6.425712,94,6.166455,-100.0,-0.2411385476589203,0
35.96236,131,6.396327,-100.0,2.051109790802002,0
-6.838944,114,6.569657,-100.0,-0.2994675636291504,0
21.810092,83,6.713489,-100.0,0.12000662833452225,0
0.739396,79,6.849154,-100.0,-0.15255019068717957,0
-3.768606,97,7.008586,-100.0,-0.08208595216274261,0
0.992613,127,8.320871,-100.0,-0.2820628881454468,0
7.045798,135,8.538944,-100.0,0.22455832362174988,0
7.25814,127,8.785649,-100.0,0.08355499804019928,0
13.511326,99,8.973517,-100.0,-0.15302731096744537,0
23.549299,69,9.100728,-100.0,0.39756113290786743,0
24.06185,67,9.217637,-100.0,0.23777657747268677,0
33.684307,108,9.399828,-100.0,0.4236591160297394,0
10.760558,67,9.647938,-100.0,0.08191094547510147,0
17.62961,86,9.82944,-100.0,0.28487005829811096,0
25.185065,100,10.014324,-100.0,0.27470311522483826,0
7.457438,124,11.507966,-100.0,-0.09364748001098633,0
4.144151,65,11.609636,-100.0,0.041655756533145905,0
17.021522,93,11.742607,-100.0,0.6332915425300598,0
2.172214,114,11.898923,-100.0,1.4015742540359497,0
20.061342,77,12.008472,-100.0,0.367728054523468,0
29.555924,117,12.171386,-100.0,0.44483110308647156,0
28.983168,73,12.279718,-100.0,0.3293432295322418,0
14.848046,111,12.44201,-100.0,0.5863755345344543,0
15.895844,84,12.563389,-100.0,0.3371514678001404,0
25.934946,85,12.689456,-100.0,1.9033114910125732,0
13.384749,83,12.803112,-100.0,-0.23407045006752014,0
13.500075,79,14.142695,-100.0,-0.1695283204317093,0
13.437579,109,14.319492,-100.0,0.18010200560092926,0
4.722602,115,14.529947,-100.0,0.2739209830760956,0
30.46346,122,14.909692,-100.0,0.17786134779453278,0
16.341854,82,15.152435,-100.0,0.38917428255081177,0
3.00675,112,15.360947,-100.0,-0.035072874277830124,0
15.290218,63,15.464869,-100.0,0.028809119015932083,0
33.502166,70,15.582237,-100.0,2.0867156982421875,0
14.235679,66,15.690416,-100.0,0.35192012786865234,0
9.35396,137,15.940788,-100.0,0.4445090889930725,0
12.876432,123,16.137707,-100.0,1.6940793991088867,0
15.922648,99,17.438148,-100.0,0.2623201012611389,0
6.909601,105,17.590934,-100.0,0.03208969905972481,0
5.863942,104,17.744137,-100.0,0.3136969208717346,0
16.827628,79,17.864078,-100.0,0.26941022276878357,0
10.482391,105,18.007131,-100.0,0.10187587887048721,0
16.100447,99,18.150973,-100.0,0.1409146934747696,0
23.8162,94,18.291738,-100.0,0.4676351547241211,0
8.102957,83,18.418981,-100.0,0.08340395987033844,0
1.940363,157,18.650244,-100.0,-0.15122702717781067,0
13.885497,126,20.33532,-100.0,0.4714350402355194,0
9.141447,98,20.515847,-100.0,0.05028412118554115,0
10.796032,100,20.681811,-100.0,-0.11934873461723328,0
19.217176,85,20.829301,-100.0,0.36785364151000977,0
14.014326,58,20.941502,-100.0,0.09508147835731506,0
16.143544,60,21.046949,-100.0,0.28440821170806885,0
8.45728,136,21.262785,-100.0,0.09253119677305222,0
29.3355,89,21.389344,-100.0,0.0017164461314678192,0
7.603757,86,21.526618,-100.0,-0.04512861743569374,0
2.079678,125,21.729143,-100.0,0.42397886514663696,0
10.415903,73,21.835209,-100.0,0.3292061984539032,0
22.766138,106,21.98502,-100.0,0.19245682656764984,0
4.434566,102,23.229092,-100.0,-0.08812840282917023,0
28.329192,91,23.352948,-100.0,0.587777853012085,0
17.669975,75,23.456887,-100.0,0.35008928179740906,0
15.910664,78,23.562806,-100.0,0.030831418931484222,0
9.156071,162,23.803884,-100.0,-0.060528337955474854,0
17.697917,120,23.979565,-100.0,0.29565730690956116,0
41.31065,130,24.189121,-100.0,0.5318335294723511,0
11.442712,115,24.39626,-100.0,-0.11420505493879318,0
13.287759,62,24.510155,-100.0,0.07162928581237793,0
17.372538,71,24.622215,-100.0,0.4833516478538513,0
9.910751,72,26.141356,-100.0,-0.09708201885223389,0
16.973754,72,26.280664,-100.0,0.34543880820274353,0
10.054123,69,26.389162,-100.0,0.38602134585380554,0
18.819791,73,26.502882,-100.0,0.07742834836244583,0
28.228253,118,26.684272,-100.0,1.9756025075912476,0
12.591121,59,26.788213,-100.0,0.1646336168050766,0
27.606919,131,26.978315,-100.0,1.7223047018051147,0
34.200135,78,27.100808,-100.0,2.0974886417388916,0
25.550002,65,27.198448,-100.0,1.6943172216415405,0
16.3097,60,27.291759,-100.0,0.20791080594062805,0
28.508841,65,27.39283,-100.0,1.9417893886566162,0
11.234958,114,27.567989,-100.0,0.11945926398038864,0
10.365555,88,28.777588,-100.0,-0.14403335750102997,0
7.286482,133,28.97107,-100.0,0.06555371731519699,0
20.454408,78,29.080487,-100.0,0.4929998219013214,0
17.071173,98,29.214071,-100.0,-0.09666479378938675,0
16.099467,89,29.358971,-100.0,0.1816459596157074,0
35.669523,95,29.534978,-100.0,0.55856853723526,0
14.920841,72,29.653263,-100.0,0.17418359220027924,0
28.475309,82,29.855139,-100.0,0.46772250533103943,0
9.975885,95,30.084738,-100.0,0.38120388984680176,0
25.9615,69,30.21689,-100.0,1.7789981365203857,0
4.239761,154,30.659092,-100.0,0.3088395297527313,0
5.972959,126,32.125874,-100.0,0.06264391541481018,0
12.596462,128,32.330482,-100.0,0.10887255519628525,0
15.986484,94,32.463316,-100.0,-0.1391332745552063,0
5.884424,96,32.585523,-100.0,0.29467177391052246,0
6.159936,101,32.724106,-100.0,-0.004797656089067459,0
21.917324,81,32.832358,-100.0,0.3403274118900299,0
40.56228,110,32.981914,-100.0,2.0925309658050537,0
23.599546,99,33.120094,-100.0,0.17392796277999878,0
22.152033,99,33.257508,-100.0,0.4380733072757721,0
23.460541,77,33.362787,-100.0,0.07240526378154755,0
9.378437,124,34.714909,-100.0,0.2623387575149536,0
-0.839822,167,35.013297,-100.0,0.32621341943740845,0
19.416929,91,35.170628,-100.0,0.4992515444755554,0
19.026935,120,35.367597,-100.0,0.3634597063064575,0
22.342217,98,35.687359,-100.0,0.4557422399520874,0
14.580351,128,35.935046,-100.0,0.27742695808410645,0
13.240443,122,36.142294,-100.0,0.18395718932151794,0
12.395754,81,36.266731,-100.0,1.4015259742736816,0
12.242435,111,36.45577,-100.0,0.43792691826820374,0
28.412918,92,37.757114,-100.0,0.3288280665874481,0
14.94127,85,37.898558,-100.0,0.271472305059433,0
8.602728,91,38.034507,-100.0,0.04265980422496796,0
28.115308,77,38.159416,-100.0,1.7371268272399902,0
18.511303,118,38.327683,-100.0,0.16539613902568817,0
15.389264,113,38.479745,-100.0,0.08120473474264145,0
23.597338,78,38.584524,-100.0,0.14158415794372559,0
17.509011,85,38.700003,-100.0,0.28500252962112427,0
24.134181,90,38.858223,-100.0,0.039175551384687424,0
18.798225,129,39.0616,-100.0,0.5626899003982544,0
27.649666,112,40.692144,-100.0,0.27923309803009033,0
-9.51496,127,40.983536,-100.0,-0.05521216243505478,0
32.806661,87,41.127838,-100.0,0.45318129658699036,0
23.336717,129,41.322371,-100.0,1.3435603380203247,0
17.730031,120,41.519511,-100.0,0.02287830412387848,0
15.056232,114,41.709107,-100.0,0.11101632565259933,0
15.011261,82,41.846239,-100.0,0.0392734631896019,0
5.917964,155,42.077852,-100.0,-0.12663966417312622,0
24.256635,78,42.196824,-100.0,1.5258253812789917,0
34.072052,108,42.36715,-100.0,0.43091925978660583,0
14.03021,117,43.603245,-100.0,0.29021382331848145,0
29.682634,109,43.757725,-100.0,0.2758975327014923,0
13.435682,89,43.8781,-100.0,0.1035057082772255,0
9.539221,151,44.088194,-100.0,-0.0661320611834526,0
27.975178,91,44.217203,-100.0,0.3919183611869812,0
19.503474,97,44.351765,-100.0,0.2850118577480316,0
20.421989,98,44.491655,-100.0,0.301984965801239,0
30.171622,92,44.62611,-100.0,1.6982479095458984,0
25.014995,134,44.826729,-100.0,0.4819791615009308,0
21.596275,136,46.480631,-100.0,0.2819516658782959,0
45.746178,141,46.71668,-100.0,2.092160224914551,0
38.632294,102,46.918663,-100.0,1.6286935806274414,0
26.863008,69,47.034533,-100.0,0.34800297021865845,0
10.848007,122,47.220538,-100.0,1.2870965003967285,0
44.991426,103,47.375447,-100.0,2.0758605003356934,0
0.030114,133,47.590235,-100.0,0.14537644386291504,0
27.773243,76,47.715466,-100.0,0.6808314919471741,0
33.399588,98,47.855229,-100.0,0.29216834902763367,0
21.984764,98,47.989871,-100.0,1.4510107040405273,0
25.70962,114,49.231137,-100.0,1.26776123046875,0
16.519529,95,49.385088,-100.0,0.3294341564178467,0
26.484793,90,49.509005,-100.0,0.2597977817058563,0
29.240944,129,49.682787,-100.0,0.2946113348007202,0
25.667846,85,49.804798,-100.0,0.4803317189216614,0
24.163117,88,49.937744,-100.0,1.666504144668579,0
25.865196,87,50.097295,-100.0,0.14308761060237885,0
21.13824,113,50.305892,-100.0,0.369007408618927,0
44.963739,139,50.64799,-100.0,2.0819294452667236,0
23.650819,75,50.799687,-100.0,0.3654367923736572,0
29.533603,108,52.493541,-100.0,0.28850942850112915,0
39.895388,166,52.751104,-100.0,0.0806727483868599,0
22.271138,118,52.925992,-100.0,0.1848362684249878,0
30.128059,95,53.058367,-100.0,1.6519414186477661,0
28.278888,96,53.224393,-100.0,1.597499132156372,0
54.447614,147,53.437992,-100.0,2.0964651107788086,0
14.468804,160,53.645876,-100.0,0.16204044222831726,0
44.835403,101,53.787191,-100.0,1.7774629592895508,0
34.166442,152,55.090077,-100.0,0.045141108334064484,0
46.719676,134,55.353161,-100.0,0.3745264708995819,0
66.510272,156,55.656863,-100.0,2.0986764430999756,0
24.686553,118,55.925445,-100.0,0.21832060813903809,0
46.928865,161,56.359555,-100.0,1.3286902904510498,0
50.066263,141,56.622528,-100.0,1.9991919994354248,0
63.067769,136,56.84854,-100.0,1.997828722000122,0
68.502101,149,58.237816,-100.0,1.9449743032455444,0
51.951709,145,58.44841,-100.0,1.754104733467102,0
57.067824,121,58.622952,-100.0,2.0148861408233643,0
27.992197,126,58.803216,-100.0,1.5974655151367188,0
1330.847403,1000,61.809051,-0.09723611025248033,1.6809221506118774,0
23.957871,86,61.944617,-100.0,0.18925867974758148,0
71.597771,165,62.217525,-100.0,1.8693588972091675,0
22.72805,127,62.433306,-100.0,-0.13301892578601837,0
18.706724,132,62.640416,-100.0,-0.051091521978378296,0
67.889593,139,63.9132,-100.0,2.0636072158813477,0
61.941453,135,64.104339,-100.0,0.40124642848968506,0
104.347197,211,64.411143,-100.0,1.88065767288208,0
26.342355,110,64.585757,-100.0,0.12267310917377472,0
42.434254,106,64.728974,-100.0,0.4287894666194916,0
59.139721,179,64.961316,-100.0,1.647762417793274,0
97.824826,184,65.219276,-100.0,1.9127686023712158,0
133.771861,210,67.125996,-100.0,1.9155752658843994,0
54.542722,233,67.498025,-100.0,0.1784801185131073,0
358.006051,616,69.554648,-100.0,-0.011664673686027527,0
84.668526,220,69.88818,-100.0,0.3029661774635315,0
31.904292,206,70.186908,-100.0,-0.060165226459503174,0
85.772233,244,70.535753,-100.0,0.1334904432296753,0
70.565778,133,70.74496,-100.0,1.657612919807434,0
26.955584,133,70.993548,-100.0,0.16038139164447784,0
22.894495,141,72.612369,-100.0,0.24760431051254272,0
76.86186,161,72.894094,-100.0,1.5382428169250488,0
54.627626,192,73.170614,-100.0,-0.11421674489974976,0
961.199151,1000,75.687786,11.688199694080435,1.8427698612213135,0
50.330278,133,75.895615,-100.0,0.2547156512737274,0
28.135737,169,76.202787,-100.0,-0.17169064283370972,0
120.440607,214,76.699087,-100.0,1.6036217212677002,0
37.832009,129,78.382074,-100.0,0.282255083322525,0
603.029733,1000,79.883032,-4.734549348108831,0.5087064504623413,0
100.804708,187,81.333388,-100.0,1.6607688665390015,0
89.709048,169,81.592104,-100.0,1.9484906196594238,0
104.860188,245,82.176789,-100.0,0.4392320513725281,0
44.863618,151,82.4443,-100.0,1.4815324544906616,0
1201.193743,1000,85.099234,2.1016186431737864,0.841166615486145,0
24.731059,159,85.322666,-100.0,0.09693490713834763,0
143.029772,362,87.279314,-100.0,0.147588312625885,0
34.46908,152,87.59746,-100.0,0.006351776421070099,0
642.866775,696,89.831653,-100.0,0.11568010598421097,0
63.479558,173,90.082548,-100.0,1.4972032308578491,0
1498.693274,1000,93.131784,-1.132467095992853,2.092837333679199,0
80.819767,186,93.429209,-100.0,0.18926361203193665,0
231.417551,344,93.973172,-100.0,1.653957724571228,0
966.276991,1000,96.507346,2.2671361081700367,0.8228439688682556,0
1273.653411,1000,99.717709,-0.2502649441495375,2.1034467220306396,0
637.532852,1000,102.383432,1.6488765064104711,0.4516952633857727,0
76.970661,205,102.879586,-100.0,1.4519740343093872,0
59.207654,251,104.575981,-100.0,0.2600935101509094,0
17.157712,121,104.746441,-100.0,-0.09498506039381027,0
76.790138,237,105.113723,-100.0,1.7932028770446777,0
123.590743,231,105.420956,-100.0,1.770132303237915,0
94.265249,349,105.905729,-100.0,0.168605774641037,0
98.205948,260,107.58217,-100.0,0.400453120470047,0
1446.534229,1000,110.58618,-0.48548992281527137,1.9492297172546387,0
1386.437849,1000,113.616792,0.5410042726611177,2.166135787963867,0
1451.140188,1000,116.232616,-2.6723254366185807,1.0794786214828491,0
1315.048683,1000,119.434816,-1.0472139756455145,2.0383827686309814,0
64.260341,190,119.747719,-100.0,1.3598926067352295,0
307.382791,711,121.89916,-100.0,0.16327664256095886,0
84.813996,297,122.352472,-100.0,-0.1796741783618927,0
100.681127,256,122.824542,-100.0,0.35982316732406616,0
860.471833,1000,125.784925,10.717893502636326,1.6869242191314697,0
169.184655,278,126.176821,-100.0,0.5270606279373169,0
113.699804,231,127.546866,-100.0,0.24502702057361603,0
87.035069,217,127.953952,-100.0,0.11380263417959213,0
57.096619,219,128.387248,-100.0,0.31372204422950745,0
1410.367751,1000,131.323613,0.2094277611618729,2.057959794998169,0
46.380394,184,131.584342,-100.0,0.24496501684188843,0
215.040935,517,133.566352,100.0,0.406882107257843,0
1118.327636,1000,136.422565,0.5580320900707545,1.6223372220993042,0
558.205695,1000,139.538237,-4.071353068619703,0.35047489404678345,0
353.489793,1000,142.245778,0.09935611948824999,0.33256563544273376,0
1227.213387,1000,145.319573,7.889571662824445,1.6954898834228516,0
1236.605211,1000,147.862265,-0.8613879647821523,2.078404426574707,0
1284.856994,1000,149.706611,0.4330463694417983,0.2620197534561157,0
1577.005965,1000,152.490033,0.32194069067258657,2.115614414215088,0
1219.010267,1000,155.550562,-1.3685722388844994,0.5437058806419373,0
138.140564,329,157.133135,100.0,0.456802099943161,0
132.162682,269,157.508067,-100.0,1.658063292503357,0
106.289357,212,157.810647,-100.0,2.0733859539031982,0
52.225425,229,158.128248,-100.0,1.6244477033615112,0
1407.268193,1000,161.330492,-1.5394748586160734,0.1522233486175537,0
492.327302,1000,164.240146,2.7409998715737913,0.44882866740226746,0
1494.216853,1000,167.163748,9.208932936994149,2.1058461666107178,0
97.272948,339,168.712001,-100.0,0.4003354012966156,0
1165.226637,1000,171.932042,-0.6019287315745732,1.6755552291870117,0
48.988082,195,172.235072,-100.0,0.4835714101791382,0
110.819925,249,172.621725,-100.0,0.7654717564582825,0
408.521327,522,174.591722,-100.0,0.3306732773780823,0
629.702358,567,175.783112,-100.0,1.556199550628662,0
192.63188,462,177.600575,-100.0,0.37138670682907104,0
262.710465,394,178.187417,-100.0,1.706880807876587,0
1043.07169,1000,181.315639,-0.1354236341113537,1.7857787609100342,0
727.462885,815,183.674307,-100.0,-0.1072586327791214,0
993.785685,1000,186.62029,-7.450235518174259,2.017648935317993,0
1187.891842,1000,189.207782,-1.5050509537214711,1.7661460638046265,0
280.174487,646,190.296603,100.0,0.4555901288986206,0
1072.183421,1000,193.456282,-0.04008336033445545,1.8135672807693481,0
874.911072,1000,196.384365,-0.07946652984770594,0.462533175945282,0
103.646563,270,197.99926,-100.0,0.33288076519966125,0
1003.400202,1000,200.619169,0.37438168927882143,1.6994315385818481,0
804.523595,1000,203.623625,1.274677353372077,1.7562081813812256,0
1529.219974,1000,206.489058,-0.3075130172418383,1.8893717527389526,0
1521.300252,1000,209.199126,-2.5777037372308227,0.9947394132614136,0
127.613966,296,209.682738,-100.0,1.8527666330337524,0
1326.771935,1000,212.838238,0.30487685295827416,1.9518682956695557,0
1488.805541,1000,215.404362,0.28419597765728644,2.1181657314300537,0
1461.913687,1000,218.60557,-3.7463961510015507,1.9812027215957642,0
124.912445,225,218.907732,-100.0,1.6563059091567993,0
126.696403,302,219.350457,-100.0,1.6632670164108276,0
585.594523,487,221.311146,100.0,2.1116926670074463,0
655.722296,1000,224.293349,-0.061801442018975195,0.25093597173690796,0
187.242026,362,224.796863,-100.0,1.7126251459121704,0
1323.722481,1000,227.798249,0.10606007924866817,1.0833206176757812,0
1042.557545,1000,230.383668,-0.036700413345996025,1.7448673248291016,0
121.159026,218,230.712481,-100.0,0.3418734073638916,0
1354.844215,1000,234.053867,-0.48929783052382336,1.8426135778427124,0
1514.944026,1000,236.70002,-0.5773848721405119,2.1126863956451416,0
1530.541952,1000,239.662268,-9.937297018861907,2.090576648712158,0
1462.558323,1000,242.729714,1.4070572274168758,2.0271928310394287,0
1404.40183,1000,245.391109,-0.01915396266947475,2.102571725845337,0
1433.019626,1000,248.344752,1.74225617920305,2.0328760147094727,0
1399.815724,1000,251.067456,-0.3890874396294268,1.8670904636383057,0
1485.134695,1000,254.278539,0.5475003982394409,2.1334664821624756,0
25.558469,178,254.557075,-100.0,0.15668591856956482,0
921.400455,1000,257.069631,-0.14786858012254697,1.4737849235534668,0
978.486464,1000,260.157588,0.08692528130741664,0.33142390847206116,0
1546.244909,1000,263.006976,0.2640514086510599,2.0325257778167725,0
1402.356866,1000,266.005013,-0.09341186601132875,1.860171914100647,0
99.86029,272,266.377451,-100.0,0.1612786203622818,0
1509.737739,1000,269.451476,-0.5642260189478552,2.122192144393921,0
1606.628978,1000,272.005345,-0.5234255588622101,2.154834270477295,0
163.659992,267,273.973971,-100.0,0.40092796087265015,0
1580.686905,1000,276.689648,-23.444303961996578,1.0671706199645996,0
139.906453,242,277.036075,-100.0,1.7844891548156738,0
1602.635312,1000,280.141761,-0.6399992196313136,2.1845061779022217,0
1528.944091,1000,282.744453,-0.44352809283357675,2.1188578605651855,0
1599.596737,1000,285.893483,0.571241950957381,2.13649582862854,0
1579.642297,1000,288.497988,-1.0488238860971275,2.152933120727539,0
128.484293,239,288.904691,-100.0,1.7724474668502808,0
1566.719643,1000,291.830648,-3.470966791438591,2.1337549686431885,0
167.157803,311,292.295255,-100.0,0.3514641523361206,0
930.859335,1000,295.503854,-0.8868182498790194,1.786033034324646,0
1189.662083,953,298.025378,-100.0,0.3712945282459259,0
158.029624,309,298.470697,-100.0,0.5643421411514282,0
115.548224,240,300.300658,-100.0,1.6191411018371582,0
1619.664395,1000,302.981912,0.49703963761043224,2.0568439960479736,0
1597.324815,1000,306.186895,-0.47497037196597947,2.143869161605835,0
1646.092251,1000,308.750562,0.4867619496367297,2.1153900623321533,0
1693.963822,1000,311.891334,-2.146249356318623,1.1559464931488037,0
1719.877725,1000,314.562531,-0.604794721097673,2.170680046081543,0
1727.953894,1000,317.548145,-2.2667091461012623,2.1284916400909424,0
1592.63013,1000,319.027632,-0.19974100471701092,1.909772276878357,0
129.130513,254,321.065307,-100.0,1.757768154144287,0
1701.463647,1000,323.744034,-20.349547158446008,1.109956979751587,0
1658.740522,1000,327.096005,0.14145553488002996,2.135667085647583,0
1178.844426,1000,329.730739,-0.2211073154199272,1.680361032485962,0
1122.672848,976,332.714547,100.0,0.45616230368614197,0
63.425926,223,333.031001,-100.0,0.5840955376625061,0
90.710143,226,333.351332,-100.0,0.39413607120513916,0
1683.317074,1000,336.528607,-0.25535954823369944,2.152397871017456,0
1632.974272,1000,339.387326,-0.356985789118174,2.1498706340789795,0
1501.710658,1000,342.593052,0.06795920835352945,2.112560749053955,0
1578.011726,1000,345.239305,0.7848627169255593,2.1116726398468018,0
1718.061734,1000,348.235912,0.18197001706930038,1.9792696237564087,0
1397.031719,1000,351.088281,0.21760731706565054,1.859838604927063,0
1675.011862,1000,353.924815,-0.12244075344883498,2.1188342571258545,0
130.924996,235,354.303875,-100.0,1.804941177368164,0
135.233384,301,354.751,-100.0,0.3341289162635803,0
105.962025,244,356.363982,-100.0,0.4016040563583374,0
153.585878,278,356.960948,-100.0,1.668770670890808,0
1389.679379,1000,359.592451,0.13204295950751543,1.788510799407959,0
1747.854609,1000,362.740384,-3.9378002175759184,2.099447011947632,0
85.867632,198,363.043577,-100.0,1.741632342338562,0
122.723182,291,363.499142,-100.0,0.6357450485229492,0
1752.658627,1000,366.126361,-10.464724701414388,2.1764535903930664,0
1695.931184,1000,369.304021,0.5499062919643016,2.143355369567871,0
1613.813933,1000,372.199555,-0.1142081634870695,2.0894811153411865,0
1589.339563,1000,374.984367,0.03504078671549138,2.0468509197235107,0
85.106247,237,375.320167,-100.0,0.3454730212688446,0
123.491574,256,377.148406,-100.0,0.4905889630317688,0
360.026763,458,377.952013,-100.0,1.6277806758880615,0
219.011001,375,379.983681,100.0,1.8217077255249023,0
1433.002944,1000,383.236256,0.5013946404915899,1.8772313594818115,0
1458.927586,1000,385.828847,0.09942111031103523,1.0599427223205566,0
212.414875,307,386.281508,-100.0,1.7928032875061035,0
119.557614,254,386.747722,-100.0,1.7150989770889282,0
1562.780786,1000,389.565443,-0.9497352926012461,2.1761183738708496,0
1545.871902,1000,392.476032,-0.4420908591498687,2.1187281608581543,0
1451.71468,1000,395.308187,-0.4799583590444161,0.31453457474708557,0
109.196236,270,395.729403,-100.0,1.609394907951355,0
167.209213,309,397.558313,-100.0,0.3801560401916504,0
150.47892,318,398.14029,-100.0,0.4052627384662628,0
1533.874773,1000,400.824786,0.07460353035485426,2.113415002822876,0
1378.15909,1000,404.168897,1.3957036854343958,2.065599203109741,0
1537.848833,1000,406.741373,0.03016304310482923,2.017732620239258,0
1080.777549,1000,410.109985,-0.1115351518035925,1.7503385543823242,0
895.93948,1000,412.716676,0.00980298484185596,1.5863500833511353,0
1354.30976,1000,415.665307,1.2294447852882542,2.0846245288848877,0
1413.502176,1000,418.628831,-0.3347382049536225,0.40928077697753906,0
554.720177,1000,421.414659,10.832522701522452,0.28355634212493896,0
1483.43672,1000,424.720179,0.8091048755248853,2.0344464778900146,0
1541.142783,1000,427.241117,-2.837155461613281,0.32574573159217834,0
905.173086,1000,430.493738,-0.3185312724410909,1.7140216827392578,0
1335.721415,1000,433.012805,-0.30572219049393,1.855970025062561,0
165.14035,393,433.723314,-100.0,0.40709879994392395,0
1407.456366,1000,436.649179,-0.022443100989452347,1.8907601833343506,0
1315.485523,1000,439.562588,-17.858775455065338,0.9336032271385193,0
1171.180997,1000,442.226258,0.09997128979056669,1.8409724235534668,0
1215.931377,1000,445.383424,0.9879689705438974,1.785570740699768,0
757.346242,766,447.675342,-100.0,1.6090925931930542,0
1228.89579,1000,450.728834,-0.2228932133498762,1.7775795459747314,0
1284.733373,1000,453.338391,-0.1777248974608625,1.567084789276123,0
1500.617743,1000,456.586787,-0.5931838362618567,2.096113920211792,0
1083.071993,962,458.046883,-100.0,0.014524467289447784,0
1465.334043,1000,461.168946,-0.07797490205942559,2.1165313720703125,0
1386.820046,1000,464.097874,-0.014327358586388783,2.120450019836426,0
1401.533858,1000,467.267833,0.43679413998263894,1.4778225421905518,0
1345.298744,1000,469.968351,-0.7733971485170372,0.31382909417152405,0
1647.712147,1000,473.02229,0.012797703508070413,2.1183509826660156,0
692.591794,1000,476.059765,0.041614452247899864,0.5000334978103638,0
1647.720137,1000,478.722312,-0.2538000431758849,2.1140105724334717,0
42.201552,187,480.334837,-100.0,1.7039539813995361,0
102.795182,255,480.840353,-100.0,1.7375301122665405,0
88.886651,248,481.234742,-100.0,0.43368828296661377,0
1737.720757,1000,484.006675,0.5334822733760358,2.1293444633483887,0
1695.29125,1000,487.205218,0.10028480588923827,2.191849708557129,0
1535.426305,1000,489.809008,0.47964330660121135,1.945814609527588,0
1728.597851,1000,493.098809,0.09087533067545905,2.1339848041534424,0
1578.181406,1000,495.819965,-0.19992958323611162,2.158450126647949,0
1795.426966,1000,498.710533,0.23241326490303038,2.1904098987579346,0
1756.114413,1000,501.621058,0.549060026515896,2.1012463569641113,0
1711.331788,1000,504.337142,0.20653677572756735,2.174053192138672,0
1687.199583,1000,507.505256,-0.04644627463034645,2.129765510559082,0
1631.28665,1000,510.116755,-0.3938413974754862,2.1618473529815674,0
1750.780152,1000,513.38011,0.5591996071992256,2.1215524673461914,0
1741.795564,1000,516.02027,0.21029168588746927,2.191572904586792,0
1769.341004,1000,519.0912,-0.39428391585771894,2.1655871868133545,0
1515.081345,1000,521.943114,0.11318392788409426,1.7380974292755127,0
1627.017671,1000,524.786871,-0.34799037489453855,2.186886787414551,0
1724.418993,1000,527.825602,-0.48391621107380334,2.1718788146972656,0
1624.448809,1000,530.528512,-0.2774046407213937,2.1264684200286865,0
1684.195934,1000,533.719556,0.1227478501177093,2.1343443393707275,0
1530.024449,1000,536.336958,-0.09020444878875367,1.952056884765625,0
109.468484,198,536.704903,-100.0,0.40078628063201904,0
1109.023868,1000,539.617613,-0.421097624048939,1.6800103187561035,0
1560.938053,1000,542.310963,0.5653624869186,2.1384332180023193,0
183.226738,419,543.185125,-100.0,-0.138691246509552,0
478.659051,1000,545.942128,-3.358685396678804,0.5054939389228821,0
1497.716345,1000,549.012667,0.566504069348273,2.1183786392211914,0
818.427076,1000,551.547944,-0.17693582094900392,1.6268525123596191,0
90.60177,191,551.837046,-100.0,0.40309369564056396,0
1603.374438,1000,554.7924,0.012168383613769151,1.9478451013565063,0
1706.19554,1000,557.40123,0.5651986161559996,2.129138231277466,0
1787.423931,1000,560.660947,1.277225457694594,2.167656898498535,0
1753.857077,1000,563.453267,-0.0215420958112027,2.16633939743042,0
1497.029743,1000,566.371557,0.05883164446543532,1.9076818227767944,0
1822.42228,1000,569.332704,-0.3467694270670474,2.1783030033111572,0
1764.964687,1000,571.983937,0.42748925412300665,2.1835241317749023,0
167.693155,268,572.377972,-100.0,1.7537251710891724,0
1641.527633,1000,575.427316,-0.17632193881140168,2.1338412761688232,0
191.296157,358,577.022732,-100.0,1.711755394935608,0
1575.274774,1000,580.286213,0.5721341602465895,2.1072676181793213,0
1509.590777,1000,582.87561,0.03445889323387519,2.1758646965026855,0
1477.779332,1000,585.956579,-0.1134339390449206,2.1040337085723877,0
1595.751868,1000,588.58322,-0.6445295395344448,2.0085971355438232,0
1686.959183,1000,591.531584,0.10115497972377874,2.139017105102539,0
160.699819,239,591.866029,-100.0,1.8039559125900269,0
1786.316659,1000,594.661149,-0.08778769669990247,2.1604928970336914,0
1671.943618,1000,597.355985,-0.39219406529147594,2.1632039546966553,0
1753.881855,1000,600.54806,-0.3482233717202792,2.1748783588409424,0
95.19508,235,600.942443,-100.0,1.9006433486938477,0
1797.112444,1000,603.529384,-0.4372188911933168,2.1744039058685303,0
1729.647019,1000,606.730824,0.5027582246451932,2.128265380859375,0
100.07589,213,607.064108,-100.0,0.2951108515262604,0
1741.449336,1000,609.697065,-0.29948740570868426,2.119770050048828,0
53.708256,167,610.024271,-100.0,0.3083288073539734,0
1634.907537,1000,612.765423,0.08599044061883276,1.9600815773010254,0
89.658949,228,613.079361,-100.0,0.3231508135795593,0
1748.917482,1000,616.216319,-3.174778209032451,2.098794460296631,0
1687.933293,1000,618.837499,-0.47518939576133223,2.129267930984497,0
1768.175316,1000,622.086862,-0.2588080518511091,2.1656689643859863,0
1675.215337,1000,624.735673,-0.03244120629556832,2.127772569656372,0
1757.016806,1000,627.764452,-0.06355831208922666,2.187185525894165,0
1589.731759,1000,630.79504,-0.2735149058813089,2.133970260620117,0
1779.32147,1000,633.589468,0.10208195210181017,2.179752826690674,0
1776.576449,1000,636.574739,-0.18192043324931603,2.1914267539978027,0
1751.183004,1000,639.312149,-0.2775699895176398,2.1265265941619873,0
1754.548223,1000,642.486028,0.291758522901695,2.196805477142334,0
1730.057048,1000,645.090689,-0.560907270269271,2.1639153957366943,0
1735.104634,1000,648.261541,0.5701025451277832,2.1596789360046387,0
1751.75715,1000,651.003376,-0.4496835895478053,2.159101963043213,0
1687.509072,1000,653.994891,-0.14466210342591346,2.1590735912323,0
1709.490524,1000,657.124564,-0.4143152434568911,2.1569840908050537,0
1781.53532,1000,659.824593,-0.09379382783472501,2.1298770904541016,0
1793.667274,1000,663.055142,-0.14505616932567378,2.1856884956359863,0
131.829062,224,663.42166,-100.0,0.5187240839004517,0
1674.455236,1000,666.114393,-0.48795391296913126,2.108499050140381,0
1770.46647,1000,669.336097,-0.4576286761334003,2.165100336074829,0
1815.14036,1000,672.154071,-0.17976532850450752,2.187760591506958,0
1850.098232,1000,674.912158,1.3143708023620075,2.1277294158935547,0
82.734762,218,675.221727,-100.0,1.8906253576278687,0
1787.413748,1000,678.275143,-0.06667640715078768,2.1214241981506348,0
1805.671383,1000,680.895175,-0.33641404724202917,2.132042169570923,0
1857.766977,1000,684.118332,0.7789946339438114,2.1785292625427246,0
1603.180967,1000,686.763435,1.3293150350236875,1.8981777429580688,0
1841.979725,1000,689.690149,0.12476963310419364,2.1706740856170654,0
1804.835063,1000,692.558235,-0.10881660243141589,2.153397798538208,0
11.596821,130,692.969791,-100.0,0.347564160823822,0
1817.079424,1000,695.773995,-0.2796120868666374,2.1668341159820557,0
1774.323665,1000,698.590415,-10.2281832631784,2.134470224380493,0
60.228526,184,698.937622,-100.0,0.6376941204071045,0
1717.18185,1000,701.626485,1.0358974461744144,1.9260088205337524,0
1616.974275,1000,704.952987,-0.5876899270210714,2.121504783630371,0
1806.829706,1000,707.622393,-0.3049515666731597,2.1155953407287598,0
80.446562,180,709.203822,-100.0,1.8505791425704956,0
81.998898,184,709.526973,-100.0,1.6984151601791382,0
1863.080637,1000,712.050165,-0.22311951774501068,2.160191059112549,0
1755.605256,1000,715.338452,-0.18430529285620942,2.0922436714172363,0
86.123356,181,715.610771,-100.0,1.8442646265029907,0
