#{"t_start": 1783349387.0268116, "env_id": "Hopper-v5"}
r,l,t,original_env_reward,generated_reward,reward_error_count
18.020596,21,1.516098,-1.0250750624845717,0.4416156503771471,0
19.58131,23,1.571322,-0.9869276062714477,0.5789791176556621,0
24.927045,28,1.645128,-0.7366931216965336,0.4970256523723863,0
18.960768,22,1.710177,-0.9319481941834842,0.602457078213629,0
18.85542,22,1.780361,-0.8556798887815327,0.5591775778993986,0
30.352579,35,1.916024,-0.5959988975183651,0.5997259358669931,0
21.623031,25,1.997571,-0.7876725626622144,0.6018145001564059,0
12.370778,15,2.04998,-0.8275365761589691,0.568182267281258,0
21.745346,26,2.141504,-0.8608982905155549,0.5595971625108058,0
32.348249,39,2.287053,-0.8909705308649281,0.6519162481616397,0
23.40069,27,2.387365,-0.9246289888245206,0.598944227341079,0
22.214586,26,2.483515,-0.9035601944263874,0.6334192699298256,0
20.112954,24,2.572275,-1.0098414347440483,0.5931752644676855,0
26.707194,31,2.699254,-0.9886792173205206,0.6067143851224233,0
27.612338,32,2.828651,-0.8836486073888655,0.6171835678782849,0
29.488277,35,2.969746,-0.7180874183162389,0.6246532497211341,0
13.761651,17,3.03754,-0.8970882182000116,0.5722702298342757,0
21.520689,25,3.136527,-0.9755389923424782,0.6087921168844398,0
22.659967,26,3.240976,-1.0433678331583227,0.4939513942806979,0
9.414485,12,3.288779,-0.8908142536397579,0.4577465797666938,0
24.653791,29,3.913194,-0.705878346146683,0.4763561254973795,0
18.651798,22,3.95728,-1.0070744649394856,0.6068201470379755,0
25.910094,30,4.017079,-0.906294346741702,0.6211563219163055,0
27.337976,32,4.079328,-0.6469229397915609,0.5983292756355757,0
26.888944,32,4.133754,-0.9978128541811315,0.6436752749752369,0
26.143973,30,4.184668,-0.9261372358873972,0.552461050129845,0
18.330959,22,4.224624,-1.0322686491943012,0.5504599290191945,0
28.55715,34,4.289153,-0.8918535126067242,0.5908404780870858,0
19.414826,24,4.343699,-0.9910973095914994,0.6128983408885005,0
27.734971,31,4.445231,-0.8545296016214962,0.5538996412585665,0
29.1426,34,4.560418,-0.786505917482374,0.5716948636257574,0
21.288062,25,4.647752,-1.028567709503006,0.5867223093723863,0
21.790706,26,4.738341,-0.9928524249753254,0.592196734321034,0
23.759021,28,4.838687,-0.8839723976363815,0.5902565290193466,0
27.354608,32,4.957187,-0.971245651942075,0.5823641776832215,0
21.139997,25,5.049368,-0.9830930550429126,0.6433628094411297,0
24.623071,29,5.156409,-0.9685937623634264,0.6070797035300455,0
22.44693,27,5.255968,-1.0903150342411039,0.5891863644115801,0
30.982415,36,5.757533,-0.8883565454277028,0.6449164156982816,0
24.636532,29,5.830716,-0.9418723097285392,0.33499503959380866,0
16.907958,21,5.889738,-1.2089825086524935,0.5782729242574376,0
21.830137,26,5.969399,-0.9772014321460111,0.5990318870525435,0
11.270309,14,6.013999,-1.0357373269839654,0.5439211289509185,0
23.640378,28,6.109621,-0.9870356686377026,0.5686470913648818,0
30.308282,35,6.230341,-0.850737912224052,0.5889206609546083,0
23.554234,28,6.339785,-0.8812957074857054,0.51045909420642,0
23.963978,29,6.455752,-1.1760170227766156,0.5819220845964646,0
25.450741,30,6.575001,-0.6935875351628481,0.6320165827718508,0
19.490314,23,6.664217,-1.0674555732568212,0.5798120139581112,0
20.132354,24,6.747915,-1.1513150925684026,0.5945994104157503,0
23.913394,29,6.823946,-1.0942970815794033,0.6068950685358435,0
24.992985,29,6.911744,-0.9070269565676017,0.6030549419296174,0
24.874487,29,7.006541,-0.8059627434510596,0.5384137660827789,0
23.05287,27,7.098288,-0.9225936594274896,0.42242681971101426,0
24.564578,29,7.19954,-0.9286521471670979,0.5649301288178388,0
23.665758,28,7.301942,-0.9776321624313724,0.5279608825088482,0
17.060486,21,7.791918,-1.2049372849881654,0.5672576561313859,0
22.784945,27,7.853075,-0.8533760586340994,0.6377681913110634,0
26.804095,31,7.931568,-1.0110961300255732,0.5539991718848907,0
28.443295,34,8.017828,-0.6657640493744392,0.5976762413008855,0
23.862855,28,8.079067,-0.9090117251996935,0.6246772292597519,0
28.954268,34,8.172254,-0.7466645245750884,0.6383994197585628,0
20.141451,24,8.247429,-1.0793251712805965,0.6206693324026109,0
27.297858,32,8.354641,-0.7623750601185253,0.6245724641396996,0
23.052254,28,8.450471,-1.1967343306989542,0.6118770958676165,0
30.102149,35,8.559348,-0.6498764782046471,0.6346229695793554,0
25.207978,30,8.661115,-1.0594751443999968,0.6061128958843857,0
20.360856,24,8.743304,-1.087653649442705,0.5822411331543649,0
22.97166,27,8.846078,-0.8431035126712171,0.5930990487873288,0
29.632145,35,8.976684,-1.006278827218649,0.6228724855181197,0
24.951437,29,9.083925,-0.9539206298243764,0.6140791833524583,0
15.158396,19,9.153209,-0.9448988116827464,0.6361121522723974,0
18.476276,22,9.233826,-1.1196923913132604,0.5953942375822578,0
16.798363,21,9.311547,-0.984409719486507,0.6452152091681135,0
25.876398,30,9.421812,-0.8015839702043694,0.5977705841336521,0
28.476901,33,9.918817,-0.8831382931361141,0.6150685533665627,0
21.070562,25,9.980661,-0.9738501443212098,0.6008283945824587,0
21.972694,26,10.053107,-1.091615400520928,0.6251849273407395,0
25.711617,30,10.130223,-0.8649490763556065,0.6499028600147374,0
25.966323,31,10.210374,-1.1266010037133591,0.6278661008152894,0
27.243204,32,10.30952,-0.7046712339644321,0.6104207761894717,0
21.252545,25,10.391667,-1.2167825965580525,0.6025696686242334,0
21.903372,27,10.484061,-1.241390504991658,0.6336861542747665,0
12.144571,15,10.536298,-1.1824182696839458,0.5867788163123434,0
18.341901,23,10.620171,-1.317372308418591,0.5977136035123931,0
20.566255,25,10.711542,-1.2102975759325756,0.6289961746377705,0
21.111498,26,10.806103,-1.2483057502912676,0.6305523275845434,0
18.243777,22,10.88609,-1.1138039027803406,0.5990569320181461,0
21.661378,26,10.981922,-1.1652965286001207,0.6233978991701409,0
23.81007,28,11.085236,-1.1070466770692522,0.5790245644504529,0
23.502936,28,11.187859,-1.1664861179684194,0.642044487419872,0
22.657677,27,11.285973,-1.1178802175920617,0.6003443972609639,0
27.771676,33,11.406849,-1.066753133387283,0.6189847461922812,0
20.95155,25,11.497969,-1.1129609833234684,0.6226751253240378,0
27.280908,33,11.976548,-1.1878378642329652,0.6380082023946699,0
27.394891,32,12.031493,-0.752229898255844,0.6362850179518247,0
22.22879,26,12.082766,-1.0412328414408092,0.6473791271428867,0
21.567184,26,12.153863,-0.9591700968367048,0.6085722467998489,0
25.931541,31,12.249398,-0.9826405787781072,0.614635799059678,0
22.623338,27,12.333069,-1.244861299483504,0.5860606954811259,0
26.316891,31,12.429691,-1.010784444430909,0.5956848829966404,0
19.163309,23,12.501141,-1.0050800243975426,0.5927246500163145,0
26.262458,31,12.59802,-0.8313870517810777,0.607107714668445,0
25.260647,30,12.690945,-1.1930463563601112,0.5856594379674603,0
22.242793,26,12.771713,-0.7841420808024058,0.6246465941004977,0
27.970568,33,12.874343,-0.7650103774711375,0.6152518247954067,0
8.339404,11,12.908007,-1.230513253426215,0.3720525143930309,0
29.827191,35,13.02435,-0.6477747035931838,0.6288333866055581,0
26.885324,32,13.136074,-0.8167766180131977,0.6408383031010821,0
25.525939,30,13.247438,-0.677128625119641,0.6476355638320394,0
18.275339,22,13.328372,-1.2318537080847387,0.6007312634380317,0
23.68558,28,13.432565,-0.7550360820476992,0.6089160989280252,0
30.050264,35,13.979065,-0.9412497473468985,0.6172825763262604,0
11.021708,14,14.022149,-1.3226039605349278,0.47771730029541226,0
35.479861,41,14.12989,-1.2234798466664185,0.6301649976227098,0
39.563979,47,14.24634,-1.6475758129639781,0.6084114364902896,0
26.539661,31,14.330842,-0.7995834881662636,0.6060609692953937,0
25.712697,30,14.420966,-0.7523032398515284,0.5939002160865604,0
24.604994,29,14.510251,-0.6418712392548761,0.5673818781242002,0
22.921034,27,14.574858,-1.0197291103590131,0.621114043475016,0
24.078225,28,14.635529,-0.6587655233295003,0.6330828933390076,0
24.243872,28,14.692266,-0.7030123507573052,0.6151615115484426,0
31.980351,37,14.763568,-0.7254980048763642,0.6285957913003227,0
28.569082,33,14.841012,-0.941531937584148,0.6239474954854101,0
25.132377,30,14.930908,-1.132509850821713,0.6043691219255833,0
28.048434,33,15.03873,-0.988311579527957,0.6301333301020735,0
27.568931,33,15.151493,-1.1096216900171691,0.6216044223440589,0
34.230022,40,15.290969,-1.0497906976349312,0.6239808746246507,0
31.879462,38,15.787478,-1.1683520905167668,0.6253548326146803,0
30.451413,35,15.8444,-0.5331280934547802,0.6116388785970925,0
27.427422,33,15.90081,-0.6235405920074756,0.629762685389174,0
31.857883,37,15.962951,-0.8630414660824327,0.6277179430206733,0
26.511895,31,16.013816,-0.5785297475000676,0.569875565046855,0
28.906673,34,16.0791,-0.7489894125908363,0.6126868871473391,0
32.979982,38,16.18243,-0.7943167636151748,0.6111226157488069,0
18.608966,23,16.2527,-1.209385970950265,0.556422316353641,0
31.070197,37,16.375613,-0.7979254157262684,0.6248610860626674,0
21.433834,26,16.464867,-0.8490449072317405,0.6065400222343793,0
30.539298,36,16.591776,-1.2384305795888817,0.6047706619340476,0
44.460069,52,16.783928,-0.8018282251595817,0.6513962688066066,0
31.4156,36,16.929816,-0.7497678924068166,0.6339573044222594,0
36.585893,43,17.091193,-0.8355658779905732,0.6548865448118396,0
32.510365,39,17.605853,-1.2653109408794956,0.6337601822707842,0
51.029129,59,17.703714,-0.9119346094917677,0.6564436209130308,0
37.095337,43,17.80881,-1.2290761704846755,0.6149770518367644,0
53.978486,63,18.010118,-0.9602233954697387,0.6518469314412659,0
32.388785,38,18.142949,-0.9963414059189156,0.6353886861719087,0
24.435423,29,18.249448,-0.7839821798200836,0.6256459531558116,0
41.916536,49,18.430536,-0.9949097996594084,0.643508261381126,0
35.339365,42,18.582192,-1.1429650747725804,0.6384915998385534,0
23.572516,28,18.685321,-1.0985319605161057,0.6305137343893186,0
36.88364,43,18.844245,-0.9554498282147021,0.6495209463820044,0
35.900301,42,19.000366,-0.8154775071513263,0.6514395881672719,0
44.987965,52,19.193022,-1.2443801951536169,0.6482840755604581,0
52.93787,63,19.730182,-0.756900516833803,0.661973541088526,0
53.440701,63,19.840012,-0.7341627155625479,0.6543735084487192,0
37.333052,44,19.913592,-1.1028703637554043,0.6395952055737375,0
35.771355,42,19.983137,-1.0960232861862822,0.6312170488512423,0
43.811623,50,20.066693,-0.9946460489707435,0.6354482170204029,0
37.915919,44,20.139345,-0.9377963822067449,0.6405433407585251,0
40.469886,47,20.216952,-0.9548756496214116,0.6534267899897089,0
35.795995,42,20.286322,-0.9357556655282668,0.6396360503224968,0
41.777435,49,20.367384,-0.9480220888586555,0.657900151169487,0
45.724212,53,20.456844,-1.047361648752043,0.6487496852874015,0
56.145107,64,20.954219,-0.9345617593380209,0.6577405908332203,0
51.639353,60,21.077408,-0.7660490558885059,0.6549865801932852,0
53.200604,63,21.218372,-0.5545742159743218,0.6633618526971299,0
44.667428,52,21.335274,-0.8312593004410916,0.6573755208280756,0
61.47049,72,21.537782,-0.7999550896049406,0.6559945755612562,0
46.814608,55,21.724657,-0.8437340872215355,0.6521593970654188,0
37.2067,44,21.885374,-1.0734823330680028,0.6592477489767045,0
42.413064,50,22.068374,-1.2142989380806422,0.6564465603407724,0
45.954665,54,22.266537,-0.6854910989115661,0.6602478075420398,0
51.632079,60,22.828188,-0.8621919888033592,0.645941130020008,0
55.710609,65,22.940391,-0.8566743856261676,0.6507965365975403,0
47.020328,55,23.023999,-1.082444936616941,0.6575542866982526,0
51.958273,61,23.11636,-0.8268106573349547,0.6535253991764087,0
43.886456,51,23.193182,-0.7916863194232199,0.6540803041082671,0
51.995517,62,23.29034,-0.7133001178085496,0.6588432100775531,0
31.394989,37,23.381685,-1.0915658683992258,0.6414387447397757,0
39.524807,47,23.525108,-1.1891968773598474,0.6444843498094383,0
55.377905,65,23.711862,-0.6721253915240794,0.6637113925654209,0
64.676027,78,24.327665,-0.5870464104033187,0.656685133870474,0
236.799311,247,24.717796,-1.0751063257980258,0.6456685301218084,0
58.659158,70,24.823654,-0.8400659046864235,0.6542140320376534,0
411.382413,447,26.026251,-0.7088464682287275,0.6536080190490601,0
162.681597,159,26.28927,-0.7427445088367088,0.6291963818206642,0
83.185745,104,26.852523,-0.3275934366629467,0.6633299029032566,0
56.861739,69,26.973696,-0.3585880377620536,0.6645787720277143,0
57.900309,70,27.109239,-0.5167325882144432,0.6637919789848534,0
707.812014,751,28.989934,-0.5560614826708804,0.661583394283982,0
59.010262,71,29.116272,-0.2629509408114428,0.6654312471313666,0
45.046897,53,29.655381,-0.7377892508584023,0.6544198399536071,0
58.422997,69,29.769459,-0.8074502314969997,0.6581882398664569,0
281.417359,307,30.551659,-0.872055461049737,0.6585110256116152,0
46.751951,56,30.76795,-0.7949463374710574,0.6555065124167693,0
282.631575,302,31.767074,-0.6623095996834629,0.6554723063733124,0
65.758448,80,31.899099,-0.323522554912896,0.6647669749474869,0
69.943916,85,32.039181,-0.27971957186573165,0.6632988692872636,0
67.142305,81,32.570417,-0.2645480431766032,0.6640230378275818,0
70.271964,86,32.711298,-0.23922866280798918,0.664299424116378,0
228.635847,236,33.101627,-0.7191340326444272,0.6615906312247464,0
50.680572,60,33.199792,-0.6149852368136232,0.660866104460985,0
663.063442,702,35.143493,-0.8600860363316281,0.6351693365869203,0
61.556302,74,35.271027,-0.23191653167111706,0.6652312101868517,0
53.860056,65,35.377844,-0.3185432900143734,0.6656105835273571,0
58.652263,70,35.493008,-0.2934922014335448,0.6651109240470818,0
61.554868,74,35.614406,-0.30260701511909194,0.6606680570357913,0
53.711375,63,35.718003,-0.47269455110113706,0.6539236534414878,0
50.167411,59,35.814676,-0.6111301344742864,0.6611298725599442,0
54.47335,66,36.31689,-0.28798036868463334,0.664095491105428,0
375.390962,379,36.965342,-0.5000241664226766,0.6051916821475259,0
832.632555,848,39.557669,-0.5741588031092155,0.6558012545204207,0
53.365958,63,39.790372,-0.5304929938664922,0.657652083925347,0
529.725445,541,41.383297,-0.7415500440647222,0.6287363924202689,0
549.384902,558,42.865188,-0.7005223747747418,0.6570291143006882,0
50.81965,59,42.98567,-0.6270703366960146,0.6558515002395967,0
47.995087,57,43.152755,-0.4923559886089264,0.6642626285375268,0
240.748572,249,44.250854,-0.6263078556987103,0.6633251096179419,0
256.262243,260,44.803868,-1.5508289907719757,0.6453543644513572,0
476.793211,472,46.131628,-1.0181138134617553,0.6425327965133977,0
206.529951,212,46.92159,-0.5351056393979899,0.6643708901058384,0
826.153258,844,48.980689,-0.5098076653115656,0.658752113125987,0
974.803615,1000,52.085713,1.0377839426792261,0.9299581664423546,0
68.816216,85,52.652041,-0.10633072369514367,0.6651826935267628,0
823.234283,859,54.691846,-0.5925539946366437,0.6567620611338706,0
51.08128,61,54.816358,-0.5360970024391777,0.6606818225409501,0
45.98829,53,54.92416,-0.6775926378744563,0.6562946857592529,0
49.678976,59,55.433594,-0.3349126486551209,0.6611744205205801,0
846.237973,889,57.504777,-0.29311025395690027,0.6640241750486963,0
888.712063,932,60.452891,-0.2633521563009331,0.6609755757565745,0
233.182006,243,61.459899,-0.27212371984821115,0.6588178707947707,0
48.839998,57,61.558579,-0.5704281954795578,0.6598950680615128,0
55.602256,66,61.6702,-0.41311859876795504,0.6591047866006795,0
894.242243,902,63.912066,2.010401476208086,2.6244746738714757,0
71.921001,84,64.056005,-0.21711292290972484,0.6655164893514636,0
967.432028,1000,66.55156,1.0452488439211804,0.9890036787857989,0
68.859498,82,66.688689,-0.3452238518410448,0.6633521695602163,0
61.333471,74,66.809671,-0.4145433495293333,0.6646714408481903,0
273.180613,299,67.693785,0.03732950905358546,0.6847743299972802,0
454.699412,476,69.479092,-0.1714634667807797,0.5794980032475829,0
950.496198,1000,71.522672,1.260588987854688,1.026829484558667,0
70.342723,85,72.05926,-0.16709322227375145,0.6660509426731273,0
985.517718,1000,75.048973,1.4908397009426149,1.388050545369692,0
209.451687,183,75.415372,1.702328080764904,2.353513896983193,0
382.663438,383,76.45167,-0.5051867000662981,0.661426809032013,0
984.760214,982,79.178592,-0.616001707404421,0.6561365374288097,0
1005.612492,1000,82.584823,0.6721278873631551,0.9385264717602422,0
955.006669,1000,85.54098,1.030912850477554,0.8871027040833941,0
951.243044,1000,88.127544,0.9046447806911856,0.8194253554271798,0
95.965209,118,88.821355,-0.1301821893405293,0.6653355803422473,0
965.505843,1000,92.043499,1.3397342430330892,1.154295469276117,0
458.060717,477,93.257179,-0.2890000605442214,0.6611458047048059,0
953.702607,1000,96.344066,0.6395527810802132,0.954352197136916,0
962.91907,1000,98.859458,0.8519563434344075,0.7284574370725723,0
955.737251,1000,101.52403,1.0973222029498886,0.9002240196823745,0
968.12487,1000,104.794975,0.7387757505279383,0.895369132671197,0
1002.054486,1000,107.766293,0.335548966109809,0.8063789373974181,0
940.478567,1000,110.899266,1.2758416546255114,1.0790788675044567,0
912.342607,1000,114.265139,0.7313012304181972,0.815878677992206,0
889.369567,1000,117.291952,1.2100218822070952,1.1052959513286993,0
44.627636,53,117.467517,-0.5679381522443275,0.660205684472138,0
49.497662,60,117.680737,-0.35882619453896597,0.6653047137162457,0
883.64246,1000,121.334373,0.9498022526704578,0.8398891038851708,0
878.90772,1000,125.002526,1.017992008573339,0.7653213143397276,0
68.872174,87,125.682867,-0.018720502328461543,0.6632711404254117,0
48.204986,59,125.795839,-0.3748300225226534,0.6649170787726995,0
868.331138,1000,129.493117,0.8661193195237168,0.8382015618804862,0
861.629396,1000,132.707942,1.1494430234814978,0.8782031463372607,0
874.741448,1000,135.98377,1.0267173883259046,0.872692049353265,0
879.346103,1000,139.832964,0.8651708564455111,0.7973956588948811,0
878.761411,1000,142.977546,0.8972668084512128,0.7764732163100295,0
888.627863,1000,145.873495,1.275869763081457,1.0686727388437127,0
98.042206,118,146.608824,-0.1686576552612938,0.6055073879879043,0
931.416771,1000,150.015157,0.8249657208833507,0.8540098552488125,0
116.207699,139,150.255807,0.10688663247256718,0.79783321736375,0
39.676092,47,150.347473,-0.6847152280223188,0.6587288114393917,0
609.808483,688,152.587084,-0.10538977635213007,0.62461690462089,0
51.341097,62,152.814831,-0.33967979627624,0.6588104556681984,0
903.376608,1000,155.945401,0.8926565214504496,0.8131531800936285,0
37.391172,44,156.02348,-0.7992198876966701,0.662543025915698,0
38.060577,45,156.104326,-0.7689704044272188,0.6592339582539111,0
109.367371,132,156.734025,0.10986273473271224,0.7834281117974878,0
58.67928,72,156.880061,-0.2308601182990913,0.6605698692975913,0
46.619901,56,157.004055,-0.44015616480371966,0.6633876979008235,0
48.341298,59,157.146089,-0.3745598435970762,0.6645939205143098,0
885.210638,1000,160.006782,1.0185711345420603,0.8906206982775629,0
49.868485,61,160.206575,-0.31159939357753574,0.6639821429335188,0
57.327403,70,160.460619,-0.2824563373410945,0.6656719813690166,0
46.771049,57,160.653605,-0.4896669931984552,0.6624942029957354,0
56.406061,69,161.267147,-0.18820338574832918,0.6651767475525773,0
89.083185,106,161.455526,-0.2059887411940801,0.5990327645787975,0
54.029687,65,161.587275,-0.25277570950241385,0.6605505538400291,0
69.98403,88,161.782814,-0.13870756523028502,0.6367587619396635,0
102.699802,128,162.155777,-0.2225927851721319,0.6123602265226881,0
882.865973,1000,165.536777,1.2428463208791678,1.0254895772704962,0
913.309892,1000,169.031811,0.9264868827899114,0.8299138324640836,0
912.357984,1000,172.637435,1.0043421552630405,0.8781630175625061,0
903.773663,1000,175.507377,1.1624179557884173,1.0005694797658968,0
904.386875,1000,178.199007,0.8216565050640333,0.8499004296415663,0
903.413841,1000,181.801175,0.7765961228231386,0.8349637214583928,0
865.014219,961,186.090959,-0.5538565571462675,0.6480475933959939,0
55.665521,67,186.331156,-0.36926396091110875,0.6523885292893002,0
35.199954,42,186.490696,-0.7244052343133854,0.6632814277376966,0
53.65747,65,186.734946,-0.4446668080126013,0.6410032067250107,0
53.975093,67,187.013177,-0.7290331353086793,0.6257542248366699,0
409.728356,479,188.880114,-0.35414348561454134,0.6448843565749082,0
50.962681,61,189.107168,-0.49690784894452006,0.6380447700868815,0
868.286511,1000,193.009679,1.018356384510857,0.8014176611068399,0
890.311942,1000,196.796145,0.7875156806462702,0.8021265993815946,0
884.091621,1000,200.342323,1.0695954987411296,0.9344512650860741,0
882.793695,1000,203.59705,0.9119247168354997,0.8763218931483983,0
59.090103,70,203.721853,-0.24773333883047693,0.6653202569580452,0
868.022394,1000,206.763777,1.0013252898735971,0.8135764073270519,0
900.258278,1000,210.435692,1.1172461712307074,0.9489653706920937,0
47.427391,56,210.645637,-0.6655290238178889,0.6088514278440814,0
49.626259,59,211.274701,-0.8099365008612477,0.5190224369362252,0
887.881805,1000,214.64623,1.0567664216465429,0.8783604334940938,0
51.906161,60,215.209728,-0.703505802300566,0.40040013567487537,0
50.313499,60,215.349666,-0.8190515504370653,0.38371963660443753,0
50.936353,60,215.485905,-0.8250740990879794,0.458890639419952,0
49.580132,58,215.615088,-0.7931980968537778,0.49188653689976825,0
49.89272,59,215.748266,-0.2545281586009694,0.6649704688882908,0
116.169073,140,216.105229,-0.3228985046536515,0.5560429873385986,0
51.402661,62,216.313235,-0.7255799814334986,0.49583304883168,0
48.315877,56,216.901414,-0.5612454774066874,0.632556577843948,0
49.329658,60,217.037069,-0.7640541276391181,0.4854194749750129,0
878.475254,1000,220.173866,1.182329691681294,0.9794568243588736,0
893.692942,1000,223.607806,1.3165502362863215,1.1652624719874833,0
55.339838,62,223.71709,-0.6449643413400897,0.526579197038828,0
54.070248,61,223.811355,-0.6827691491835032,0.5333776355644729,0
84.498451,101,223.96083,-0.9101380606773496,0.5798080741390411,0
52.843995,59,224.047831,-0.5837399799931478,0.617269796095201,0
48.332793,60,224.175582,-0.8352518533667858,0.5496967145625358,0
52.591662,60,224.310282,-0.6722838848763172,0.5229605323106549,0
61.741898,74,224.95038,-1.426127375195605,0.644612214641753,0
898.025649,1000,228.80448,0.9812080529897401,0.8454870553521155,0
53.296991,58,229.359491,-0.5747021641809801,0.3881886795861589,0
229.119677,256,230.081843,-0.7113162879880729,0.4865991991711539,0
909.923392,1000,233.831175,0.9488635845047773,0.8278239658643852,0
81.728349,101,234.202686,-0.25598637940996233,0.6409378994950691,0
915.52363,1000,238.34086,1.0008853977315135,0.8273055333261427,0
905.026849,1000,241.816649,0.9523193973556215,0.8691117353002836,0
907.768221,1000,245.38413,1.035787069073881,0.915061942871078,0
928.991558,1000,248.852454,0.9041293269054362,0.9317154363221376,0
947.805117,1000,252.149355,0.6384612239439397,0.8861961734026914,0
976.792757,1000,255.602067,1.3897020281371293,1.2486041203320715,0
1000.031194,1000,259.532917,0.5748091131023364,0.9963537767437145,0
980.007159,1000,263.538811,0.5195020697038071,0.7187785287640145,0
212.479609,206,264.191032,-1.4809141318266463,0.6464412086435555,0
212.915129,208,265.214069,-1.5455696502638852,0.6452171868155987,0
193.437248,188,265.714708,-1.4330036448921504,0.642206454963946,0
655.271339,628,267.822042,-1.1586673591584142,0.633073913619749,0
244.134445,243,268.757728,-1.5528963594406058,0.6367739958644638,0
246.848875,255,269.535063,-0.036753607908459336,0.6659541183263006,0
218.624112,214,270.601506,-1.4638862280971152,0.64904657488438,0
217.045584,213,271.123477,-1.1209280575304503,0.6517771455654933,0
202.656267,196,271.859256,-1.491489983572699,0.6449981759790827,0
342.119344,341,273.257138,-0.38960581086266655,0.6653176416221377,0
238.5873,242,274.519364,-0.3048481189330101,0.6641728184628319,0
354.359379,342,275.50124,-1.2274613964366115,0.6477665313129642,0
246.987387,243,276.633289,-1.327472743613671,0.6511969985759781,0
1003.216087,1000,279.852494,0.6708592833596857,0.8666048948234591,0
965.141937,1000,282.639761,0.7783990089366938,0.8755961564476799,0
904.099665,1000,285.848876,0.7622999252909343,0.8139691272969409,0
892.196638,1000,288.648968,1.0898148935040086,0.9224229270042894,0
892.180697,1000,291.934818,1.0090497685017026,0.8962582942433227,0
920.408699,1000,295.415143,1.2137966262505526,1.071030277315578,0
719.392029,759,298.406999,0.24065835512717193,0.9002525925232142,0
58.238174,38,298.47546,1.3473411132761077,1.9637534112974107,0
92.922301,65,298.599663,1.5096519134251225,2.1567725245810236,0
56.434787,37,298.67136,1.3020681666742202,1.9330583827126029,0
122.472321,74,298.813834,2.5300344430927297,2.8975893286425634,0
116.227988,68,298.945287,2.281237517758066,2.893357699989407,0
54.625712,36,299.416989,1.444810398086249,2.021179951251885,0
60.177566,42,299.491865,0.9870384275645352,1.639559144438583,0
59.163545,39,299.560529,1.5168386981232405,2.1066470325562006,0
60.840891,39,299.626245,1.3969581419348247,2.0116688052487173,0
53.434768,36,299.690448,1.502769228741712,2.0602953630388656,0
102.389181,65,299.811845,2.3686059931252976,2.9827980323250274,0
83.573021,57,299.922979,1.1088064160919662,1.774035337759392,0
57.304804,39,300.021066,1.1089223412735318,1.751408529871095,0
61.363535,41,300.152905,1.1390106124887538,1.7680115075594165,0
122.184344,76,300.422766,3.136985045334456,3.4565730525407874,0
88.820157,61,301.074284,1.472393693439175,2.1116255209077868,0
112.250581,69,301.185846,2.4105595039159313,2.9140613630194485,0
81.119662,57,301.287437,1.2134178892498306,1.86734854424673,0
94.659749,64,301.408345,1.9251119901799225,2.5707858531207086,0
51.784319,35,301.476128,1.394599463924942,1.9764709596329761,0
114.018625,69,301.614538,2.3420342660488966,2.900495586151579,0
94.79928,63,301.734776,1.8099149989421266,2.4678358390794646,0
103.288797,68,301.873829,2.1643271273560285,2.7923981526108257,0
90.922778,61,302.060573,1.60068202182571,2.2763769833695715,0
107.200684,68,302.637785,2.5415851587305394,3.0971285508320867,0
63.206453,41,302.704756,1.200187464234386,1.8485811003129344,0
83.384455,60,302.805306,1.4037360696592225,2.034658269764311,0
60.615028,41,302.874274,1.0337425747859728,1.6781268933062117,0
95.176455,62,303.048181,1.7994425049105651,2.4870587723933335,0
110.265505,72,303.291476,2.107690035409351,2.390908922658458,0
96.551741,80,303.59268,0.25921020327804173,0.9143867030746722,0
85.591268,60,303.81493,1.6424901886442074,2.26398750350584,0
82.943257,58,304.430831,1.3709730883620308,2.0159119696495336,0
59.026821,41,304.503536,1.0410943943737854,1.6859966279076943,0
97.855104,80,304.647859,0.3496726574252068,1.015574792748662,0
61.005909,42,304.724016,1.0129087299699484,1.6565143224025285,0
102.397432,91,304.901927,0.17731670333300034,0.8331295825963349,0
99.862233,84,305.185649,0.46983300032884473,1.112574610670065,0
94.7089,77,305.473911,0.24247595117724707,0.8914324120874696,0
92.559174,64,305.711961,1.6284208887920806,2.2665268328546073,0
91.145808,64,306.283299,1.4437826008495294,2.0614278924525884,0
88.072821,65,306.403668,1.344767520011435,1.9703745947711337,0
94.823264,66,306.522023,1.7429070697357631,2.358101343108623,0
89.784794,65,306.694605,1.7206364475220608,2.357047508219791,0
74.929826,54,306.876424,1.0140768583213047,1.6532835383017312,0
82.411362,63,307.114051,0.5824442740364398,1.2457805185905249,0
88.346631,71,307.377666,0.2698697687899984,0.9314732548831254,0
82.862042,61,307.602221,1.0129290148614756,1.6694426258169741,0
133.028284,127,308.297518,0.27224253734872333,0.9230917443379519,0
99.805035,68,308.413538,1.529398133743615,2.1880758314612794,0
90.850694,65,308.584236,1.4595049037716212,2.0888502644531335,0
230.516656,255,309.51982,0.21933773758000477,0.8947642993071033,0
120.090693,109,310.187193,0.1725574983518059,0.8656688877506276,0
80.655611,60,310.290556,0.9857957428268695,1.6425691559883728,0
86.229512,63,310.451087,1.2050227197954113,1.8451613276987486,0
933.897877,1000,314.077079,0.7903398909445809,0.8639210397647612,0
86.39692,67,314.276143,0.5745154197868988,1.2293965704052614,0
80.159126,56,314.465276,1.0616749335959077,1.7202530136403031,0
908.848834,1000,318.075013,0.8280462821868305,0.8050298666589722,0
915.967262,1000,322.004197,1.234773429322823,1.0764494114424914,0
937.551975,1000,325.575098,1.3257881140078946,1.1778671559983362,0
914.12799,1000,328.670336,1.1672978796228723,1.0316423776591321,0
938.705736,1000,332.883225,0.9131365041432898,0.8567515206741206,0
966.513759,1000,336.542337,1.0530294808804073,1.0241057318701738,0
778.634621,752,339.496727,0.477301285273814,1.1376062836606293,0
121.947452,91,339.855933,1.8035925532620958,2.3551854424940997,0
120.739993,104,340.52598,0.15312694249413164,0.8131297879929269,0
129.429827,100,340.712758,0.619359239931747,1.273441377319366,0
133.048116,119,341.043247,0.222655430486958,0.8764456807533061,0
138.958796,112,341.483475,0.66555735370709,1.3266356048361934,0
163.75177,108,342.333982,1.8242982348182994,2.42098560657167,0
123.188831,93,342.512551,0.730922183625812,1.395131868553162,0
124.109751,104,342.779564,0.42937247068498247,1.0821953702462883,0
111.377776,83,343.071062,1.2344103469724055,1.8618516924203987,0
102.939386,80,343.366713,0.6704564392861049,1.3241886256491933,0
583.616181,557,345.430102,0.14686215501909444,0.792292273853861,0
983.103753,1000,348.684319,0.7440995442231356,0.9056410889390647,0
146.065212,112,348.912173,1.079972664736738,1.7539432897265363,0
141.339397,116,349.53472,0.6738541583416814,1.3075237469254781,0
996.178919,1000,352.955074,1.3067713279225182,1.2491743996236202,0
976.518079,1000,357.214786,0.8611409429380505,0.9913281173870085,0
950.234658,1000,361.362939,0.8660676155303494,0.8662911793537615,0
961.283339,1000,365.346529,1.1450394839922253,1.1154741953816563,0
100.346572,74,365.476174,1.117516020377817,1.7575274456212537,0
95.044682,75,365.617468,0.6377245280927702,1.3149338617396085,0
95.22947,79,365.826918,0.26942636537110226,0.938260869416213,0
92.979614,74,366.092867,0.36460884827415135,1.0234907888401432,0
443.274899,530,367.961806,0.17802115129060456,0.8632502545310061,0
81.854459,59,368.150281,1.2149660724734617,1.8596983660938793,0
94.027635,72,368.430259,0.7068399357645786,1.349491399964178,0
94.110189,70,369.116734,1.577906942870437,2.218167920504899,0
87.598552,63,369.241509,1.1613589006183775,1.8205426518279408,0
57.615154,41,369.321513,0.9797411718899547,1.6341455237866653,0
90.44553,67,369.458534,1.3095601976084814,1.9624134799630113,0
86.750453,64,369.653719,1.147937341961749,1.798345856649063,0
98.261484,70,369.903517,1.7451174971258183,2.380373617989881,0
93.723088,70,370.161015,1.228561573029191,1.8624854956840433,0
87.778106,62,370.389496,1.2448817824639633,1.8987776375563665,0
87.912507,64,371.022048,1.4122966460003594,2.056999795637127,0
88.246204,66,371.153537,0.8024889123529327,1.4665550541861927,0
84.071377,60,371.254365,1.3652185075504604,2.0111602127726083,0
86.918876,65,371.385949,1.1066657018816093,1.7582257173388198,0
91.308692,72,371.614795,0.4849929965792521,1.1394158591592907,0
94.334163,74,371.881597,0.6492885821058237,1.2981293425699896,0
100.473654,67,372.13028,2.0708649495779463,2.6746765410278757,0
101.666887,71,372.392703,1.7291120833359437,2.3616678182138267,0
87.318044,66,372.978204,0.7071006223745214,1.362441453924277,0
84.335019,61,373.08584,1.2676731510540193,1.9005405776655868,0
87.427553,65,373.198745,1.0357821607559292,1.6968694554931911,0
84.755564,61,373.313587,1.0650059063486441,1.7140180646170766,0
88.841617,67,373.445213,1.0722267527628901,1.7224834687807247,0
95.562988,76,373.604676,0.4775908288409515,1.1292247057046847,0
907.168431,1000,376.472684,0.9526015162017931,0.8684591553426927,0
83.225214,58,376.624838,1.192238955534835,1.8219109956892987,0
79.569587,58,376.740752,0.9207467285837249,1.5746246365199124,0
92.919274,72,377.272461,0.7796811238394088,1.425969690109669,0
910.481555,1000,380.245204,1.0627497040717317,0.9233395280214486,0
916.997632,1000,384.002646,0.8129200150313728,0.8879486594726653,0
876.678268,1000,387.42226,1.061026144704687,0.8937339140937679,0
595.839291,677,390.05285,-0.22936584635096363,0.6651603703374461,0
239.572497,272,390.825023,-0.11969962602232537,0.6655227393328019,0
927.717136,1000,394.927875,1.0778051122598842,0.9508038341041382,0
979.718762,1000,398.201353,0.9581131222747876,0.9643012940160111,0
988.577094,1000,402.287133,0.9208557305881351,0.8983032859134762,0
994.807549,1000,405.680437,0.900675057369286,0.9242101761844689,0
1018.236318,1000,409.543169,0.7963408605581062,0.96390926466363,0
1032.970507,1000,413.327093,1.438202413410714,1.2903244398713576,0
1069.476493,1000,417.26214,0.4744121399057713,0.775801392990335,0
1064.44794,1000,421.114492,1.653058074587245,1.6384768087013604,0
326.626127,289,422.070291,0.9035629370040169,1.5385297647933018,0
408.516036,366,423.523722,1.2416663746257237,1.8899078291854525,0
406.617748,361,425.221241,0.680975568713681,1.324081366586284,0
917.018245,841,428.923215,1.0760435205448424,1.71255043880848,0
510.251859,459,430.002524,0.8427736045046542,1.4824092391185242,0
1068.922815,1000,433.689355,0.8677128882757307,0.8681453838683889,0
1063.336063,1000,437.482971,1.611189741582279,1.541551834762713,0
1046.203561,1000,441.21893,0.8201043939694197,0.9944553083385347,0
1036.816458,1000,444.91275,0.7981962625520869,0.99221026733466,0
1028.096062,1000,448.98115,0.9563546082329114,0.996284140406235,0
1016.849542,1000,452.58871,0.8435820656026751,0.9212166448626696,0
1021.378407,1000,456.013295,1.0748721397093914,1.0517211110082159,0
1009.901723,1000,460.013417,1.0566698651153896,1.0219436033319138,0
1001.685352,1000,463.944031,1.2454809370615638,1.2529548348799449,0
1010.526778,1000,467.275481,1.0970976223416462,1.0508061767412604,0
1018.638142,1000,470.91311,0.7011257355324432,0.8756402824079816,0
1013.207785,1000,474.813972,1.1045071838629004,1.0844249688317222,0
1011.783278,1000,478.886101,0.6556216814483166,0.8776160537672104,0
1018.483967,1000,482.611776,1.3031436351867522,1.267320459894751,0
84.32198,63,482.760245,0.6978027085176789,1.3452023253512333,0
86.631282,68,482.91736,0.5744243445213143,1.2372999860607539,0
91.780844,70,483.088724,0.6431977004208009,1.2946504738197737,0
88.471325,68,483.234234,0.5661336471812024,1.2238466917856614,0
95.704725,77,483.39925,0.6236000852596085,1.286530102045489,0
81.585532,60,483.932724,0.8930986802036104,1.5560020383674722,0
82.523091,60,484.031629,1.059090340047443,1.703835158903626,0
75.451235,52,484.127919,1.152465528476988,1.8000457217109345,0
80.107167,57,484.242116,1.0719787008954382,1.7371535034187413,0
89.750106,69,484.397695,0.701559012348431,1.3664860352490205,0
78.016419,54,484.532721,1.2091094061159637,1.8603829198881168,0
80.336772,60,484.691347,0.7819392116793041,1.4385279042033954,0
86.413303,66,484.881377,0.7249764570552474,1.3731998411823194,0
83.361418,62,485.052922,0.8694651071294923,1.5438402779011982,0
82.210921,59,485.567074,1.0827006112848572,1.7376743694167054,0
88.62285,67,485.68266,0.8484815884682525,1.5159569225314664,0
89.165517,67,485.810281,0.9264504053182931,1.5896098386199988,0
78.727523,56,485.92799,1.009948223724661,1.6571068174986117,0
79.354234,58,486.059239,0.8497565506600695,1.5061143298505117,0
79.073837,57,486.184751,0.895812283370556,1.5469797324777113,0
75.023589,54,486.316239,1.1018928290618697,1.7575221556759262,0
78.438735,56,486.460796,1.2050806463899437,1.8557725079089074,0
78.182157,55,487.059414,1.0889408749346898,1.7396077401353678,0
78.069248,55,487.161337,1.1444182333319735,1.8008399952053047,0
79.33967,57,487.293624,1.1643622256329114,1.8369268152723732,0
84.458077,62,487.454657,0.9387265847716109,1.5855177070533053,0
79.486251,58,487.593147,0.8140187902484347,1.4807810252171725,0
91.499332,69,487.817724,0.8330943535214266,1.4792349775196503,0
81.610336,60,488.038227,0.9645222050355552,1.6324290697309727,0
78.762013,57,488.248257,1.0412223615182346,1.6852599139512712,0
80.479287,60,488.457988,0.7542165006425611,1.421445100830865,0
79.733849,57,489.008657,0.9458254494827877,1.6014105422586642,0
76.294058,54,489.112526,1.1796553477540255,1.8330096015803294,0
79.287259,58,489.249343,0.8887904584839152,1.5484325453774992,0
86.1076,66,489.387576,0.745748282820511,1.3969086566404458,0
79.346718,55,489.500145,1.1867640906272765,1.845772086191791,0
74.589468,53,489.608178,1.111067445235359,1.7710826393838577,0
78.837131,56,489.722963,1.100995975448625,1.7671546234447768,0
79.128289,57,489.839555,0.9336165759121416,1.5953034662184569,0
75.685923,53,489.947751,1.2244271461517273,1.8623406644429905,0
80.759716,58,490.463992,0.8671512050722404,1.5115388512327699,0
78.327667,56,490.571333,1.0385838981783297,1.6816850930670344,0
83.953645,63,490.68827,0.8203439890898129,1.4769249963737585,0
74.993613,52,490.787417,0.9834811587537007,1.6487015618587004,0
88.009738,67,490.920352,0.6826733639617446,1.3333591288499136,0
74.495662,53,491.028193,0.9497823789500992,1.6084809631749541,0
76.925061,55,491.140609,0.9104909709966038,1.5691321624273649,0
81.114149,58,491.279721,1.159125212367492,1.8176364721877285,0
77.812515,55,491.408623,1.0327387069874991,1.6857379048139536,0
77.569159,56,491.923571,0.9887734120961306,1.6320066453199487,0
77.950771,55,492.015913,0.8844504468631609,1.541400300222172,0
86.14403,65,492.135792,0.7873565694463155,1.4538248357544847,0
80.29618,58,492.253239,0.9682235805299702,1.6257689837364486,0
85.672929,65,492.400018,0.823082328523794,1.4888125369529062,0
77.758895,54,492.535542,1.0594267284454544,1.7172910344766026,0
79.086129,58,492.688653,0.8758937227516268,1.5327036932845113,0
73.410726,52,492.831087,0.8579719056203554,1.5111066940957585,0
75.087924,53,492.982821,1.0541588851597514,1.7049692426576015,0
92.434899,71,493.56438,0.8210121444490911,1.4666980532806742,0
83.359406,62,493.681828,0.8533591869211341,1.516200376056239,0
79.265046,59,493.778051,0.7891633556107523,1.4585102943353891,0
76.540673,54,493.907903,1.0566395910835256,1.7128260762889402,0
73.59941,51,494.070756,0.9454565285703378,1.6108458845509628,0
80.381107,58,494.279513,0.8866846147342167,1.5382571635945117,0
81.157368,59,494.499144,0.9238068242917412,1.5725444098183092,0
83.620378,64,494.711957,0.5640683386864559,1.2217245637667824,0
73.803777,51,494.882814,0.9720961524885022,1.6112848982208081,0
92.829189,74,495.436767,0.5389255447205666,1.2023609810079874,0
83.897734,63,495.565335,0.7323208219795871,1.402270042071369,0
79.80019,58,495.687382,0.8556826040003463,1.5125529116992418,0
77.08838,55,495.849521,0.9920442780796189,1.6567344187269673,0
81.504417,60,496.059738,0.7688404246904834,1.4155112176982185,0
79.298284,57,496.269121,1.00694238405268,1.662956823098061,0
80.033015,59,496.480984,0.8654898872104988,1.53725741417596,0
80.972123,59,496.635568,0.7935649988835047,1.4455506409693406,0
78.081602,56,497.159602,0.971311985427139,1.608816740522633,0
86.717782,66,497.288992,0.741995159255009,1.406672760520042,0
79.896535,58,497.435833,0.9073950766455632,1.5699313507497525,0
77.923532,56,497.588826,0.9085723698884192,1.5614329392803603,0
83.909931,63,497.714854,0.7778539299350243,1.4331321459029243,0
87.509238,69,497.838477,0.431603400699839,1.0814294799799609,0
624.364917,624,499.98814,0.372693911974757,1.0228846003885803,0
82.16003,61,500.214418,0.9037372194786909,1.5501735124131164,0
90.96673,72,500.780602,0.4326742131739783,1.0901016801817853,0
92.278402,73,500.910508,0.5667039160155241,1.2302678099941475,0
259.137147,241,501.688903,0.5520187748894134,1.2168561007146712,0
263.849186,249,502.877181,0.2721906856627919,0.9177274126504447,0
420.338233,406,503.966321,0.6294303656249032,1.2898676338053345,0
86.434227,69,504.080578,0.36993274271309434,1.0341187356867783,0
114.740838,101,504.24809,0.1969632371050667,0.8517184884311502,0
83.279968,62,504.34928,0.6193883458688356,1.2801582781692276,0
85.559168,67,504.459288,0.3691520976341,1.0226079647334887,0
89.830891,71,504.6495,0.33503257068183145,0.990716804670796,0
991.81098,1000,508.556917,1.0246202742141703,1.0168772573902305,0
415.301367,398,510.157819,0.31162135077638053,0.9674878169334672,0
982.635322,1000,513.463701,0.9658006367167639,0.9938340913249251,0
993.475118,1000,516.709073,0.8529085351566236,0.9483561063011048,0
292.330691,278,517.274631,0.44137234018098687,1.104233530879617,0
977.24497,1000,520.576768,0.7160587878503828,0.8875587597425674,0
975.951998,1000,524.438267,1.3299569547621137,1.2269326016005728,0
968.039843,1000,528.155977,1.2609646458609916,1.1691905797160413,0
978.767924,1000,531.581379,0.8757110452113632,0.9432306881190171,0
976.249577,1000,534.82511,0.9637608204867419,0.948370350233752,0
977.543332,1000,538.160057,1.1381390026551952,1.0468617686981303,0
999.707925,1000,541.34718,0.9897072588351368,0.8963639741434407,0
1009.187793,1000,544.664173,0.9551945771174999,0.9850290316950233,0
1009.467437,1000,548.078077,0.9829687545154981,0.9880569496704916,0
1020.585597,1000,551.443778,1.0328111219950409,1.0138593962085212,0
1022.359211,1000,555.008,0.9924773674853115,0.9784144132761783,0
1012.097815,1000,558.169048,0.6791974279009098,0.8972392119115069,0
1015.370522,1000,561.092453,0.8051490549839652,0.9202826685072093,0
1010.236057,1000,564.659992,1.1481041707937822,1.1114894084113944,0
1017.746415,1000,567.605216,0.9926206661175583,0.9967577320594881,0
1009.008432,1000,571.470974,1.1997282246963858,1.1533934217832869,0
1020.102433,1000,574.408505,0.8931251621278283,0.9730796020348299,0
25.365043,29,574.46308,-0.8591650983182675,0.5832698257251028,0
94.454697,78,574.638665,0.7681560258234025,1.451737878040554,0
102.037489,85,574.855721,0.8293761210615157,1.4828836875753266,0
24.504667,28,574.927212,-1.0404164632701554,0.5721914873855405,0
24.551747,28,574.999749,-0.9387048156638516,0.5914486305497617,0
93.586834,75,575.192659,1.2608596736943243,1.841998761458033,0
25.912591,30,575.271133,-0.7244240833093467,0.6151457651205501,0
96.878545,90,575.501407,-1.0170785624702137,0.5084108498208477,0
78.064524,56,576.014045,0.9922661067868489,1.6459360104056855,0
80.029416,59,576.1189,0.6375824176360216,1.281454211897538,0
78.366585,57,576.266193,0.8390382739269454,1.4877527776418855,0
1013.601868,1000,579.480011,0.46105711797074833,0.7996001882696125,0
81.774561,59,579.577803,0.8276195400029523,1.4741713044451747,0
95.584999,77,579.790253,0.3379086022600415,0.9810860286295844,0
85.586717,65,580.023269,0.6694507164127035,1.3143164333267319,0
94.94316,79,580.314917,0.1497682308122248,0.8031955602953862,0
1029.957867,1000,583.448574,0.7751016403546781,0.9755207203418734,0
1029.795055,1000,586.854276,1.2374861781917115,1.1412081511113168,0
1035.13858,1000,590.071933,1.0332391361495128,0.7643186514103995,0
104.515896,84,590.31258,0.6363938786023579,1.281530864481122,0
1015.579331,1000,593.752987,0.595954757862003,0.9354303724307403,0
1031.847458,1000,597.530057,1.0309798757536441,1.0013348857493112,0
1011.159785,1000,601.23356,0.8360885894623686,0.9874616759035368,0
1022.967755,1000,605.221166,1.1268586727382235,0.9601309479317429,0
1036.432078,1000,608.760339,1.0958579173019207,1.0910804296358956,0
1038.637278,1000,612.004076,1.4169903109014994,1.3172670917670863,0
1028.911302,1000,615.155321,0.9565425145309283,0.9772613582025786,0
1046.881387,1000,618.494939,0.6258623332147618,0.8567105895332746,0
1051.065493,1000,621.284383,1.3269863571467424,1.3008708304213967,0
1057.878502,1000,625.205171,1.152930647727659,0.843274748177524,0
1061.765016,1000,628.725291,1.5620650367859874,1.5460461391265716,0
1064.58284,1000,631.601006,1.133993996034659,0.9611494878477738,0
1063.306704,1000,635.047899,0.6026289257747464,0.9666297669334282,0
1052.171152,1000,638.937072,0.6383488036142718,0.9610424602232582,0
1062.870475,1000,642.86082,1.3648190730973677,1.2624129252213225,0
1074.565483,1000,646.140551,0.9871621320635778,0.8293485200608574,0
1078.714583,1000,649.822096,1.5115683008811671,1.3553268847887212,0
1060.969522,1000,653.853856,1.4999878204443264,1.4159447363879887,0
1059.776107,1000,657.135013,0.5400632753330404,0.8244902419477149,0
1067.765845,1000,660.778354,0.19571007540933041,0.9891095906762337,0
1052.966751,1000,664.19694,0.9137870180098729,0.9952802672089446,0
125.229687,121,664.838634,-2.1402355708126257,0.4550990813476651,0
1076.111811,1000,668.522029,1.0680084846909543,0.881161494911036,0
1062.881264,1000,672.548963,0.7234505232661144,0.8662887917535929,0
1039.010895,1000,675.144928,1.0587794005695683,1.0425344691508303,0
279.092017,263,676.068072,-1.754417472742924,0.48445374666184693,0
128.758775,127,676.478858,-1.8965839815247667,0.5026090268403258,0
1055.172365,1000,680.136714,1.4424355897264374,1.3103954862182088,0
25.389799,29,680.244457,-0.9394945681081679,0.6115397235616155,0
109.861591,91,680.581382,0.5280146697867055,1.1817011323009066,0
134.874732,133,681.313738,-1.8376007183018417,0.50003167602675,0
23.659793,27,681.361841,-1.0542731067394782,0.5820698896829541,0
116.354328,111,681.62758,-2.1697167802700243,0.40315701383098707,0
26.439598,30,681.728006,-1.0634290341650772,0.576374933228778,0
29.444552,34,681.845826,-1.2039519989723508,0.5201874329789591,0
20.333156,23,681.930494,-1.1683307970336683,0.5821641281001037,0
30.16668,35,682.05928,-0.9030415663171857,0.5812489758504269,0
36.339483,42,682.213781,-1.0076138156248513,0.520694685647213,0
147.018171,146,683.146127,-2.389487821221343,0.351235718655485,0
28.129682,32,683.221817,-1.1481971571046397,0.5572529369467069,0
28.19145,32,683.298887,-1.1843988170395003,0.5739873576787494,0
29.891644,34,683.368436,-1.0597416036633984,0.545805505795271,0
27.097935,31,683.43939,-1.0824267805614243,0.566230076208918,0
127.693982,126,683.852986,-2.19354515790669,0.40432017584250207,0
27.290359,32,683.959544,-1.1412849495418484,0.5165906146289646,0
126.923055,123,684.411471,-1.8337519475920776,0.4854053220249103,0
21.990129,25,684.503697,-1.1211611300142035,0.5951677146659118,0
84.445613,69,685.1428,0.5055326628802584,1.1517053149222973,0
158.141786,156,685.420778,-2.2848072138165767,0.36586549443074645,0
27.247654,31,685.481518,-0.98357393227978,0.5922333309031316,0
30.945527,35,685.550223,-1.1863589594245645,0.5549218900604168,0
142.753434,142,685.83356,-1.3224924371095463,0.5490303318353011,0
157.467867,157,686.547052,-2.1141392430355945,0.46052791112616803,0
143.369874,142,686.802897,-1.355068235884065,0.5272545214862843,0
28.145219,32,686.855983,-0.8054100532277644,0.6302594992803604,0
27.955297,32,686.922358,-0.8213550903410881,0.6185024486473278,0
28.104352,32,687.005836,-1.2562392512838265,0.5084304612510472,0
110.922071,93,687.272165,0.5367850900271356,1.1842975684091686,0
22.644197,26,687.36175,-1.0800556557272547,0.5762138495940943,0
123.825995,123,687.727727,-2.0995731114839487,0.40936494736633594,0
25.231939,29,688.181545,-0.9496278183774761,0.596911665697045,0
32.247715,37,688.241174,-1.322185606257626,0.48618973413897887,0
24.405478,28,688.298427,-0.9339382772033002,0.6215790260954529,0
24.496323,28,688.356003,-0.9254726469020306,0.6120101841033948,0
1040.880181,1000,692.399121,0.8271609154400476,0.9899428023836707,0
96.951679,83,692.556086,0.19535947190943845,0.8481336038685399,0
163.848114,165,692.841061,-1.236592681011801,0.5292751444690543,0
1054.421529,1000,696.433618,0.9537196277471959,0.9798884725848892,0
137.145995,136,696.823935,-1.970827460938996,0.42994020439095804,0
145.496152,144,697.543554,-1.596134336672794,0.5117066487087816,0
1035.099995,1000,700.795511,1.0027033800923044,0.99590906252369,0
1037.449501,1000,704.473156,1.1424295631045063,1.0411846354456118,0
1008.111641,1000,707.887339,0.9979268558671511,0.9771851113925699,0
1019.348965,1000,711.301537,1.300656801435015,1.2211593144618726,0
993.696831,1000,715.901475,1.1446933237570978,1.1005238062155445,0
1004.492235,1000,719.339078,1.0731920756739721,1.0434340576999486,0
1017.178604,1000,722.720001,1.0263906763501407,0.9791047130642188,0
1025.960525,1000,726.294189,1.1270490869543421,1.1287276943617535,0
35.207034,40,726.442997,-1.4560746771725774,0.5218938819995886,0
455.400282,437,728.04603,-1.386779100408744,0.5585257388283904,0
1031.014083,1000,731.617318,0.8364803288903294,0.9734610769575874,0
154.977744,157,732.089242,-1.2604385529054707,0.560366567458348,0
190.157766,184,732.912402,-1.5470337071986844,0.5343995233308599,0
31.693083,36,732.984683,-1.5387913252067755,0.5049944228121503,0
322.512787,312,734.040547,-1.3553575088156071,0.5738359315122322,0
146.721332,145,734.295683,-1.406058443580727,0.5524096791089627,0
233.336448,230,734.922671,-1.348745559054627,0.5375628030513913,0
133.524173,133,735.839267,-1.4870127635699146,0.5471947794219071,0
227.978456,221,736.229336,-1.4482648435724292,0.5391211251546548,0
111.024876,107,736.4066,-1.5262062544653698,0.523046446225219,0
392.702702,377,737.683926,-1.3432572896749047,0.5435501954163116,0
120.703105,119,737.997163,-1.3631951195478254,0.5670768842674865,0
536.252687,518,739.588918,-1.2634454857325093,0.5771407985550044,0
41.364879,47,739.746005,-1.2583254191939721,0.5677511608361636,0
265.197877,260,740.886569,-1.1832881571878506,0.5874212748439006,0
102.690823,101,741.054215,-1.585146332236739,0.5092494089668449,0
115.903989,112,741.394772,-1.3689150808059043,0.5744238120766996,0
629.670893,606,743.712897,-1.3188307030028663,0.545123234105768,0
1048.488006,1000,747.18637,1.0933507887099363,1.0833088176795913,0
1043.924989,1000,750.672759,1.1402962378887942,1.1330075658281242,0
1052.350775,1000,753.821284,0.7296687402105883,0.9632702335287127,0
1056.286642,1000,756.414127,0.7846531970130881,0.9424445145546164,0
129.278608,132,756.645128,-1.1744839331046635,0.5892618608313,0
1028.177665,1000,759.838089,1.108473644046392,1.083585315590083,0
1023.040716,1000,763.337385,0.9932658210003007,0.9912161791695114,0
1031.667988,1000,766.397878,0.9152361917379224,0.9860211974929415,0
1035.454151,1000,769.65083,0.9628176990133791,0.9217013412951807,0
1032.932178,1000,772.441964,0.8849326256694209,0.9303720745807373,0
1053.561775,1000,775.271121,0.7450136811264056,0.8732698525250744,0
118.897245,117,775.459709,-1.7502553121012243,0.5183523532642145,0
114.925756,112,776.037067,-1.723132669719121,0.5302438919028427,0
128.669089,126,776.245344,-1.5071202849654706,0.5804337586711307,0
1047.972128,1000,779.03961,1.4677527783672983,1.3523143340517043,0
1040.682283,1000,782.16529,0.997976564823239,1.0051416729694034,0
111.442572,108,782.323588,-1.688690889439684,0.5196789156888869,0
1049.381205,1000,784.883546,1.2249850532711999,1.2053457356739836,0
107.986107,104,785.048952,-1.7516833177125097,0.5295772562077827,0
112.99456,109,785.266656,-1.7583247016071981,0.4843219636782358,0
1041.110737,1000,788.408776,0.8780980516564569,0.9947119488682606,0
1031.867055,1000,791.405431,1.2282054079595177,1.232414146679659,0
1021.436499,1000,793.902242,0.8108401220505179,0.9677944818940741,0
113.283925,112,794.090586,-1.238780483650267,0.6047722199595372,0
1035.290905,1000,796.966441,0.8859391815478316,0.9682057011812493,0
1038.794269,1000,799.75079,0.784173457685518,0.9937572479351373,0
1039.858238,1000,802.678576,0.9003997667785728,0.8836279691839035,0
1060.109896,1000,805.956442,1.0064529779570255,0.8592176967849963,0
1055.402505,1000,808.758372,0.6559427994851006,0.907958003191341,0
1047.098789,1000,811.625759,1.3110209388070269,1.290164231541653,0
1039.010433,1000,814.516839,0.9867054257569816,1.0034328297065407,0
1034.279948,1000,817.295131,0.9120397624435909,0.9223846689893338,0
1040.281022,1000,820.813478,0.9189877057530473,0.9409737940984666,0
1041.523443,1000,823.924762,0.9893956225363985,0.9996468178212555,0
1050.91616,1000,827.792136,1.0144819290411973,1.01706408631116,0
1060.457362,1000,831.244101,0.7253956165796572,0.9711609790978235,0
1070.530007,1000,834.444709,0.7942751264971009,0.9271667793792273,0
1047.840147,1000,838.016692,0.7700119799987472,0.9970433326541198,0
1061.440454,1000,841.290429,0.6969215857241963,0.8919913189929772,0
1041.841413,1000,844.503756,0.7327394575559449,0.9866906845458095,0
57.487466,66,844.621958,-0.8871057666747948,0.6526892318914628,0
1046.79219,1000,848.132377,0.8051546905883958,0.9971821733024409,0
1046.120942,1000,851.432409,1.08543066934663,1.0781889609849296,0
1037.457058,1000,854.99482,1.1488071193113258,1.0861774465479883,0
910.008594,869,857.223286,-0.960983702068934,0.6381631775876767,0
1054.245776,1000,860.661306,0.565474648235542,0.9177114075775862,0
1061.468843,1000,864.196661,0.8432235457621325,0.9007797501201884,0
1055.297209,1000,867.732329,1.020808475362144,0.8845367363728162,0
1052.809743,1000,870.746853,1.2396292733389376,1.2163308908272614,0
1057.784934,1000,873.41287,0.5339414344166329,0.9368106367701365,0
1064.87847,1000,875.898184,0.9915130985754199,0.9670554174351109,0
1075.349153,1000,878.753226,0.7447517847535142,0.987023486999663,0
1073.549519,1000,882.182197,0.6776670779503999,0.969402727068126,0
1070.258216,1000,885.102784,1.268639903816519,1.245147463225844,0
1064.82519,1000,888.896237,1.4974392192376529,1.4722765966642535,0
1075.583585,1000,893.040131,0.7826161993228437,0.94479408371233,0
1076.199098,1000,896.236432,0.9106365614037655,0.8787593309094661,0
1077.31525,1000,899.153822,0.7743226839771585,0.9952428960001111,0
1080.117734,1000,902.010367,1.2218301591956715,1.102560128896346,0
1084.348343,1000,905.566396,1.0943597605917175,0.964198915808226,0
1074.912393,1000,908.926449,1.3349132022942523,1.327812454736951,0
1087.285201,1000,912.85887,1.4839407017267867,1.3649132254475347,0
1078.428652,1000,915.340961,1.246121785287177,1.1959233469337271,0
1081.787404,1000,918.848017,1.2267331958963914,1.1553775263143444,0
755.064436,700,921.558968,-0.9788574126254749,0.6400313412280922,0
555.086957,518,923.206089,-0.7566751613554986,0.6572247850102595,0
1085.304906,1000,926.273933,0.34308841022992304,0.9334383373925459,0
1081.133294,1000,929.433233,1.4812952713634429,1.409659496878263,0
618.076205,582,930.906933,-0.8882456273545974,0.6364081949378756,0
1089.961653,1000,934.438983,1.6491045422495079,1.5837132915389927,0
1084.067493,1000,937.848241,1.0667558302507774,1.0034042160876253,0
1086.565387,1000,941.210256,0.7730069242705633,0.8476747432417777,0
711.411745,666,943.652436,-0.5952885754105182,0.6566336206833524,0
1091.947318,1000,947.267277,1.5787469737635842,1.4829283485154923,0
1085.117982,1000,950.100892,0.5171289988748563,0.975455487362063,0
1086.500028,1000,953.468039,1.2934634979597512,1.1665702296218006,0
1081.16732,1000,956.784063,0.6333058077072877,0.7985414613517431,0
53.742777,63,956.897748,-0.6770335368208033,0.6495710268183803,0
1083.205924,1000,960.771163,1.4782837130568098,1.3936782858311128,0
1073.254778,1000,964.137313,1.368166311215046,1.2891846661819166,0
