#{"t_start": 1782846830.6595678, "env_id": "LunarLander-v3"}
r,l,t,original_env_reward,generated_reward,reward_error_count
24.190576,97,1.310031,-100.0,-0.8933529853820801,0
9.07426,81,1.388815,-100.0,-1.01810622215271,0
8.095869,105,1.489571,-100.0,-1.5738296508789062,0
40.914005,107,1.585197,-100.0,-0.2967725098133087,0
3125.432468,1000,3.298162,2.4785388407277913,4.708199977874756,0
37.16691,94,3.384767,-100.0,-1.3817362785339355,0
55.767827,70,3.452397,-100.0,-0.5209250450134277,0
20.363154,77,3.531729,-100.0,0.2857656478881836,0
24.745471,106,3.631756,-100.0,-1.8301057815551758,0
9.297655,85,3.713862,-100.0,-1.4211357831954956,0
34.908143,72,3.783613,-100.0,-0.3883563280105591,0
33.531694,131,3.922809,-100.0,-0.27514541149139404,0
21.56331,64,4.752931,-100.0,-0.9772790670394897,0
-1.241278,78,4.846053,-100.0,-1.7535995244979858,0
15.93769,87,4.961425,-100.0,-0.7169397473335266,0
-5.127619,133,5.202659,-100.0,-0.9912002682685852,0
-18.984469,90,5.338651,-100.0,-2.283806800842285,0
28.791774,113,5.514464,-100.0,-1.1980626583099365,0
50.259911,65,5.631784,-100.0,0.29113274812698364,0
42.205348,69,5.784266,-100.0,-0.13859409093856812,0
53.25538,61,5.890359,-100.0,-0.5828884840011597,0
49.326151,91,6.03976,-100.0,-0.5462378263473511,0
8.450813,100,6.167247,-100.0,0.004792854189872742,0
63.716544,100,7.319496,-100.0,4.28373908996582,0
34.174769,64,7.40117,-100.0,-0.5822231769561768,0
17.2728,64,7.482151,-100.0,-1.3745464086532593,0
46.722703,69,7.571156,-100.0,-0.5045528411865234,0
42.11503,98,7.69516,-100.0,-0.5617607235908508,0
48.030168,66,7.775869,-100.0,-0.9780969619750977,0
-11.078541,108,7.923496,-100.0,-1.5547802448272705,0
33.043381,97,8.047221,-100.0,-1.1365455389022827,0
50.221013,80,8.147971,-100.0,-0.3914921283721924,0
25.708505,72,8.238895,-100.0,-1.7773008346557617,0
43.721431,92,8.365463,-100.0,-1.1694086790084839,0
47.820489,125,8.522911,-100.0,-0.28123700618743896,0
45.376399,69,8.613716,-100.0,-0.49825647473335266,0
21.428239,83,9.707158,-100.0,-0.5207775831222534,0
40.321042,59,9.785272,-100.0,-1.5395876169204712,0
47.106108,78,9.892274,-100.0,-0.5474086999893188,0
34.805649,88,10.029356,-100.0,-1.2435859441757202,0
34.499008,90,10.176871,-100.0,0.2529900074005127,0
53.060268,75,10.303507,-100.0,-0.4727957844734192,0
52.111784,66,10.435231,-100.0,-0.35443058609962463,0
37.309105,83,10.558414,-100.0,-0.2753008008003235,0
32.369338,66,10.716855,-100.0,0.3425711989402771,0
26.783766,93,10.934499,-100.0,-0.9888714551925659,0
29.41215,78,11.060334,-100.0,1.1646815538406372,0
-15.242414,100,11.222309,-100.0,-2.2524619102478027,0
42.639808,85,12.319453,-100.0,-0.9911920428276062,0
17.753176,85,12.434427,-100.0,-0.3036017119884491,0
58.808986,67,12.53978,-100.0,2.64715313911438,0
-21.146142,108,12.700002,-100.0,-2.2056193351745605,0
22.815688,95,12.828624,-100.0,0.08023053407669067,0
43.3425,90,12.941509,-100.0,-1.2713682651519775,0
42.167116,101,13.06522,-100.0,-0.9068889617919922,0
43.671635,72,13.155089,-100.0,-0.18073531985282898,0
40.996773,92,13.280563,-100.0,-0.3093871772289276,0
41.968071,101,13.418585,-100.0,-0.7705972194671631,0
48.674721,80,13.540992,-100.0,0.06907820701599121,0
37.378207,84,13.663437,-100.0,-1.0656863451004028,0
50.46238,59,14.775468,-100.0,-0.1911366581916809,0
39.597088,82,14.89272,-100.0,0.21839702129364014,0
38.641558,81,14.99326,-100.0,-1.2105387449264526,0
30.493592,65,15.076381,-100.0,-1.670182704925537,0
18.474074,85,15.176786,-100.0,-1.0152807235717773,0
48.908549,91,15.298393,-100.0,-0.4149628281593323,0
51.545387,62,15.383385,-100.0,-0.47023120522499084,0
49.112097,83,15.539222,-100.0,-0.4749600291252136,0
28.554113,79,15.672664,-100.0,0.852144718170166,0
54.353936,77,15.788215,-100.0,-0.8283865451812744,0
36.598607,58,15.872979,-100.0,-0.570374608039856,0
54.208156,62,15.960416,-100.0,-0.5117425918579102,0
28.340193,80,16.095761,-100.0,-0.7724852561950684,0
3.03259,122,17.296211,-100.0,-0.7230693697929382,0
42.220366,62,17.373601,-100.0,-0.1274307370185852,0
32.170641,57,17.443864,-100.0,-0.7343456149101257,0
32.654546,80,17.543885,-100.0,-0.9703717231750488,0
30.079132,63,17.624027,-100.0,-1.2526109218597412,0
36.631601,61,17.703641,-100.0,-0.17956680059432983,0
42.445709,93,17.843058,-100.0,1.1737303733825684,0
56.720387,74,17.940045,-100.0,1.7969297170639038,0
45.919317,66,18.025083,-100.0,-0.5144654512405396,0
46.850979,66,18.118016,-100.0,1.4610302448272705,0
28.456833,74,18.210199,-100.0,-1.543653964996338,0
33.983721,83,18.321362,-100.0,-0.8649527430534363,0
39.399983,80,18.426196,-100.0,-1.3002605438232422,0
36.474528,66,18.508976,-100.0,-1.0801420211791992,0
36.368099,66,18.59357,-100.0,-0.8122251629829407,0
53.911324,69,19.668213,-100.0,3.180955410003662,0
25.555015,82,19.77767,-100.0,-0.893459141254425,0
26.984768,79,19.87526,-100.0,-0.39154738187789917,0
24.660097,98,19.999563,-100.0,-0.20009440183639526,0
41.035501,71,20.088998,-100.0,-0.2740960717201233,0
29.924817,108,20.230402,-100.0,-1.0826400518417358,0
25.413276,80,20.335517,-100.0,-0.34009695053100586,0
17.296187,88,20.45601,-100.0,-1.1486375331878662,0
54.490632,89,20.575287,-100.0,-0.21617911756038666,0
53.371204,66,20.6855,-100.0,3.2233164310455322,0
55.934151,60,20.840707,-100.0,-0.899903416633606,0
20.697381,89,20.989132,-100.0,-0.8144813179969788,0
50.833989,86,22.160057,-100.0,-0.29979169368743896,0
46.276937,57,22.236754,-100.0,-0.6729747653007507,0
22.86762,103,22.364272,-100.0,-0.9895712733268738,0
53.764298,89,22.474739,-100.0,2.423271417617798,0
43.849052,71,22.562225,-100.0,-0.5332179069519043,0
58.125107,81,22.655326,-100.0,-1.2224878072738647,0
22.197726,91,22.764755,-100.0,-0.3633330464363098,0
38.957042,70,22.846886,-100.0,-0.8532441258430481,0
40.341582,86,22.948586,-100.0,-0.34398213028907776,0
45.54143,87,23.057134,-100.0,-0.19228053092956543,0
39.413484,96,23.176491,-100.0,-0.49347394704818726,0
47.317466,60,23.257257,-100.0,1.8719877004623413,0
30.986121,80,23.361857,-100.0,-0.30844977498054504,0
41.693316,87,24.432204,-100.0,-0.37613072991371155,0
47.73091,91,24.550455,-100.0,2.8407630920410156,0
26.966177,99,24.674003,-100.0,-0.3595535457134247,0
47.851646,93,24.805176,-100.0,-0.4165928363800049,0
33.599505,63,24.885101,-100.0,0.7935835123062134,0
-5.214322,117,25.034532,-100.0,-1.4777967929840088,0
41.236647,55,25.108379,-100.0,-0.9181621670722961,0
52.361956,89,25.215875,-100.0,-0.39978164434432983,0
38.638605,82,25.31877,-100.0,-0.36608418822288513,0
21.928203,101,25.454398,-100.0,-1.1812033653259277,0
18.822992,71,25.544396,-100.0,-1.347557544708252,0
44.498003,54,25.619499,-100.0,0.17601078748703003,0
46.344605,56,27.001083,-100.0,-0.41535690426826477,0
19.220479,89,27.117853,-100.0,-0.7977796792984009,0
56.995121,63,27.195705,-100.0,1.8645466566085815,0
45.914933,58,27.272809,-100.0,1.4151277542114258,0
60.977402,64,27.361368,-100.0,3.9819061756134033,0
45.303663,68,27.454082,-100.0,-0.5931499004364014,0
36.29871,86,27.561073,-100.0,-0.33194491267204285,0
37.846614,96,27.67813,-100.0,-0.3479797840118408,0
62.235985,73,27.773456,-100.0,3.9380369186401367,0
50.626715,94,27.887899,-100.0,-0.38258352875709534,0
15.759655,93,28.006839,-100.0,-1.1758332252502441,0
54.144675,94,28.128741,-100.0,2.842930316925049,0
39.410258,85,28.241457,-100.0,0.7263771295547485,0
37.452247,74,29.351984,-100.0,-0.7932274341583252,0
39.292361,56,29.441015,-100.0,1.6973953247070312,0
20.540971,86,29.556254,-100.0,-0.6109954118728638,0
49.067557,83,29.660511,-100.0,0.6583423614501953,0
61.402941,81,29.757341,-100.0,3.9014129638671875,0
46.438332,90,29.865261,-100.0,-0.5290447473526001,0
51.131323,74,29.950927,-100.0,-0.3010883331298828,0
43.028923,74,30.040639,-100.0,-0.9455116987228394,0
48.33957,65,30.1167,-100.0,-0.5444627404212952,0
34.073307,73,30.206196,-100.0,-0.26893559098243713,0
34.989353,87,30.317781,-100.0,0.7200294137001038,0
50.929185,89,30.428811,-100.0,-0.09804493188858032,0
45.913471,65,30.515948,-100.0,-0.5280019044876099,0
35.20596,91,31.787084,-100.0,-0.25612542033195496,0
47.189056,80,31.889093,-100.0,0.14799100160598755,0
25.371431,80,31.99008,-100.0,-0.5615869760513306,0
53.04737,78,32.088323,-100.0,-0.5875481963157654,0
49.426179,59,32.168304,-100.0,0.9470062255859375,0
55.051009,59,32.24231,-100.0,-1.4871975183486938,0
46.037437,90,32.352915,-100.0,-0.1907191276550293,0
25.367187,93,32.476574,-100.0,-0.3217807412147522,0
34.647192,98,32.596965,-100.0,-1.334733009338379,0
37.68178,78,32.71349,-100.0,-0.4764406979084015,0
42.817746,96,32.865687,-100.0,1.3481411933898926,0
42.796432,70,32.958198,-100.0,-0.7743121981620789,0
52.717611,78,33.051005,-100.0,3.3181240558624268,0
46.132277,67,34.068315,-100.0,0.9498457908630371,0
28.164038,92,34.199133,-100.0,-0.32828110456466675,0
13.659635,99,34.323138,-100.0,-0.30167484283447266,0
26.328038,86,34.436659,-100.0,-0.08927738666534424,0
34.5911,86,34.555315,-100.0,-0.5179948210716248,0
28.841646,86,34.665509,-100.0,0.10102955996990204,0
25.660047,84,34.797381,-100.0,-0.32356250286102295,0
55.299756,57,34.871625,-100.0,-0.9205852746963501,0
25.743274,83,34.982372,-100.0,-0.9040500521659851,0
58.325777,91,35.097744,-100.0,3.0940935611724854,0
29.22241,60,35.181229,-100.0,-0.855995774269104,0
53.838151,89,35.304166,-100.0,-0.5033365488052368,0
17.318359,95,35.425399,-100.0,-0.41984090209007263,0
54.980266,77,36.608281,-100.0,3.270322799682617,0
56.530094,62,36.798079,-100.0,0.07641518115997314,0
16.36799,101,36.963405,-100.0,-0.5288243293762207,0
45.220821,84,37.079843,-100.0,-0.6616249680519104,0
46.569057,92,37.202491,-100.0,2.301198959350586,0
41.146932,82,37.3204,-100.0,-0.3197491765022278,0
55.87811,93,37.449588,-100.0,-0.24399018287658691,0
49.752044,86,37.581994,-100.0,-0.5069596767425537,0
40.565998,59,37.665523,-100.0,-0.35322004556655884,0
42.136202,72,37.763819,-100.0,-0.5422714352607727,0
42.77561,85,37.886323,-100.0,-0.24076926708221436,0
43.948155,63,37.961326,-100.0,-0.677198588848114,0
43.456959,89,39.043216,-100.0,-0.20299315452575684,0
18.332373,90,39.174501,-100.0,-0.13423612713813782,0
52.923252,65,39.269762,-100.0,0.024032771587371826,0
40.681357,59,39.356017,-100.0,-0.6649730205535889,0
35.857704,95,39.483135,-100.0,-0.296785831451416,0
59.6926,55,39.552044,-100.0,4.007143974304199,0
51.799114,71,39.640073,-100.0,3.1099298000335693,0
48.427622,61,39.717375,-100.0,-0.1619964838027954,0
62.665275,60,39.797585,-100.0,3.6863536834716797,0
43.898019,59,39.874094,-100.0,-0.13900384306907654,0
56.594793,74,39.967878,-100.0,-0.08912825584411621,0
30.721616,65,40.052227,-100.0,-0.05248743295669556,0
40.414473,57,40.124434,-100.0,-1.0241379737854004,0
29.275941,92,40.23864,-100.0,-0.19425468146800995,0
25.181766,114,41.348405,-100.0,1.785254955291748,0
45.363862,86,41.499434,-100.0,-0.22025182843208313,0
50.937587,62,41.619365,-100.0,2.503913640975952,0
53.083547,57,41.699756,-100.0,2.735218048095703,0
36.690346,82,41.819849,-100.0,-0.2898429036140442,0
40.96496,83,41.936854,-100.0,-0.059373557567596436,0
44.171005,57,42.021467,-100.0,-0.8735737800598145,0
51.593665,57,42.119113,-100.0,3.1499388217926025,0
49.096185,86,42.239614,-100.0,1.1361711025238037,0
49.321844,88,42.362558,-100.0,2.2287182807922363,0
42.091007,96,42.486562,-100.0,0.0935070812702179,0
19.384792,91,42.599968,-100.0,-0.4900533854961395,0
48.486902,57,42.680152,-100.0,-0.2981937527656555,0
43.157483,66,42.76836,-100.0,-0.26501548290252686,0
45.418066,71,43.843697,-100.0,-0.4230988025665283,0
18.196244,89,43.965475,-100.0,-0.6469069719314575,0
60.391361,91,44.081657,-100.0,3.7685132026672363,0
31.221397,85,44.195562,-100.0,-0.3229644000530243,0
46.320087,54,44.269542,-100.0,-0.28607597947120667,0
47.066105,57,44.340553,-100.0,-0.2098172903060913,0
18.938247,88,44.455273,-100.0,-0.5406222343444824,0
40.142767,76,44.554334,-100.0,0.2774620056152344,0
46.816562,101,44.685992,-100.0,1.4768292903900146,0
19.266801,131,44.870895,-100.0,-0.36889195442199707,0
61.449901,79,44.982146,-100.0,3.8850154876708984,0
19.112324,92,45.099354,-100.0,-0.9410166144371033,0
52.988368,101,46.15415,-100.0,3.627908706665039,0
34.813114,66,46.238696,-100.0,-0.5875871181488037,0
51.898299,57,46.314669,-100.0,-0.3323189616203308,0
27.450353,108,46.445865,-100.0,-0.5168914794921875,0
40.139631,99,46.591579,-100.0,0.8651496171951294,0
55.316866,58,46.693745,-100.0,2.680720329284668,0
56.190461,76,46.857272,-100.0,4.063680648803711,0
37.258584,66,46.974678,-100.0,-0.652980625629425,0
44.937572,58,47.066107,-100.0,-0.4896286427974701,0
55.561346,75,47.178793,-100.0,0.23229438066482544,0
45.685305,72,47.306334,-100.0,-0.5485525131225586,0
24.008807,95,47.453591,-100.0,-0.632499635219574,0
18.264819,92,47.587039,-100.0,-0.683476984500885,0
56.42803,68,48.697376,-100.0,-0.7744024991989136,0
32.265753,91,48.825305,-100.0,-0.3164725601673126,0
33.060426,85,48.941328,-100.0,-0.5928950309753418,0
47.578255,66,49.017655,-100.0,-0.23639695346355438,0
53.667288,64,49.098818,-100.0,-0.37612247467041016,0
43.851671,85,49.208467,-100.0,0.8666634559631348,0
39.745992,58,49.283522,-100.0,-0.7927027344703674,0
46.953457,104,49.421606,-100.0,0.3211529850959778,0
45.44053,77,49.527104,-100.0,0.6200815439224243,0
55.157131,86,49.636891,-100.0,-0.006655454635620117,0
52.43603,73,49.73405,-100.0,-0.4912678003311157,0
9.279734,103,49.868377,-100.0,-0.8085543513298035,0
33.486456,101,50.009529,-100.0,-0.33684536814689636,0
37.291345,62,51.018942,-100.0,-0.19429415464401245,0
31.446004,99,51.135978,-100.0,-0.3562803268432617,0
35.799255,81,51.252635,-100.0,0.032735586166381836,0
26.140862,67,51.345833,-100.0,-0.7366315126419067,0
41.250704,69,51.447891,-100.0,-0.23627257347106934,0
44.395014,76,51.54164,-100.0,-0.4249202013015747,0
34.920007,78,51.637666,-100.0,-0.2819335460662842,0
49.970566,63,51.712963,-100.0,-0.019221633672714233,0
9.382816,91,51.832098,-100.0,-1.3071280717849731,0
55.530583,62,51.959882,-100.0,-0.7044805288314819,0
46.661377,93,52.10403,-100.0,2.3024168014526367,0
46.613643,78,52.510394,-100.0,-0.8185368776321411,0
31.015214,80,52.697888,-100.0,-0.2641257047653198,0
23.746923,83,53.825881,-100.0,-0.9221101403236389,0
54.243756,86,53.939195,-100.0,3.8704123497009277,0
37.44047,77,54.03995,-100.0,0.043671075254678726,0
48.857988,60,54.121408,-100.0,0.06454366445541382,0
28.534969,64,54.203138,-100.0,-1.1701195240020752,0
57.017188,70,54.293182,-100.0,0.010790824890136719,0
40.322814,85,54.405143,-100.0,-0.7400399446487427,0
58.275426,61,54.483981,-100.0,-0.6654932498931885,0
37.134923,78,54.590217,-100.0,-0.3206835091114044,0
44.536963,88,54.703462,-100.0,0.06679967045783997,0
36.964992,55,54.777057,-100.0,-1.02825927734375,0
22.851184,82,54.892744,-100.0,-0.3353082835674286,0
46.637269,59,54.963485,-100.0,-0.40235570073127747,0
34.048589,80,55.066382,-100.0,-0.3738357424736023,0
34.876119,91,56.161505,-100.0,0.019949018955230713,0
62.497826,98,56.283409,-100.0,4.183365821838379,0
53.240617,64,56.360448,-100.0,0.35937273502349854,0
44.482239,89,56.468901,-100.0,0.6491448879241943,0
50.005326,70,56.560571,-100.0,-0.19648626446723938,0
36.649853,68,56.650028,-100.0,-0.4974514842033386,0
43.436591,117,56.793904,-100.0,1.3250560760498047,0
49.909648,102,56.939549,-100.0,1.6925450563430786,0
48.755206,67,57.074886,-100.0,-0.5020414590835571,0
49.877653,95,57.252802,-100.0,0.1033666729927063,0
44.411499,66,57.358526,-100.0,0.444391131401062,0
47.691811,94,57.499062,-100.0,-1.5701932907104492,0
54.242493,92,58.667422,-100.0,3.683856964111328,0
42.997777,82,58.77474,-100.0,-0.5595144629478455,0
51.523881,60,58.870862,-100.0,-0.5798184275627136,0
42.356412,105,59.001461,-100.0,0.9084736108779907,0
54.434278,69,59.089016,-100.0,-0.11649304628372192,0
38.277992,70,59.181678,-100.0,0.9094445705413818,0
24.026846,83,59.288864,-100.0,-0.21007373929023743,0
53.238368,80,59.387436,-100.0,0.9028404951095581,0
44.248488,55,59.468691,-100.0,0.0762501209974289,0
53.755073,86,59.595855,-100.0,0.1275826096534729,0
57.482038,76,59.694959,-100.0,-0.39241302013397217,0
39.48662,95,59.814665,-100.0,-0.09854021668434143,0
56.03421,90,59.919154,-100.0,3.8859126567840576,0
23.827681,75,60.963385,-100.0,-1.212769627571106,0
30.543813,64,61.041343,-100.0,-0.4564550518989563,0
48.531674,86,61.153029,-100.0,0.21386340260505676,0
36.439653,71,61.243033,-100.0,0.10179394483566284,0
16.018856,89,61.353329,-100.0,-1.0297939777374268,0
20.357685,104,61.486608,-100.0,-1.0647704601287842,0
57.569258,59,61.560627,-100.0,-0.18364858627319336,0
40.955441,109,61.691402,-100.0,-0.18705615401268005,0
40.473549,87,61.798915,-100.0,0.02913457155227661,0
45.044342,78,61.896597,-100.0,0.3165627717971802,0
48.684583,124,62.047917,-100.0,1.6961162090301514,0
54.247599,83,62.154301,-100.0,0.13016915321350098,0
56.117695,81,63.530727,-100.0,0.6634291410446167,0
54.207396,77,63.633365,-100.0,-0.29936009645462036,0
22.795788,97,63.756226,-100.0,-0.9539515376091003,0
59.091163,77,63.861434,-100.0,1.5689306259155273,0
39.690214,85,63.983896,-100.0,-1.089846134185791,0
47.145738,77,64.087183,-100.0,-0.37792110443115234,0
53.16015,102,64.21303,-100.0,-0.13608825206756592,0
44.692079,106,64.33865,-100.0,1.1618582010269165,0
52.961554,76,64.432102,-100.0,0.5267364978790283,0
35.581868,72,64.51859,-100.0,-1.2074592113494873,0
38.932985,70,64.602639,-100.0,-0.509710431098938,0
57.471665,68,64.689428,-100.0,0.5121256113052368,0
51.534852,94,65.742862,-100.0,0.11164158582687378,0
40.503777,94,65.862206,-100.0,-0.27274656295776367,0
40.824666,108,66.003488,-100.0,0.2581154406070709,0
27.557516,63,66.082494,-100.0,-0.5745893120765686,0
56.184011,89,66.199826,-100.0,0.37457674741744995,0
34.902245,85,66.303981,-100.0,-1.1896710395812988,0
41.97213,104,66.442037,-100.0,-0.03160078823566437,0
56.429384,72,66.536287,-100.0,4.145585536956787,0
39.582984,108,66.679267,-100.0,1.1684895753860474,0
36.744904,93,66.792479,-100.0,-1.4302973747253418,0
40.438773,58,66.869377,-100.0,1.1665048599243164,0
41.169824,112,67.008296,-100.0,0.21479389071464539,0
51.497239,103,68.452322,-100.0,2.733325481414795,0
29.31497,74,68.561017,-100.0,1.2058993577957153,0
52.913921,76,68.665962,-100.0,0.8528385162353516,0
55.748117,98,68.797786,-100.0,0.6202914118766785,0
45.314152,91,68.944249,-100.0,-0.11696732044219971,0
33.879738,66,69.034017,-100.0,-1.4782652854919434,0
49.916028,98,69.179215,-100.0,2.6099679470062256,0
52.087548,102,69.343538,-100.0,0.16975092887878418,0
38.560512,110,69.554959,-100.0,-0.179571270942688,0
51.711652,124,69.746727,-100.0,0.8798439502716064,0
57.92674,78,69.861696,-100.0,3.2438573837280273,0
41.592003,62,70.963278,-100.0,-0.7376275062561035,0
51.695823,93,71.082344,-100.0,-0.0792473554611206,0
25.964292,81,71.189477,-100.0,-1.0014784336090088,0
70.053834,118,71.33782,-100.0,3.7556211948394775,0
62.850109,75,71.429658,-100.0,0.7865195274353027,0
63.250913,76,71.525734,-100.0,4.2687835693359375,0
2473.507366,1000,73.981784,0.017297943047786007,4.312479019165039,0
57.919392,71,74.070173,-100.0,0.5609250068664551,0
30.01231,88,74.184179,-100.0,-0.5812021493911743,0
54.110543,67,74.272058,-100.0,-0.5306642651557922,0
61.071905,100,74.39883,-100.0,1.0435041189193726,0
59.865979,108,74.533547,-100.0,2.7534332275390625,0
62.472103,107,74.670894,-100.0,4.229607582092285,0
62.400629,107,75.784209,-100.0,2.3494811058044434,0
72.677621,91,75.898824,-100.0,3.8920607566833496,0
43.431641,103,76.028139,-100.0,0.8024348020553589,0
58.239996,74,76.118024,-100.0,1.3434993028640747,0
45.55649,72,76.208807,-100.0,-0.1180923581123352,0
48.979489,83,76.311086,-100.0,0.13055960834026337,0
47.422825,104,76.448881,-100.0,2.420842170715332,0
42.61835,119,76.604107,-100.0,1.6755787134170532,0
30.964991,73,76.703518,-100.0,-1.049553632736206,0
92.198776,118,76.870955,-100.0,2.8531289100646973,0
52.713746,63,76.95488,-100.0,0.4738265872001648,0
2939.925497,1000,79.585824,-0.4875378752733024,2.589754104614258,0
38.828333,65,80.628022,-100.0,-0.37017130851745605,0
52.04815,81,80.729463,-100.0,1.270928144454956,0
62.658987,90,80.849549,-100.0,4.0141472816467285,0
59.67093,69,80.939253,-100.0,2.3928163051605225,0
50.772963,75,81.034112,-100.0,1.7894591093063354,0
53.89961,97,81.155037,-100.0,0.16857796907424927,0
61.48047,101,81.278851,-100.0,4.242959022521973,0
48.640003,69,81.367145,-100.0,0.0491909384727478,0
36.261178,84,81.473766,-100.0,-1.2523670196533203,0
31.996898,90,81.584266,-100.0,-0.8553705811500549,0
45.372737,99,81.7088,-100.0,-0.1817251443862915,0
52.105758,61,81.78614,-100.0,-0.11645239591598511,0
37.062983,61,81.864323,-100.0,-0.3812328577041626,0
72.947837,99,82.932317,-100.0,3.0216240882873535,0
57.521785,69,83.031824,-100.0,0.13370132446289062,0
40.755186,74,83.174541,-100.0,-0.5889872312545776,0
53.900643,67,83.281133,-100.0,3.5288774967193604,0
48.28517,156,83.539288,-100.0,1.2629990577697754,0
50.767977,325,84.011529,-100.0,-0.08439121395349503,0
30.168945,73,84.097437,-100.0,-0.6490453481674194,0
93.858031,109,84.230013,-100.0,2.7301223278045654,0
46.466069,63,84.312914,-100.0,1.4664695262908936,0
43.584948,74,85.399,-100.0,1.1150435209274292,0
49.444206,111,85.537866,-100.0,1.0732392072677612,0
52.399864,94,85.65603,-100.0,2.066418170928955,0
56.655252,100,85.781941,-100.0,1.3602416515350342,0
47.882216,58,85.853308,-100.0,-0.5034145712852478,0
56.441143,98,85.977085,-100.0,1.0224847793579102,0
39.123091,132,86.147825,-100.0,-0.1679595708847046,0
32.522635,75,86.246213,-100.0,-0.8085528612136841,0
48.569266,58,86.317197,-100.0,0.8263530135154724,0
61.622422,85,86.425477,-100.0,2.043753147125244,0
34.408272,116,86.581786,-100.0,0.5920883417129517,0
33.859644,61,87.633744,-100.0,-0.7167797088623047,0
41.038385,83,87.739992,-100.0,0.08717519044876099,0
38.789049,57,87.813742,-100.0,-1.1337058544158936,0
45.104459,71,87.8995,-100.0,-0.372123122215271,0
56.048276,117,88.043725,-100.0,1.6387889385223389,0
17.764053,90,88.16009,-100.0,-0.7676957845687866,0
62.367784,88,88.283994,-100.0,1.6143484115600586,0
46.518057,62,88.398511,-100.0,-0.3899209201335907,0
84.646233,114,88.582795,-100.0,1.528257966041565,0
45.172615,68,88.83969,-100.0,-0.5680868625640869,0
45.984275,64,88.945833,-100.0,-0.14688032865524292,0
56.408672,64,89.040247,-100.0,-0.225921630859375,0
54.118209,62,89.132215,-100.0,-0.3010319471359253,0
35.101114,108,90.280005,-100.0,-0.12286758422851562,0
58.119308,79,90.39156,-100.0,0.9175736904144287,0
46.643568,59,90.469884,-100.0,-0.3601449728012085,0
25.831475,75,90.563468,-100.0,-0.8412016034126282,0
49.932575,91,90.695013,-100.0,0.08210617303848267,0
292.743239,429,91.239997,-100.0,-0.5819625854492188,0
56.167101,179,91.46792,-100.0,0.2833027243614197,0
89.527841,288,92.761804,-100.0,-1.1149485111236572,0
37.289953,69,92.859516,-100.0,-0.7132062315940857,0
58.959994,78,92.975289,-100.0,2.8396270275115967,0
40.950032,53,93.045077,-100.0,1.2465637922286987,0
52.297006,66,93.132516,-100.0,-0.28645214438438416,0
51.287671,77,93.224488,-100.0,-0.24904437363147736,0
114.707051,147,93.401152,-100.0,0.12566712498664856,0
51.798736,106,93.563078,-100.0,0.9415636658668518,0
90.3889,128,93.750999,-100.0,3.130845546722412,0
85.533689,100,94.926729,-100.0,1.4368643760681152,0
63.102261,73,95.019394,-100.0,1.229848861694336,0
57.653281,105,95.15144,-100.0,0.7203344106674194,0
54.700634,165,95.359154,-100.0,0.15836048126220703,0
74.754593,89,95.484297,-100.0,3.081953763961792,0
53.428314,75,95.584392,-100.0,-0.19658300280570984,0
95.394178,165,95.794465,-100.0,2.4326424598693848,0
2723.099159,1000,98.018671,11.268613887597636,2.5735607147216797,0
40.83675,85,98.130748,-100.0,-0.2904219329357147,0
38.911476,71,98.227594,-100.0,-0.3079720735549927,0
33.416289,74,98.32185,-100.0,-0.5893378853797913,0
37.797767,70,98.407278,-100.0,-0.583806037902832,0
54.962541,161,99.744992,-100.0,1.0102347135543823,0
38.198017,63,99.832701,-100.0,-0.5720426440238953,0
53.109122,125,99.997032,-100.0,0.6126708984375,0
49.487377,76,100.095532,-100.0,0.015474677085876465,0
40.154387,78,100.198874,-100.0,-0.6610440611839294,0
55.861545,103,100.335505,-100.0,0.46900618076324463,0
55.827581,63,100.415205,-100.0,-0.6810607314109802,0
77.591864,111,100.567226,-100.0,4.058914661407471,0
55.480237,104,100.701184,-100.0,2.7375905513763428,0
42.063972,62,100.783682,-100.0,1.3280061483383179,0
51.748327,94,100.920394,-100.0,-0.05207827687263489,0
54.523724,91,101.983272,-100.0,-0.4603070616722107,0
49.013509,71,102.074923,-100.0,-0.4375661611557007,0
63.253279,146,102.262054,-100.0,1.5432894229888916,0
53.193529,69,102.348107,-100.0,0.6311130523681641,0
30.416436,71,102.442714,-100.0,-1.022034764289856,0
88.58173,145,102.61802,-100.0,1.9701695442199707,0
45.851126,142,102.791698,-100.0,1.4064006805419922,0
61.144073,145,102.986702,-100.0,0.2701338529586792,0
31.30971,70,103.094146,-100.0,-0.46468818187713623,0
51.907256,89,103.212208,-100.0,-0.04307648539543152,0
47.351478,251,104.855872,-100.0,-0.6135801076889038,0
52.471092,78,104.985301,-100.0,0.2759481370449066,0
22.273484,78,105.117501,-100.0,-0.9420989155769348,0
72.919168,90,105.241597,-100.0,3.8269171714782715,0
54.662719,79,105.331303,-100.0,0.8888003826141357,0
40.837347,86,105.434442,-100.0,-0.38815027475357056,0
45.256902,95,105.555494,-100.0,-0.11520752310752869,0
66.011583,157,105.754114,-100.0,2.114682912826538,0
25.477448,80,105.855534,-100.0,-1.0933506488800049,0
14.24665,117,106.989582,-100.0,-0.6733574867248535,0
62.267818,151,107.18549,-100.0,2.1256487369537354,0
13.327645,87,107.294617,-100.0,-0.36484384536743164,0
83.046427,93,107.407068,-100.0,4.392693996429443,0
58.839088,94,107.524955,-100.0,1.3218148946762085,0
39.85413,65,107.599379,-100.0,-0.6577177047729492,0
31.378382,76,107.699451,-100.0,0.26756715774536133,0
2839.717596,1000,110.091571,-1.1220970426871812,2.5711724758148193,0
53.64173,74,110.186678,-100.0,-0.2464333176612854,0
37.929574,72,110.271986,-100.0,-1.0314767360687256,0
39.148065,130,110.435069,-100.0,-0.5542479753494263,0
53.280305,97,110.567976,-100.0,-0.06964242458343506,0
98.868416,129,111.723089,-100.0,2.305478096008301,0
109.418366,180,111.951071,-100.0,0.9534885287284851,0
404.337491,479,112.53827,-100.0,3.4579672813415527,0
98.981806,135,112.719757,-100.0,2.7505764961242676,0
98.794119,112,112.859768,-100.0,2.8584818840026855,0
90.490616,107,113.959774,-100.0,1.6205041408538818,0
65.424795,91,114.081396,-100.0,2.6333794593811035,0
107.592863,131,114.284536,-100.0,3.192842483520508,0
49.235843,77,114.432766,-100.0,1.579906702041626,0
129.964768,185,114.804333,-100.0,1.774921178817749,0
69.638572,156,115.067195,-100.0,0.8966630697250366,0
59.335141,102,115.206786,-100.0,0.7005462646484375,0
86.132957,116,115.355523,-100.0,1.601771593093872,0
49.640328,78,115.455189,-100.0,2.5426032543182373,0
2735.704998,1000,117.76538,0.2759798223782184,4.1283345222473145,0
100.233344,94,118.847293,-100.0,3.317086696624756,0
83.504357,100,118.972597,-100.0,4.412981986999512,0
24.788451,80,119.084161,-100.0,-1.0656816959381104,0
46.875035,70,119.172309,-100.0,-0.17904609441757202,0
40.237566,98,119.300193,-100.0,-0.21588104963302612,0
40.15507,83,119.407527,-100.0,-0.38880249857902527,0
356.373209,471,120.171287,-100.0,-0.5936379432678223,0
48.961486,87,121.268893,-100.0,0.2540666460990906,0
128.92604,127,121.451524,-100.0,3.4765262603759766,0
120.28652,117,121.619801,-100.0,3.90956449508667,0
34.893231,80,121.720372,-100.0,-0.4691450595855713,0
144.27754,112,121.858373,-100.0,3.510909080505371,0
138.967533,408,122.331994,-100.0,-0.236500084400177,0
2679.497131,1000,124.533794,0.432260293260331,2.278984546661377,0
1337.110825,1000,127.018988,2.473462251818461,-0.04960440471768379,0
69.962873,81,127.114716,-100.0,3.9837307929992676,0
59.181324,122,127.290482,-100.0,0.5511472225189209,0
42.850778,70,128.326929,-100.0,0.047428131103515625,0
47.512203,73,128.424901,-100.0,0.47436997294425964,0
51.283812,68,128.512084,-100.0,0.7598124742507935,0
147.275883,182,128.736269,-100.0,2.680108070373535,0
90.960052,165,128.943324,-100.0,3.9495179653167725,0
34.822298,90,129.063497,-100.0,-0.1424109935760498,0
70.012054,210,129.329401,-100.0,1.8217108249664307,0
67.768704,132,129.515965,-100.0,0.8095256090164185,0
37.97481,65,130.917083,-100.0,1.0120166540145874,0
83.956391,258,131.26254,-100.0,-0.5517100095748901,0
49.788949,76,131.352013,-100.0,1.5802230834960938,0
37.799981,152,131.528439,-100.0,-1.0273536443710327,0
23.975174,90,131.639404,-100.0,-1.1102498769760132,0
107.350441,279,131.974022,-100.0,0.4052961468696594,0
45.761979,79,132.077909,-100.0,-0.28367409110069275,0
2613.534588,1000,134.326003,-4.004792607921803,2.0684046745300293,0
3100.868576,1000,136.749,-2.976883406235994,2.078709840774536,0
2850.855077,1000,139.125486,-3.2880416821446934,4.186095237731934,0
50.169869,86,139.237416,-100.0,0.19487059116363525,0
100.773076,113,140.399189,-100.0,4.441608428955078,0
3022.435134,1000,142.777603,-0.9996919301444389,2.319366455078125,0
204.087451,277,143.130955,-100.0,0.697406530380249,0
71.058049,98,143.261763,-100.0,1.6203827857971191,0
42.3073,68,143.350996,-100.0,-0.4372996985912323,0
54.981983,97,143.471057,-100.0,2.7917773723602295,0
82.838717,168,143.68516,-100.0,0.6856415271759033,0
104.352647,127,143.837399,-100.0,2.1587073802948,0
41.810654,78,143.932402,-100.0,-0.39103442430496216,0
46.575465,75,144.020021,-100.0,0.12580609321594238,0
55.480839,181,145.196592,-100.0,1.076863408088684,0
51.08508,67,145.279371,-100.0,0.8868007659912109,0
60.500496,87,145.39519,-100.0,4.228083610534668,0
73.253122,109,145.57436,-100.0,3.605480194091797,0
206.080255,188,146.000533,-100.0,1.826512336730957,0
28.20081,79,146.143822,-100.0,-0.1379866600036621,0
60.591979,163,146.391135,-100.0,-0.7723582983016968,0
958.050613,943,148.614837,-100.0,-0.3646085262298584,0
162.670848,283,149.916842,-100.0,-0.5174789428710938,0
394.856493,685,150.79896,-100.0,-0.6255520582199097,0
2411.644571,1000,153.15044,-3.230077112552368,1.9979686737060547,0
60.34938,98,153.2716,-100.0,3.6148617267608643,0
78.691368,113,153.413748,-100.0,3.1135756969451904,0
50.720598,170,154.591511,-100.0,1.4456937313079834,0
144.326771,600,155.393696,-100.0,-0.7779163718223572,0
185.767788,170,155.617571,-100.0,3.6552557945251465,0
3381.539949,1000,158.069699,0.9020567524444456,3.8421030044555664,0
157.837423,219,159.304471,-100.0,3.3019912242889404,0
3511.205936,1000,160.587462,-0.6045046121638051,4.282142639160156,0
28.105477,93,162.114863,-100.0,-0.22096751630306244,0
2138.724757,1000,164.4811,1.136831087468239,0.5520750880241394,0
74.635595,95,164.608242,-100.0,3.2966604232788086,0
81.46061,160,164.807516,-100.0,2.0993289947509766,0
67.812993,160,165.018539,-100.0,1.6046650409698486,0
24.325738,301,165.444713,-100.0,-0.2801418602466583,0
40.186254,82,165.557147,-100.0,0.3074771761894226,0
105.16478,199,166.955281,-100.0,1.4778633117675781,0
28.935177,101,167.099968,-100.0,-0.5140715837478638,0
31.256956,83,167.212816,-100.0,0.4214571714401245,0
31.074928,77,167.34176,-100.0,-0.16756869852542877,0
44.661816,105,167.493306,-100.0,0.012654166668653488,0
106.692506,179,167.74746,-100.0,0.6757469177246094,0
88.635776,202,168.024458,-100.0,2.4720358848571777,0
51.639938,103,168.177734,-100.0,0.5519078969955444,0
166.552851,165,169.404771,-100.0,3.5336077213287354,0
86.166172,171,169.638538,-100.0,3.139073371887207,0
42.425938,84,169.747154,-100.0,0.6203627586364746,0
85.228677,180,169.986736,-100.0,2.8275320529937744,0
43.222808,96,170.108152,-100.0,-0.2777515649795532,0
40.524944,86,170.220752,-100.0,1.838472843170166,0
147.747721,167,170.432551,-100.0,1.9387255907058716,0
83.631806,127,170.608134,-100.0,2.295698881149292,0
159.689011,200,172.163879,-100.0,2.790978193283081,0
75.283626,123,172.346521,-100.0,1.6470248699188232,0
77.402649,90,172.471602,-100.0,3.506361722946167,0
144.2719,156,172.702303,-100.0,4.350878715515137,0
44.087165,91,172.822282,-100.0,0.8233223557472229,0
45.750741,105,172.960174,-100.0,0.9784644842147827,0
83.153923,152,173.156868,-100.0,2.2600324153900146,0
54.138055,82,173.267843,-100.0,1.7484331130981445,0
83.442161,139,174.421031,-100.0,1.8637253046035767,0
163.901763,238,174.737678,-100.0,2.4132473468780518,0
2276.73678,877,176.912808,-100.0,-0.45848703384399414,0
125.630055,147,177.121958,-100.0,3.342611074447632,0
61.17095,106,177.29353,-100.0,2.349945545196533,0
180.799205,191,177.599617,-100.0,3.113065004348755,0
44.659147,79,177.702553,-100.0,0.6074382066726685,0
62.616262,147,177.892862,-100.0,2.4188623428344727,0
88.971856,106,178.029893,-100.0,4.40479040145874,0
124.491891,136,178.223423,-100.0,3.4140894412994385,0
22.322067,104,179.395324,-100.0,-0.12970200181007385,0
178.341873,137,179.58511,-100.0,3.5824687480926514,0
590.144966,534,180.270581,-100.0,1.344359040260315,0
85.997847,135,180.442208,-100.0,2.949672222137451,0
76.896661,156,181.60556,-100.0,2.5280444622039795,0
41.381026,103,181.737775,-100.0,0.5280369520187378,0
197.791103,163,182.010592,-100.0,3.7057321071624756,0
136.07209,224,182.324428,-100.0,1.6885309219360352,0
218.439495,201,182.647679,-100.0,3.408306837081909,0
2694.972126,1000,184.943122,0.7639843884379769,1.7300807237625122,0
43.861911,74,185.037265,-100.0,1.1824088096618652,0
53.850524,121,185.196541,-100.0,1.1829509735107422,0
3724.882236,1000,187.777761,-0.07733690964859541,4.404460430145264,0
223.536396,294,189.150564,-100.0,3.334188222885132,0
3186.385914,924,191.439226,100.0,4.447780609130859,0
2983.040365,1000,193.922316,0.12471625261008981,4.23434591293335,0
57.971025,89,194.026051,-100.0,2.1548261642456055,0
1165.05427,418,194.575628,100.0,4.439189434051514,0
88.623917,115,194.725804,-100.0,2.7841272354125977,0
41.694525,132,194.884273,-100.0,-0.38557571172714233,0
103.245571,144,195.069005,-100.0,2.3490850925445557,0
48.300317,98,195.191506,-100.0,2.1226024627685547,0
154.055623,158,196.346559,-100.0,3.380275249481201,0
123.993266,195,196.597247,-100.0,1.5377271175384521,0
135.741436,154,196.794059,-100.0,1.887703776359558,0
96.914257,142,196.970589,-100.0,3.011923313140869,0
113.117514,126,197.139817,-100.0,2.600557804107666,0
2556.878343,795,199.568913,100.0,4.434340000152588,0
1204.918593,789,201.596262,-100.0,1.612979769706726,0
176.088474,443,202.17948,-100.0,1.680715799331665,0
94.172603,132,202.355232,-100.0,1.1598066091537476,0
3255.708934,1000,204.825167,0.309129304230483,4.20054292678833,0
107.988109,185,206.056514,-100.0,1.7934383153915405,0
3308.89637,1000,207.334856,0.6322844738057611,3.9575252532958984,0
42.906152,118,208.618053,-100.0,1.6204417943954468,0
3461.694306,1000,210.989877,-0.0858354393627134,4.38337516784668,0
149.167106,236,211.29158,-100.0,1.0533969402313232,0
43.847,110,211.438805,-100.0,0.027582943439483643,0
677.850993,696,213.537867,-100.0,1.2062197923660278,0
38.815906,98,213.731128,-100.0,0.8216876983642578,0
87.148187,308,214.172522,-100.0,-0.3118581771850586,0
142.169031,204,214.432867,-100.0,3.2337496280670166,0
118.388568,228,214.736996,-100.0,3.451193332672119,0
87.076421,219,215.996983,-100.0,2.7472331523895264,0
108.781133,219,216.273138,-100.0,0.6907820701599121,0
35.712323,112,216.407942,-100.0,-0.8041592836380005,0
1402.27413,1000,218.842071,0.4391526513172437,1.4653747081756592,0
3912.33429,1000,221.184075,-0.5006419147691747,4.810551166534424,0
53.684029,99,221.303865,-100.0,0.7141097784042358,0
68.447901,125,221.468924,-100.0,2.791795492172241,0
937.153349,1000,224.038141,1.8955497494532239,0.08376748859882355,0
83.016772,128,224.259203,-100.0,1.5828839540481567,0
50.585085,116,224.406704,-100.0,0.7898240089416504,0
3902.498952,1000,226.663665,-0.6401029023795679,4.706170082092285,0
-26.19004,192,227.847099,-100.0,-0.7062751054763794,0
256.767834,272,228.189655,-100.0,2.1320481300354004,0
146.00265,164,228.394468,-100.0,1.5789657831192017,0
124.416072,308,228.896819,-100.0,-0.5549910068511963,0
2297.56308,1000,231.543079,0.990114231941132,1.589041829109192,0
61.202803,102,231.677468,-100.0,2.2591300010681152,0
120.712195,178,231.912076,-100.0,2.6068437099456787,0
24.012273,210,233.116099,-100.0,-0.7047503590583801,0
42.711679,94,233.23352,-100.0,1.0004088878631592,0
133.749019,182,233.476529,-100.0,2.507448673248291,0
170.159234,182,233.7401,-100.0,2.955772638320923,0
3350.310821,1000,236.212925,0.0987829497091515,4.422629356384277,0
3324.170593,1000,238.575104,0.1802964033884642,4.426535129547119,0
2760.099855,1000,241.1603,0.1755295384661342,3.6109938621520996,0
85.977784,127,241.326833,-100.0,1.8392010927200317,0
489.62153,807,243.379856,-100.0,-0.15019544959068298,0
45.977996,100,243.512008,-100.0,2.319122314453125,0
187.396663,335,243.961308,-100.0,-0.44324129819869995,0
91.883351,189,245.422239,-100.0,0.7949866652488708,0
277.588895,509,246.111424,-100.0,-0.3205042779445648,0
82.899055,138,246.311869,-100.0,2.0335001945495605,0
3724.000547,1000,248.572143,-0.006201075739586698,4.426567077636719,0
210.249411,201,248.840652,-100.0,2.319823980331421,0
3378.55808,1000,251.478288,0.033724969726424164,4.368152618408203,0
96.733332,150,252.658898,-100.0,1.1833891868591309,0
3907.712529,1000,253.987617,0.5640622394914381,4.67844820022583,0
18.101094,131,255.345249,-100.0,-0.31689533591270447,0
55.646039,106,255.47975,-100.0,0.6456892490386963,0
602.356096,1000,257.750616,0.030020648802733946,0.5591525435447693,0
139.436651,160,257.963236,-100.0,3.2350478172302246,0
174.688641,157,258.163196,-100.0,3.576892614364624,0
47.779207,184,258.405437,-100.0,0.5726898312568665,0
170.074406,168,258.623981,-100.0,2.488044023513794,0
1965.127333,1000,261.158394,0.18580297371999535,3.253917694091797,0
190.292211,182,262.349715,-100.0,1.0998291969299316,0
1071.755923,1000,263.636228,1.702602090267483,1.482024908065796,0
3872.092422,1000,266.192947,0.46104896453164557,4.794928550720215,0
3522.664338,1000,268.487019,0.9649071498847424,4.447038650512695,0
101.006467,361,269.915497,-100.0,-0.11479739844799042,0
2366.35214,1000,272.461717,11.883490976799616,3.1190061569213867,0
35.867566,124,272.623665,-100.0,0.23487189412117004,0
213.303603,225,272.916846,-100.0,3.4297120571136475,0
121.887718,181,273.152905,-100.0,2.7876312732696533,0
4141.679169,1000,275.438012,-0.2423094405423025,4.797986030578613,0
2832.476452,1000,277.925829,-0.10480047573446782,3.596747875213623,0
3407.212158,1000,280.222185,0.07218062392508529,4.228539943695068,0
4184.451646,1000,282.870272,-0.416185601705801,4.822081565856934,0
3547.990511,1000,285.124854,0.4197280699303718,4.6960248947143555,0
67.422117,138,285.304479,-100.0,1.552147626876831,0
-28.839095,196,285.557969,-100.0,-0.7111507058143616,0
1754.132016,1000,288.12142,-0.19416607523787377,2.321659564971924,0
629.236016,833,290.198215,-100.0,0.3900147080421448,0
4120.765144,1000,292.689135,1.6232383236095178,2.7942771911621094,0
-28.974544,166,292.928711,-100.0,-1.5559765100479126,0
2299.707178,1000,295.184327,0.32031572041110223,2.812389612197876,0
2834.485404,1000,297.770613,-0.3135669092752049,3.599651336669922,0
4026.622209,1000,300.082165,0.56803184652705,4.658752918243408,0
4055.761113,1000,302.537055,-0.2240967875787365,4.813662528991699,0
692.867309,767,304.548145,-100.0,-0.13442206382751465,0
95.741493,189,304.812086,-100.0,0.10865026712417603,0
39.115948,214,305.08479,-100.0,0.18697157502174377,0
3350.42746,1000,307.611284,-0.47972956542165046,4.580955982208252,0
3620.908814,1000,310.006763,0.5679321414170104,4.801655292510986,0
3356.178463,1000,312.412094,2.548709352716402,2.5545990467071533,0
3365.761607,1000,314.756105,-0.45082439732025104,4.395302772521973,0
3651.300995,1000,317.077427,0.5681555956239581,4.72406530380249,0
173.462238,209,318.473534,-100.0,1.2304482460021973,0
4024.340132,1000,321.045408,-0.3719243301294479,4.816643238067627,0
3768.17328,1000,323.96568,9.548602605486355,2.5649471282958984,0
1763.721558,1000,325.603275,-0.18774465799600534,2.3513572216033936,0
66.364185,161,327.072894,-100.0,1.8742034435272217,0
2058.540351,1000,329.838197,-0.9869821743160887,2.6674563884735107,0
3513.868102,1000,332.218928,-0.09589022847038173,4.399907112121582,0
1882.655457,1000,334.871231,0.002523850751474016,1.0522960424423218,0
2883.365822,1000,337.178001,-2.467287374729063,2.4440126419067383,0
2320.334147,1000,339.772789,-2.6119759187253377,1.6775708198547363,0
3698.41491,1000,342.073568,-0.609229919610496,4.593271255493164,0
1764.078227,1000,343.568223,0.0005842755077492268,2.0691306591033936,0
202.606996,233,344.87789,-100.0,3.0164618492126465,0
3757.240088,1000,347.147945,0.4389733423908453,4.751873016357422,0
123.448319,186,347.395136,-100.0,0.9409011602401733,0
248.184595,227,347.679749,-100.0,2.015091896057129,0
2521.451491,1000,350.431895,-0.3879547244875148,4.708062171936035,0
3595.718502,1000,352.706893,-0.5794580140620151,4.645434856414795,0
89.202674,153,352.903645,-100.0,1.127693772315979,0
68.46196,161,353.11438,-100.0,1.3972465991973877,0
3241.919819,1000,355.63948,-18.24450327121221,2.6346435546875,0
296.203851,262,356.984841,100.0,2.1831486225128174,0
2581.714214,1000,359.499582,0.4745750526197412,3.0384695529937744,0
3666.246887,1000,361.788077,0.5611948888966047,4.526244163513184,0
2058.63698,1000,364.257475,0.19744733030871942,3.569890260696411,0
3354.842197,1000,365.692745,0.09079194259342493,4.474421977996826,0
2406.101032,1000,367.978404,-0.7878684612487064,1.4637795686721802,0
254.5852,257,369.420565,-100.0,2.6647419929504395,0
78.55712,195,369.758029,-100.0,0.646464467048645,0
2945.842535,1000,372.062041,-0.2885791716157431,2.6476826667785645,0
3792.519459,1000,374.478708,-0.1998226178799267,4.880774021148682,0
2790.69371,1000,377.111988,-0.4783953378048398,3.370171546936035,0
77.501984,194,377.380213,-100.0,1.5771231651306152,0
2300.694283,1000,379.958205,-0.009875892333524233,2.9795114994049072,0
3676.071698,1000,382.430507,-0.5063895716613789,4.383955478668213,0
3676.838689,1000,384.837626,0.0868347965681231,4.419571876525879,0
84.759681,151,385.083159,-100.0,1.8313467502593994,0
1413.063998,1000,387.555501,0.09211193335210169,1.703927755355835,0
159.538874,250,387.889784,-100.0,1.0132601261138916,0
3774.408689,1000,390.327089,-0.560027899261782,4.758755683898926,0
2597.303634,1000,392.693846,-0.29516866784220497,3.03501558303833,0
3722.793819,1000,394.95846,0.004261732156798814,4.954120635986328,0
3910.283681,1000,397.703626,-0.3283848491971397,4.619712829589844,0
3379.599243,1000,400.023016,-0.28833081427659546,4.5468597412109375,0
72.760828,164,400.291126,-100.0,1.2630513906478882,0
122.601842,175,401.582383,-100.0,1.941622257232666,0
319.239811,275,401.944218,-100.0,3.5456345081329346,0
209.296772,199,402.226784,-100.0,3.449885606765747,0
3960.724209,1000,404.61371,-0.7101501271568,4.763908863067627,0
3524.979818,1000,407.099037,0.5510269699177535,4.519571304321289,0
187.027871,231,407.451108,-100.0,3.161439895629883,0
3351.492037,1000,409.732963,0.45408933176793664,4.381506443023682,0
3279.424402,1000,412.35821,-0.24499824820649493,4.527257442474365,0
1523.649293,1000,414.636848,-0.5632975716267652,0.3867247998714447,0
2431.062771,1000,417.235181,-3.1356195161369897,1.6055984497070312,0
101.032147,179,417.473212,-100.0,2.912529468536377,0
1695.135548,1000,419.758832,8.93221306347637,1.9425839185714722,0
4114.444574,1000,422.372775,0.5732548871034879,4.877286911010742,0
3643.137459,1000,424.643408,-0.4545766637014086,4.484473705291748,0
1604.155759,1000,427.080665,0.2364610888578369,2.145308494567871,0
3813.97049,1000,429.444625,0.16091483827931086,4.69395637512207,0
3057.557876,1000,431.853018,0.6630544715337479,3.6956088542938232,0
3189.782389,1000,434.266979,0.03229766743024598,3.85467791557312,0
120.463641,141,434.43649,-100.0,1.728278636932373,0
3865.569731,1000,436.922993,8.474155823050648,2.707446575164795,0
3340.758704,1000,439.366207,-0.010953440054880303,4.4325995445251465,0
71.468153,160,439.583106,-100.0,0.3144715428352356,0
45.069535,108,439.72806,-100.0,0.7210864424705505,0
3676.746548,1000,442.118587,0.06606351607839933,4.503063678741455,0
152.992408,166,443.407913,-100.0,3.4364352226257324,0
2900.322139,1000,445.645926,0.5818363692675561,2.6163618564605713,0
3550.071768,1000,448.282016,0.00905206452487839,4.518558502197266,0
109.578191,176,448.55242,-100.0,2.2527670860290527,0
3092.049005,1000,450.835028,-0.2807377879685322,3.662947654724121,0
4020.888641,1000,453.429427,-0.48295387250185295,4.626556396484375,0
104.666156,138,453.612691,-100.0,2.393517255783081,0
117.692652,159,453.817486,-100.0,1.7174813747406006,0
3337.830053,1000,456.118364,0.24035033401066855,3.7778615951538086,0
4054.698702,1000,458.702095,0.5433164393075014,4.768187046051025,0
148.698847,161,458.929652,-100.0,3.572075605392456,0
128.354324,188,459.181551,-100.0,3.562253475189209,0
4025.320618,1000,461.474348,-0.0159619496597454,4.717902183532715,0
121.136804,164,461.681007,-100.0,3.4577620029449463,0
3574.629351,1000,464.357841,0.026769633381914987,4.419564247131348,0
97.73147,153,465.54463,-100.0,1.1343762874603271,0
169.332781,159,465.749083,-100.0,2.0584604740142822,0
114.353375,168,465.968699,-100.0,1.3665980100631714,0
87.9195,159,466.168225,-100.0,1.94069242477417,0
1912.039278,1000,468.711967,0.007643818850660011,2.2886176109313965,0
2615.79392,1000,471.02125,-1.2876993302134423,3.2809267044067383,0
88.470953,133,471.200272,-100.0,3.3412225246429443,0
3813.533816,1000,473.679861,-0.6134176390397375,4.669040679931641,0
3646.069031,1000,476.01598,0.004545388238403447,4.4525861740112305,0
2875.822591,1000,478.271798,0.060493270195664195,3.591841220855713,0
175.293106,209,478.746991,-100.0,1.922512412071228,0
3658.297851,1000,481.197917,0.9795209288192712,4.546864986419678,0
4054.055931,1000,483.55638,-0.6179961749115008,4.7462310791015625,0
2851.133823,1000,486.093492,-4.106999516295673e-05,3.2396321296691895,0
95.319449,145,486.274543,-100.0,0.5356197953224182,0
155.862691,178,486.507919,-100.0,3.390872001647949,0
3605.548715,1000,488.984433,-0.4982606760276702,4.611076354980469,0
2539.976059,1000,491.38283,0.07842120829030108,2.909548044204712,0
4020.488833,1000,493.65817,-0.005143762599757906,4.651445388793945,0
3231.060665,1000,496.323046,0.014438501196789133,3.7727041244506836,0
2269.337261,1000,498.583466,1.0839238070388788,2.569561719894409,0
175.227492,188,500.03668,-100.0,3.6163480281829834,0
2171.132641,1000,501.419661,0.07569041731879622,2.709278106689453,0
3171.473077,1000,503.698474,0.661703223607919,3.895453453063965,0
2128.986746,1000,506.274244,-0.23131170194459003,3.1524908542633057,0
3838.009662,1000,508.541848,0.07231259692268921,4.654255390167236,0
3462.920437,1000,511.053532,-0.39009830471977014,4.35540771484375,0
2306.072902,1000,513.335169,-0.042533098462442354,2.891930341720581,0
100.388267,153,514.537073,-100.0,1.3246393203735352,0
3994.177637,1000,517.188339,0.032814400128591714,4.717541694641113,0
2114.508323,1000,518.52153,0.3614004210432995,2.5467686653137207,0
4121.900386,1000,521.011166,0.07470946509968357,4.83610200881958,0
3484.370109,1000,523.29964,-0.4549795536741843,4.439724445343018,0
3977.982323,1000,525.836465,-0.2797270453555416,4.928986072540283,0
2749.430644,1000,528.130471,-0.047321267378748644,3.23974871635437,0
3331.410379,1000,530.719393,-0.42206287138077303,4.563401699066162,0
90.658849,156,531.976453,-100.0,2.728029251098633,0
177.656903,188,532.229759,-100.0,3.75388765335083,0
4140.104717,1000,534.460503,-0.22612373264272875,4.972943305969238,0
332.284619,836,535.776919,-100.0,-0.541519045829773,0
79.653358,136,537.034944,-100.0,3.381927490234375,0
3594.321444,1000,539.343897,0.5701815505433601,4.7464118003845215,0
1947.490476,1000,541.865118,0.9500052024103536,0.875593364238739,0
3968.783054,1000,544.269078,0.23018243825938356,4.894306182861328,0
3226.714629,1000,546.774489,0.06391749299140237,4.42423152923584,0
3409.469435,1000,549.081444,0.09744045910768051,4.144227027893066,0
3421.305818,1000,550.444408,-0.18175255663833198,4.588730812072754,0
2035.714622,1000,553.144425,-0.054704955060776966,2.586888074874878,0
59.351175,171,554.306596,-100.0,0.42955318093299866,0
3769.106144,1000,556.694164,-0.4400148399047328,4.844866752624512,0
2798.114527,1000,559.108541,0.36833633033517543,4.069533348083496,0
464.280558,611,559.933887,-100.0,-0.3693447411060333,0
3578.995302,1000,562.65885,0.06442855748999143,4.420370101928711,0
178.484726,269,563.00218,-100.0,1.0004225969314575,0
1098.960955,1000,565.248661,-0.13007153000603353,2.2477879524230957,0
3659.980424,1000,567.672727,0.2550247069962239,4.9878339767456055,0
31.136779,340,569.11024,-100.0,-0.27548301219940186,0
2931.878513,1000,571.365795,-0.14693501976069243,3.5855045318603516,0
2794.935128,1000,573.925083,-0.14760419581534379,3.8417398929595947,0
3588.457681,1000,576.174797,0.576266074245579,4.755466461181641,0
2378.265179,1000,578.769119,0.6581037672193173,3.1191184520721436,0
2511.926595,1000,581.068827,-0.09787682164759559,3.6270108222961426,0
1467.250059,1000,583.56587,0.9222031923406331,1.7700053453445435,0
624.539971,1000,585.947077,1.8019947638045266,0.53034907579422,0
132.469748,160,586.154615,-100.0,2.9958655834198,0
3802.80712,1000,588.73483,-3.3347565973760305,2.3973848819732666,0
3520.137775,1000,591.017833,-4.777265409878343,2.2517056465148926,0
3106.018217,1000,593.517882,2.7068653944113557,2.2457470893859863,0
3451.834624,1000,595.822358,-17.39238129289081,2.793811082839966,0
3589.900705,1000,598.309377,0.15439112858404336,4.548616886138916,0
