#{"t_start": 1783344045.5202522, "env_id": "BipedalWalker-v3"}
r,l,t,original_env_reward,generated_reward,reward_error_count
-6.492713,89,3.166366,-100.0,-0.4494941145736777,0
-2.227056,77,3.42587,-100.0,-0.40034525755826234,0
-17.10356,53,3.633202,-100.0,-1.0240265479893806,0
-451.081873,1600,9.309182,-0.27472344116369823,-0.10360638694179386,0
-338.373337,1600,27.438788,-0.2707959967454281,-0.7711820009024446,0
-224.585264,1600,44.714048,-0.0955716640154497,-0.09848010680792395,0
-37.879617,79,44.960961,-100.0,-2.0143048227745357,0
-13.291635,82,45.240309,-100.0,-0.4799511479189045,0
-214.891669,1600,62.700887,-0.09479389535387593,-0.11318848286434048,0
-190.586935,1600,80.152049,-0.09583285533388693,-0.040045894184877764,0
-6.892563,76,80.364883,-100.0,-0.3232072545004767,0
-7.594263,76,80.596329,-100.0,-0.5905983094146339,0
-8.176117,71,80.824781,-100.0,-0.7589006275561324,0
-151.557462,1600,85.694759,0.037832504371806755,-0.004519867099340517,0
-30.633711,82,98.131561,-100.0,-0.1798804954882675,0
-127.79676,1600,102.892247,0.012619540145002188,-0.030752595496324104,0
-14.017562,82,103.119762,-100.0,-0.4469797406242936,0
-11.25013,71,103.327949,-100.0,-0.6639920727095053,0
-14.385003,72,103.547343,-100.0,-0.6807603821234969,0
-44.181394,79,103.955384,-100.0,-2.629910973465124,0
-190.374267,99,104.23066,-100.0,-6.133026826966579,0
-113.327322,1600,122.403915,-0.12247653481115423,-0.14250662417054935,0
-131.702867,1600,139.770724,-0.05535588455200196,-0.00834464919181064,0
-2.931524,64,139.933503,-100.0,-0.24026361386486203,0
-33.959019,92,140.183464,-100.0,-2.619682410333879,0
-3.116623,58,140.352028,-100.0,-0.3651096904843589,0
-95.369,1150,156.068074,-100.0,-0.39057384509603915,0
-9.267322,71,156.259399,-100.0,-0.744820843165858,0
-0.998799,75,156.475266,-100.0,-0.24367045613447008,0
-6.656403,51,156.637338,-100.0,-0.31026555690940905,0
-102.431602,1600,174.300963,-0.04800826199849684,0.0011263459556549922,0
-70.120239,1600,179.148972,0.04148384596904356,-0.009028997592056581,0
-38.048161,77,179.460808,-100.0,-1.2500155685250178,0
-5.015157,68,179.632599,-100.0,-0.2242220200419216,0
-37.373356,67,179.857301,-100.0,-1.0519521427435805,0
-87.121061,1600,197.157796,-0.13884945499897003,-0.04178129819563581,0
-3.983911,52,197.306631,-100.0,-0.29316385173467097,0
-58.657128,49,197.45932,-100.0,-2.2630754149951944,0
-13.752061,104,197.793727,-100.0,-0.7598256271100005,0
-17.413296,80,198.073449,-100.0,-0.4773793253367357,0
-81.424288,1600,215.384733,-0.10723636062940199,0.01641608256798214,0
-41.810362,202,215.940525,-100.0,-1.3948790683214392,0
-70.390225,1600,233.33983,-0.07687226275602739,-0.0537958666197136,0
-16.30729,100,233.634588,-100.0,-0.4937111204312951,0
-18.298624,77,233.907222,-100.0,-0.43842325131610266,0
0.565616,88,234.173274,-100.0,-0.2420216420487954,0
-76.11704,1600,252.484375,-0.02540872301657521,-0.01776930442745344,0
-8.859798,51,252.69852,-100.0,-0.3152520165335249,0
-19.059537,89,252.938789,-100.0,-0.6720043498644297,0
-40.378215,155,253.361868,-100.0,-0.5301645793798442,0
-24.133308,50,253.514056,-100.0,-1.046363590391617,0
-6.667621,43,253.641304,-100.0,-0.32161674799781637,0
-0.78545,55,253.836925,-100.0,-0.3158884454437328,0
-9.221689,84,254.074206,-100.0,-0.6962569607073008,0
-63.655278,1600,271.93128,-0.025104432106018065,-0.030944961377181654,0
-16.748237,123,272.397526,-100.0,-0.11906384387231805,0
-3.944945,64,272.611497,-100.0,-0.17741786734567255,0
-1.483693,62,272.87333,-100.0,-0.3851537267716928,0
-16.410134,95,273.165637,-100.0,-0.273534560862645,0
-12.093017,77,273.368332,-100.0,-0.5659907439980026,0
-14.403156,42,273.529697,-100.0,-0.8982721411851741,0
-6.547461,71,273.743686,-100.0,-0.28858796806597625,0
-5.869355,75,273.950277,-100.0,-0.2720069345592979,0
-6.687411,45,274.078217,-100.0,-0.29115401320914547,0
-26.385286,100,274.338392,-100.0,-0.3279035306432768,0
-4.822485,55,274.47252,-100.0,-0.16890697302951146,0
-24.795606,114,274.746258,-100.0,-0.5078872897128484,0
-71.407128,1600,290.728669,-0.1005113325715065,-0.015017278923690144,0
-2.149707,53,290.867992,-100.0,-0.37755022918503744,0
-30.927184,110,291.245345,-100.0,-0.5833676111934457,0
-11.295112,60,291.462592,-100.0,-0.940039472886087,0
-4.283766,63,291.689954,-100.0,-0.5614524864653518,0
-8.155991,61,291.864437,-100.0,-0.5181883791890368,0
-2.375362,63,292.014234,-100.0,-0.23159316383984996,0
-2.96766,63,292.201439,-100.0,-0.5263741435504495,0
-1.478247,52,304.136012,-100.0,-0.3599776771497796,0
-4.137786,43,304.268716,-100.0,-0.18400724028234833,0
-8.284049,71,304.462294,-100.0,-0.2630966286280202,0
-3.916068,166,304.920132,-100.0,-0.3740357323459201,0
-10.469273,40,305.030046,-100.0,-0.6329907655158746,0
-63.906884,1600,308.826153,0.02048781377077103,-0.12319417363252971,0
-4.171372,65,308.988997,-100.0,-0.22804200699006705,0
-10.702004,54,319.324589,-100.0,-0.9090691278337286,0
-6.083764,49,319.479167,-100.0,-0.7832994647762906,0
-8.184267,57,319.619782,-100.0,-0.6420369890620705,0
-1.300599,60,319.763975,-100.0,-0.23730715849628567,0
-27.108724,71,319.964633,-100.0,-1.1166360345962156,0
-5.134725,71,320.142731,-100.0,-0.11243705958037588,0
-17.76008,69,320.31952,-100.0,-0.93490861294504,0
-2.463949,61,320.471083,-100.0,-0.18197076570386472,0
-6.928607,47,320.597553,-100.0,-0.49898541895843357,0
-6.346554,51,320.719486,-100.0,-0.4128701012035428,0
-3.177142,66,320.885302,-100.0,-0.145501905942707,0
-1.888511,51,321.008477,-100.0,-0.17981699945271645,0
-4.978142,61,321.180518,-100.0,-0.6929442895014039,0
-1.126915,66,321.339017,-100.0,-0.14660290030197112,0
-8.945687,79,321.548524,-100.0,-0.6886420050814241,0
-1.782051,59,321.688365,-100.0,-0.4383955032249183,0
-5.810419,66,321.845701,-100.0,-0.7772719045431895,0
-56.146244,1600,335.787111,-0.042071968585252764,-0.28150876926801877,0
-4.634769,48,335.903937,-100.0,-0.464702283837074,0
-4.927423,43,336.010298,-100.0,-0.22991212752949952,0
-9.094852,44,336.113864,-100.0,-0.2667645432271275,0
-20.267481,75,336.312018,-100.0,-0.8113458804146316,0
1.479248,66,336.480698,-100.0,-0.23120831015072968,0
-12.562011,49,336.613299,-100.0,-0.4915057094159728,0
-5.959101,179,337.064482,-100.0,-0.6189865922501445,0
-1.341826,62,337.218751,-100.0,-0.28408081064185453,0
-3.141794,74,337.406306,-100.0,-0.05749025744891541,0
-7.687604,51,337.541659,-100.0,-0.33876312585705054,0
-4.101485,50,337.668062,-100.0,-0.1901028268185821,0
2.46408,61,337.827904,-100.0,-0.20331700900810654,0
-6.577533,59,338.008813,-100.0,-0.6489251647991632,0
-3.960657,47,338.132112,-100.0,-0.3703243297424353,0
-62.629211,1600,352.374355,-0.08530872605244082,-0.05693868045845662,0
-11.005501,64,352.544874,-100.0,-0.6744073467478386,0
-20.207451,77,352.736265,-100.0,-0.6297076661818786,0
-8.313431,48,352.851657,-100.0,-0.32804809850628847,0
-5.485633,157,353.250832,-100.0,-0.1295997037395653,0
-8.296872,41,353.354133,-100.0,-0.43532237971813736,0
2.45523,55,353.500474,-100.0,-0.08496912851155945,0
-4.221859,47,353.631093,-100.0,-0.4801804589422466,0
-6.2922,65,353.800178,-100.0,-0.760155267158857,0
-0.668572,64,353.987142,-100.0,-0.23306559884278463,0
-5.340804,66,354.164361,-100.0,-0.4379366344789091,0
-3.525096,82,354.385011,-100.0,-0.7500155413455382,0
-12.61562,53,354.524121,-100.0,-0.7976676246778228,0
-1.105124,58,354.674865,-100.0,-0.17941226970786875,0
-8.017302,63,354.84698,-100.0,-0.13971210380018556,0
2.40751,85,355.09395,-100.0,-0.413438682824843,0
-0.059836,51,365.292755,-100.0,-0.3840271885553047,0
3.60773,77,365.516376,-100.0,-0.12616706898226326,0
-3.154382,41,365.620176,-100.0,-0.28282697934928225,0
-21.514217,508,366.965518,-100.0,-0.8329177553421458,0
-1.293703,64,367.13687,-100.0,-0.36117510050085044,0
-4.255534,47,367.260827,-100.0,-0.2828202765529529,0
-10.894949,110,367.538883,-100.0,-0.16988381399095093,0
-7.972238,85,367.775898,-100.0,-0.3420482861124975,0
-7.793109,74,367.977356,-100.0,-0.32946457372108806,0
-14.195781,69,368.158531,-100.0,-0.19736775430906373,0
-30.494657,789,370.28342,-100.0,-0.5437251826621154,0
-12.133858,119,370.611602,-100.0,-0.06928866409561033,0
-2.977675,59,380.824102,-100.0,-0.2798977404381452,0
-5.627595,54,380.984613,-100.0,-0.32975752643217265,0
-4.756796,47,381.102568,-100.0,-0.2417647084360846,0
-1.703289,51,381.242207,-100.0,-0.6560999225838718,0
-4.701698,140,381.613355,-100.0,-0.5002515749906314,0
-2.725942,74,381.811584,-100.0,-0.054614371728091526,0
-5.924072,64,381.981452,-100.0,-0.3815549250975011,0
-6.436819,42,382.095049,-100.0,-0.2778817953494188,0
0.504514,54,382.233055,-100.0,-0.2653274112733272,0
-0.252365,66,382.401945,-100.0,-0.48841285445518234,0
-0.865354,54,382.547812,-100.0,-0.4116297876762403,0
-4.784017,58,382.695971,-100.0,-0.5987189513733773,0
-3.92233,44,382.818592,-100.0,-0.5348595687082177,0
-7.223533,83,383.025514,-100.0,-0.33628867173775073,0
-4.950173,69,383.209692,-100.0,-0.049435705540970785,0
-4.833354,49,383.342026,-100.0,-0.2576965243837789,0
-3.507896,49,383.471589,-100.0,-0.3799381299875784,0
-6.349533,82,383.687347,-100.0,-0.3619002836395989,0
-3.190096,48,383.818341,-100.0,-0.18296751712154277,0
-3.036502,39,383.927212,-100.0,-0.1644853332756121,0
-1.653686,46,384.053035,-100.0,-0.2831577326413978,0
-0.421616,55,384.191082,-100.0,-0.27791215312941125,0
-18.879766,134,384.542944,-100.0,-0.2331559865277942,0
5.252113,83,384.768804,-100.0,-0.4412217237575591,0
-13.907368,63,384.936526,-100.0,-0.7362059472645532,0
5.977026,90,385.202767,-100.0,-0.10189417428843012,0
-2.677883,59,385.363377,-100.0,-0.36859663363669876,0
-1.947393,55,385.527538,-100.0,-0.19525440536410038,0
-14.279369,56,385.676666,-100.0,-0.8382387749693038,0
-1.61607,50,385.808476,-100.0,-0.2817093929587554,0
-4.084273,60,385.969625,-100.0,-0.15968270858209568,0
-7.707203,65,386.135987,-100.0,-0.636808429680623,0
1.92156,74,396.304077,-100.0,-0.3201333823313285,0
-1.155505,65,396.489858,-100.0,-0.04702345904710775,0
-1.751816,79,396.720291,-100.0,-0.526537350543604,0
-3.647129,56,396.863704,-100.0,-0.3236165017017383,0
-2.724924,54,397.008927,-100.0,-0.08599350953125573,0
-1.850031,47,397.132825,-100.0,-0.13359584284269488,0
-9.177133,68,397.323715,-100.0,-0.47536286991850896,0
-5.663526,64,397.493704,-100.0,-0.2428457365784031,0
-3.222539,46,397.637961,-100.0,-0.38259405674892205,0
-1.007998,38,397.729818,-100.0,-0.2650177512370402,0
-4.114112,61,397.897318,-100.0,-0.38116618773493727,0
-2.407726,46,398.028935,-100.0,-0.30811934422213216,0
-5.446681,85,398.245096,-100.0,-0.43094735622703567,0
-0.896494,90,398.484899,-100.0,-0.06596280379994877,0
0.447518,72,398.689295,-100.0,-0.33358529350120336,0
-0.133753,55,398.825357,-100.0,-0.11704110070045126,0
-2.530902,62,398.988221,-100.0,-0.2542993148874982,0
-2.278089,49,399.11588,-100.0,-0.33098364343691844,0
-3.640685,97,399.377121,-100.0,-0.28918034141676374,0
-3.861756,48,399.508774,-100.0,-0.43648181661222624,0
0.811905,67,399.683751,-100.0,-0.06272498442635947,0
-1.13687,74,399.902561,-100.0,-0.3247707796288933,0
-3.496778,67,400.089525,-100.0,-0.4036355452415719,0
-2.67666,55,400.230124,-100.0,-0.23865291930610572,0
-0.105253,95,400.51739,-100.0,-0.1251725933278645,0
-1.397727,93,400.768882,-100.0,-0.20567540909976115,0
-4.185317,42,400.885604,-100.0,-0.5406266993874241,0
-0.98208,59,401.04015,-100.0,-0.36698847791071,0
-8.438974,40,401.153613,-100.0,-0.7531140375722908,0
-1.648962,51,401.308251,-100.0,-0.29654906956715654,0
-6.066774,95,401.580788,-100.0,-0.1699797116075849,0
-1.679988,56,401.727009,-100.0,-0.4183642545954378,0
-4.148984,39,411.81692,-100.0,-0.427219010963067,0
-4.363725,59,412.021454,-100.0,-0.502011321506748,0
1.66778,66,412.200133,-100.0,-0.135005924260868,0
-0.424629,60,412.357393,-100.0,-0.21448403401945287,0
-6.178077,69,412.551061,-100.0,-0.7179800881759807,0
-3.684828,41,412.662803,-100.0,-0.34756306101869333,0
-5.096567,70,412.843568,-100.0,-0.38627470597356933,0
-3.373446,41,412.972007,-100.0,-0.16046269359951704,0
-3.79439,50,413.110393,-100.0,-0.21501719996626037,0
0.16096,68,413.292459,-100.0,-0.34417480297607284,0
-4.016985,65,413.471603,-100.0,-0.06919777585785024,0
-1.348094,52,413.623051,-100.0,-0.36035930985382436,0
1.095781,55,413.780445,-100.0,-0.27227626454584586,0
-1.100426,52,413.922183,-100.0,-0.25558115818222804,0
-2.403504,43,414.054061,-100.0,-0.27410702031807,0
-1.110924,89,414.306378,-100.0,-0.28763862555719877,0
-3.564473,65,414.47783,-100.0,-0.36563599650690154,0
0.09756,64,414.664512,-100.0,-0.1551818243557787,0
0.699808,92,414.918378,-100.0,-0.6453761119501832,0
4.016449,53,415.074917,-100.0,-0.06999438628193336,0
-3.220577,47,415.200371,-100.0,-0.3493669902793558,0
-6.842548,40,415.321044,-100.0,-0.2859662583280027,0
-1.866704,45,415.442637,-100.0,-0.37162584560161216,0
3.377975,61,415.606154,-100.0,-0.16646270879087424,0
-0.958459,54,415.768166,-100.0,-0.28155410886063637,0
5.774327,67,415.931687,-100.0,-0.14539436964928376,0
-16.611764,63,416.113623,-100.0,-0.7401691950405904,0
-2.6047,52,416.259362,-100.0,-0.45484553023758567,0
-2.577364,57,416.421813,-100.0,-0.6978207425533193,0
-0.883139,49,416.571016,-100.0,-0.43082422609992554,0
-4.16635,34,416.676159,-100.0,-0.20833695872131858,0
-2.014059,66,416.86333,-100.0,-0.22263308047324892,0
-24.406103,64,417.042959,-100.0,-0.2991699988239289,0
-4.055938,56,417.197342,-100.0,-0.46506389403672027,0
-1.698169,53,417.352414,-100.0,-0.3315167464000621,0
-2.916032,49,417.468033,-100.0,-0.395043273371809,0
-3.580859,51,428.80837,-100.0,-0.41360871515433334,0
-0.214976,59,428.994162,-100.0,-0.3596903824417485,0
1.560375,59,429.167912,-100.0,-0.3037708811535599,0
-0.36561,57,429.329788,-100.0,-0.5348936843005467,0
-2.343977,70,429.525693,-100.0,-0.10349293891490387,0
2.48428,64,429.700765,-100.0,-0.12099256079132821,0
0.447802,54,429.84241,-100.0,-0.14314991091024215,0
2.179967,59,430.001523,-100.0,-0.09778907194352154,0
-3.092974,54,430.147839,-100.0,-0.2080253099562325,0
0.976637,49,430.26308,-100.0,-0.1543994321534627,0
-0.482076,62,430.426067,-100.0,-0.07977491111158612,0
-2.587313,43,430.54644,-100.0,-0.3378377901919201,0
-1.936939,50,430.688958,-100.0,-0.4457023391075775,0
-0.164161,73,430.875285,-100.0,-0.17117156768593636,0
-6.039095,59,431.060251,-100.0,-0.23788731073969258,0
-3.575775,65,431.237839,-100.0,-1.0554901477494363,0
-2.524888,61,431.415409,-100.0,-0.2576754223507512,0
0.273312,60,431.574087,-100.0,-0.33688909182295457,0
-2.441577,67,431.76711,-100.0,-0.17689711079401843,0
-5.005,66,431.945102,-100.0,-0.3990051237518344,0
-1.031709,54,432.098607,-100.0,-0.08146142019440053,0
-1.325077,50,432.237835,-100.0,-0.4206945912973008,0
-0.616705,53,432.376806,-100.0,-0.19991976454576726,0
-3.145543,55,432.526337,-100.0,-0.39732988970567235,0
-1.911816,53,432.677584,-100.0,-0.17238488320720344,0
-3.155074,50,432.815693,-100.0,-0.21541012276816543,0
-24.737772,97,433.103405,-100.0,-0.6290991008702432,0
-2.763518,52,433.253815,-100.0,-0.14602554988826738,0
-0.777179,47,433.378063,-100.0,-0.11176251596626405,0
4.341634,63,433.56019,-100.0,-0.12058923600264232,0
-1.626718,50,433.696282,-100.0,-0.28692952919581655,0
-0.216261,67,433.874994,-100.0,-0.14928712876470013,0
0.137839,56,434.035043,-100.0,-0.17929122463103525,0
-3.561335,49,434.164351,-100.0,-0.4179040991997357,0
-0.682198,68,434.355393,-100.0,-0.2314923753015539,0
-0.668624,59,444.53814,-100.0,-0.24982122857416209,0
-0.741145,54,444.709675,-100.0,-0.24872246669023246,0
1.463883,54,444.864661,-100.0,-0.09273294671700663,0
6.211662,75,445.082344,-100.0,-0.29128793021225496,0
-3.6962,51,445.227136,-100.0,-0.7247271483558004,0
-3.727329,42,445.339022,-100.0,-0.36101659627815136,0
-3.226984,35,445.443,-100.0,-0.31437677622733373,0
-1.493991,44,445.565465,-100.0,-0.18035064841306547,0
-4.316277,96,445.841646,-100.0,-0.2441692712324781,0
0.562056,55,446.000511,-100.0,-0.2850013656595334,0
0.965333,65,446.184199,-100.0,-0.08348692821788864,0
2.52579,78,446.405734,-100.0,-0.3725587386462748,0
-2.304451,48,446.559631,-100.0,-0.4276638588016814,0
1.216242,79,446.768769,-100.0,-0.44973596792025017,0
-1.3288,51,446.903221,-100.0,-0.2366922829524073,0
-4.0017,77,447.120454,-100.0,-0.15347898636119836,0
-2.550038,41,447.237829,-100.0,-0.15242850175529044,0
4.66145,82,447.472826,-100.0,-0.1949734030313437,0
-2.80415,43,447.594202,-100.0,-0.31029486410084295,0
-2.4197,163,448.040972,-100.0,-0.37885186354985045,0
-2.879971,51,448.185261,-100.0,-0.31786054631477556,0
0.810515,129,448.542316,-100.0,-0.2646748173467538,0
1.727958,53,448.69986,-100.0,-0.5166066531538149,0
-2.501601,67,448.889472,-100.0,-0.4989574041278159,0
-2.871569,55,449.041011,-100.0,-0.12543591440697413,0
-3.353441,49,449.174803,-100.0,-0.13939845152256794,0
-2.179481,64,449.342775,-100.0,-0.6410585477839933,0
-3.561747,46,449.480839,-100.0,-0.2032273252256223,0
-2.710364,48,449.607881,-100.0,-0.2639957125086918,0
2.60067,63,449.791063,-100.0,-0.32063726457815567,0
1.211421,51,449.933483,-100.0,-0.22424455407739252,0
-1.408046,46,450.078918,-100.0,-0.16523837132715194,0
3.506167,78,460.326467,-100.0,-0.2970409301535602,0
-3.262038,60,460.517793,-100.0,-0.5482381179109568,0
-13.828472,62,460.689992,-100.0,-0.49577272209852996,0
-0.362897,62,460.86596,-100.0,-0.23435641427069237,0
-1.287884,166,461.305932,-100.0,-0.13005957148115233,0
-13.085333,36,461.406571,-100.0,-0.8470012075050832,0
3.73538,64,461.589302,-100.0,-0.23604217949514097,0
-9.45687,71,461.791756,-100.0,-0.47234304230423096,0
-6.137716,37,461.898368,-100.0,-0.55494369823572,0
-0.953,42,462.016744,-100.0,-0.2614635436506854,0
-1.028417,56,462.169427,-100.0,-0.24717871439630626,0
-0.57075,52,462.321621,-100.0,-0.1378025004456789,0
0.750668,64,462.494686,-100.0,-0.03289035213016194,0
0.284877,63,462.668788,-100.0,-0.30155991662837556,0
-0.731113,50,462.809346,-100.0,-0.10133182685476366,0
-0.186037,51,462.943256,-100.0,-0.14541824000392517,0
1.508811,54,463.09454,-100.0,-0.08076534746791547,0
0.117674,62,463.25737,-100.0,-0.3983555606700261,0
0.783607,50,463.391149,-100.0,-0.20139580624192144,0
2.441396,59,463.544599,-100.0,-0.10094850841334228,0
1.945864,55,463.69898,-100.0,-0.1581339646990566,0
1.92472,69,463.872112,-100.0,-0.10291262805718031,0
2.87328,61,464.034117,-100.0,-0.1694598223791024,0
-16.287225,89,464.290111,-100.0,-0.6515397096044196,0
-5.87708,130,464.635865,-100.0,-0.35881616278651357,0
-2.042235,54,464.778198,-100.0,-0.2799664780701635,0
0.251095,58,464.935001,-100.0,-0.11812019938134113,0
-6.653324,47,465.057212,-100.0,-0.4911297652969471,0
-1.326239,49,465.191394,-100.0,-0.17631420976787554,0
1.004725,55,465.332594,-100.0,-0.2285970333935202,0
-1.536675,49,465.468293,-100.0,-0.48043056597930395,0
-2.068225,54,465.61847,-100.0,-0.10445319506583825,0
4.832577,73,465.806578,-100.0,-0.13951350867990792,0
3.019731,79,475.911485,-100.0,-0.25471210550983026,0
1.936392,53,476.067748,-100.0,-0.10216418600380288,0
-16.579298,62,476.231575,-100.0,-0.6670369626611422,0
-2.78077,38,476.33168,-100.0,-0.3198506570357802,0
-2.591498,87,476.555642,-100.0,-0.2591524851512404,0
-1.670617,62,476.721242,-100.0,-0.10248623175759694,0
-1.752492,57,476.8772,-100.0,-0.2581683763105365,0
-3.262906,42,476.993432,-100.0,-0.49880578610619164,0
-1.092224,52,477.143645,-100.0,-0.18702211638331406,0
2.641461,55,477.288641,-100.0,-0.33759738787303395,0
-0.549343,53,477.439177,-100.0,-0.351381694986269,0
-1.964657,41,477.560491,-100.0,-0.18088206157087228,0
-3.029598,44,477.674567,-100.0,-0.0872957627756624,0
-0.866594,59,477.84145,-100.0,-0.12016047353487704,0
4.815598,63,478.034644,-100.0,-0.07726314012894375,0
-1.901167,67,478.205739,-100.0,-0.30453315060240504,0
2.263872,60,478.377886,-100.0,-0.15022451367395204,0
2.865493,61,478.540786,-100.0,-0.12877852423739056,0
0.463487,82,478.793469,-100.0,-0.5460753950139333,0
1.698325,74,478.999224,-100.0,-0.36866313291951314,0
0.843458,69,479.226628,-100.0,-0.6660574754744758,0
1.083057,58,479.389403,-100.0,-0.14081074928644616,0
2.126028,63,479.571775,-100.0,-0.09496016771195909,0
1.64785,65,479.760314,-100.0,-0.20413212226304467,0
-4.847699,42,479.872356,-100.0,-0.22686724352454013,0
0.458529,75,480.08533,-100.0,-0.14451850783550588,0
1.376471,55,480.23958,-100.0,-0.16352021903087147,0
-4.665263,49,480.372435,-100.0,-0.48085861150808257,0
-1.264577,46,480.50442,-100.0,-0.30472688749183746,0
3.891264,83,480.734198,-100.0,-0.07436009254870579,0
4.228854,61,480.907944,-100.0,-0.022535464149730677,0
-4.419504,53,481.059194,-100.0,-0.5701559691200272,0
3.208398,67,481.246224,-100.0,-0.10515923906294469,0
0.480652,81,481.469198,-100.0,-0.14188684470906698,0
1.372324,60,491.727633,-100.0,-0.15865393729799077,0
3.001705,63,491.91272,-100.0,-0.1464541375855588,0
1.20641,58,492.075516,-100.0,-0.09044015578011987,0
1.355732,61,492.240557,-100.0,-0.11968862773267278,0
-0.269321,56,492.405905,-100.0,-0.2660155593955278,0
3.801546,59,492.562285,-100.0,-0.15647991558946212,0
-0.008037,59,492.727324,-100.0,-0.16917678344861475,0
1.01547,61,492.907316,-100.0,-0.1772785640500556,0
5.263195,90,493.151,-100.0,-0.053091379620363074,0
-4.029112,75,493.355384,-100.0,-0.28846118744622584,0
0.769973,81,493.59237,-100.0,-0.36075603546263446,0
2.23883,69,493.777323,-100.0,-0.3226176133182179,0
0.977253,78,493.996511,-100.0,-0.19188463885030096,0
5.195976,74,494.200553,-100.0,-0.39712916638890045,0
0.552116,49,494.334182,-100.0,-0.5708006873724056,0
6.618968,80,494.595739,-100.0,-0.01555693407828386,0
4.777194,77,494.812736,-100.0,-0.07991868349808544,0
-1.625639,55,494.963315,-100.0,-0.24405854360337992,0
-0.686174,70,495.152992,-100.0,-0.2545946983639293,0
2.847882,64,495.335849,-100.0,-0.15222415822312707,0
-1.850341,59,495.496266,-100.0,-0.1969174039478086,0
0.774702,51,495.653448,-100.0,-0.14445483927865324,0
1.739502,65,495.83038,-100.0,-0.11842728371207334,0
-3.568759,45,495.947714,-100.0,-0.8392953786890991,0
8.524731,89,496.209366,-100.0,-0.05064088129449233,0
2.53497,49,496.336144,-100.0,-0.10767902842087258,0
3.292147,68,496.522619,-100.0,-0.17614937852158924,0
2.551238,57,496.680898,-100.0,-0.08004540745595405,0
-3.932752,50,496.821337,-100.0,-0.5418156684283078,0
1.039505,53,496.967493,-100.0,-0.07504623727816269,0
0.865073,65,497.150039,-100.0,-0.1815200115593888,0
-11.886877,58,497.315032,-100.0,-0.41286095322671845,0
-20.105073,81,507.423095,-100.0,-0.9679536855895432,0
-1.814756,40,507.539907,-100.0,-0.19527355498770016,0
-2.660381,40,507.644362,-100.0,-0.18286148737265123,0
0.299294,61,507.803122,-100.0,-0.32441276320449713,0
5.865108,80,508.030192,-100.0,-0.46316701233264446,0
3.355274,62,508.199228,-100.0,-0.16947079075234356,0
0.261475,53,508.335643,-100.0,-0.11075985373065728,0
-8.584692,47,508.46799,-100.0,-0.5458036815484096,0
2.682342,107,508.768048,-100.0,-0.329579733265337,0
0.943374,65,508.942223,-100.0,-0.1349606902715334,0
9.178853,86,509.177021,-100.0,-0.20174239710238479,0
2.865918,70,509.370324,-100.0,-0.2366269179668583,0
-5.02904,36,509.462453,-100.0,-0.2357949197346314,0
3.976672,71,509.668229,-100.0,-0.2272067751439189,0
4.829494,71,509.875774,-100.0,-0.10030680484202442,0
2.677722,56,510.029051,-100.0,-0.13647851030940422,0
1.643759,57,510.172365,-100.0,-0.07288182298736776,0
2.387983,52,510.307877,-100.0,-0.16269184472618237,0
6.10136,74,510.51783,-100.0,-0.07618043863418208,0
0.054961,51,510.662593,-100.0,-0.10650318650171461,0
4.231485,66,510.838125,-100.0,-0.19151523026503375,0
1.171723,57,511.008686,-100.0,-0.24703980444345025,0
-5.151825,34,511.111201,-100.0,-0.2436319213533562,0
-1.203486,53,511.249291,-100.0,-0.14286075486959177,0
-2.387108,40,511.358865,-100.0,-0.11722545926229694,0
3.922491,82,511.58575,-100.0,-0.05580867203242198,0
-0.265402,45,511.707576,-100.0,-0.09354009325456648,0
8.281812,80,511.914331,-100.0,-0.2107702508606818,0
-2.806578,40,512.033751,-100.0,-0.15732320164658767,0
-0.149342,52,512.182599,-100.0,-0.16837060169258508,0
-1.200689,54,512.321856,-100.0,-0.1718140794191978,0
1.621165,61,512.497334,-100.0,-0.2210464871993128,0
-0.636008,51,512.640332,-100.0,-0.11097887321753437,0
3.122358,61,512.79529,-100.0,-0.07827123024794494,0
4.08913,56,523.010189,-100.0,-0.034376576915623645,0
0.918695,70,523.226749,-100.0,-0.15359531163022283,0
1.572544,64,523.418243,-100.0,-0.18221938723026326,0
0.542814,52,523.561772,-100.0,-0.11535464561478044,0
3.716709,60,523.714484,-100.0,-0.09562025714757896,0
10.269944,90,523.94428,-100.0,-0.1287394277946113,0
6.465384,72,524.147154,-100.0,-0.14060993210231643,0
1.842021,66,524.324349,-100.0,-0.3046175570325568,0
6.688599,88,524.581632,-100.0,-0.14375939446187933,0
2.870628,68,524.757175,-100.0,-0.1688451636342079,0
-0.138656,63,524.92341,-100.0,-0.09130920803350631,0
15.965801,119,525.240699,-100.0,-0.09365672125464325,0
4.956857,86,525.484862,-100.0,-0.10975371870814343,0
-2.973701,48,525.617514,-100.0,-0.20441012811466647,0
-0.2681,50,525.751455,-100.0,-0.21693602753127333,0
0.458233,78,525.975393,-100.0,-0.26182119603588494,0
5.309747,82,526.193159,-100.0,-0.0895323678593481,0
-2.785587,41,526.318735,-100.0,-0.3089794490760477,0
0.73492,56,526.465756,-100.0,-0.16207367313082105,0
2.688705,67,526.654323,-100.0,-0.21832450381342508,0
7.771542,106,526.940936,-100.0,-0.0740914219587579,0
1.948082,56,527.106719,-100.0,-0.14134201284818942,0
0.598975,89,527.357703,-100.0,-0.22007369188966694,0
7.231118,77,527.576149,-100.0,-0.09813846692116443,0
-2.367061,42,527.681557,-100.0,-0.12999505131052552,0
4.693378,58,527.845565,-100.0,-0.08592540203883117,0
1.655748,63,528.025836,-100.0,-0.15198522710062967,0
-2.584421,55,528.156982,-100.0,-0.3130036080293793,0
-0.352871,64,528.328481,-100.0,-0.13243998031966633,0
12.470663,93,528.596444,-100.0,-0.05066236845546938,0
8.399903,104,539.048567,-100.0,-0.12199494574807263,0
3.509169,64,539.226366,-100.0,-0.17229754386549176,0
-0.124086,60,539.398402,-100.0,-0.17995843934784778,0
5.438827,67,539.581516,-100.0,-0.1403320870825295,0
14.165715,108,539.884588,-100.0,-0.1170184348417923,0
4.380998,74,540.101263,-100.0,-0.12389432100462319,0
4.981872,64,540.28034,-100.0,-0.11357847108537342,0
4.054949,147,540.667311,-100.0,-0.2827273605671057,0
3.095042,59,540.828902,-100.0,-0.07869821398301549,0
6.134233,74,541.041441,-100.0,-0.07022592092818328,0
2.453584,84,541.267952,-100.0,-0.18531228514791054,0
-0.185864,63,541.431959,-100.0,-0.17445289505033545,0
6.49339,71,541.630343,-100.0,-0.10284024391130128,0
0.681653,65,541.805626,-100.0,-0.4256802663416801,0
5.705155,71,542.008432,-100.0,-0.12733627003221473,0
2.651183,50,542.151536,-100.0,-0.06132981652501197,0
1.541164,71,542.358942,-100.0,-0.17143451337795845,0
2.132852,60,542.524071,-100.0,-0.10124742252884589,0
2.109493,73,542.716937,-100.0,-0.1345015017645357,0
-4.404461,37,542.83923,-100.0,-0.13119532852873705,0
10.775513,90,543.090492,-100.0,-0.03312580462829401,0
-0.790628,62,543.267458,-100.0,-0.07333865229369885,0
1.293492,61,543.441822,-100.0,-0.0956774972454888,0
2.76259,56,543.596039,-100.0,-0.08153470370707844,0
3.243109,71,543.790141,-100.0,-0.20881016319368884,0
14.349439,91,544.044853,-100.0,-0.0051582998209731695,0
-1.910841,47,544.176437,-100.0,-0.10438810631228468,0
6.716128,98,544.435219,-100.0,-0.18901621485731282,0
-4.018458,44,554.675939,-100.0,-0.14661900097825897,0
-1.626223,54,554.83213,-100.0,-0.32033947209634045,0
-1.362822,43,554.956149,-100.0,-0.16897348833235565,0
4.569032,70,555.130148,-100.0,-0.05655830106680068,0
-2.978393,75,555.344017,-100.0,-0.3669785057017216,0
1.833752,55,555.501064,-100.0,-0.24734300211261037,0
3.473722,85,555.729782,-100.0,-0.08227718472470948,0
-1.196632,48,555.858769,-100.0,-0.12655445308805863,0
2.783222,70,556.04287,-100.0,-0.35599563923464717,0
3.643464,57,556.205524,-100.0,-0.1811886658380388,0
4.205763,85,556.421504,-100.0,-0.11307078967310938,0
11.252578,100,556.694047,-100.0,-0.05075587297853327,0
4.437137,150,557.105252,-100.0,-0.16111509249840686,0
5.886419,72,557.312152,-100.0,-0.29419733980017937,0
0.950244,55,557.4618,-100.0,-0.3601641472682251,0
8.966922,80,557.686798,-100.0,-0.1869194972910847,0
-0.093423,45,557.807234,-100.0,-0.16849269318923105,0
0.362712,51,557.94216,-100.0,-0.2296787048065056,0
7.800102,112,558.233713,-100.0,-0.1092860644094617,0
9.239933,85,558.45252,-100.0,-0.053764229149115224,0
10.576889,100,558.716511,-100.0,-0.1631040042398274,0
9.778569,86,558.951726,-100.0,-0.20344271168807931,0
11.192332,95,559.208368,-100.0,-0.08583257029038872,0
2.327178,57,559.365097,-100.0,-0.1322400355737772,0
9.283857,97,559.626604,-100.0,-0.1734660014590958,0
6.202149,78,559.818999,-100.0,-0.05241314866681595,0
11.291303,73,560.026448,-100.0,-0.16820010663884472,0
4.206128,62,570.182899,-100.0,-0.11601509840651528,0
9.172468,91,570.437559,-100.0,-0.10556367178892875,0
1.08003,58,570.602237,-100.0,-0.31210953400896435,0
4.475567,63,570.765093,-100.0,-0.021262387864945095,0
4.968996,78,570.975249,-100.0,-0.12099615500548791,0
6.011206,72,571.17094,-100.0,-0.09822059257217956,0
2.403101,48,571.308798,-100.0,-0.1747417528895412,0
8.868801,127,571.626853,-100.0,-0.09745040036827671,0
0.552285,53,571.779399,-100.0,-0.14684735539025104,0
9.0097,112,572.065516,-100.0,-0.04733367236674302,0
9.725071,82,572.266012,-100.0,-0.08160165216412824,0
5.995532,84,572.490971,-100.0,-0.0589103810560304,0
3.427427,57,572.644088,-100.0,-0.04548790002702774,0
3.880795,60,572.826596,-100.0,-0.10587383988797765,0
5.152522,103,573.092139,-100.0,-0.16987081712236762,0
6.291584,84,573.324467,-100.0,-0.09570594035598924,0
1.883562,56,573.480488,-100.0,-0.3658154214975959,0
11.272353,80,573.69671,-100.0,-0.08133935482830917,0
6.84891,76,573.894246,-100.0,-0.06967714397034236,0
3.218517,62,574.057989,-100.0,-0.0510971782693951,0
7.109342,114,574.372767,-100.0,-0.1566373836023603,0
1.856352,505,585.900121,-100.0,-0.0913882941399961,0
2.514155,65,586.088522,-100.0,-0.11413480062004791,0
7.127101,67,586.268737,-100.0,-0.08964015019547628,0
13.413882,85,586.499515,-100.0,-0.126808541235997,0
12.316552,118,586.811488,-100.0,-0.07585026432580536,0
12.342024,102,587.078771,-100.0,-0.23921939049422142,0
13.026578,102,587.341196,-100.0,-0.059059136186396036,0
11.956267,100,587.600721,-100.0,-0.07588239036197227,0
0.38877,56,587.755019,-100.0,-0.10939003777749623,0
10.08796,96,588.024498,-100.0,-0.08995792635700581,0
6.941893,77,588.22355,-100.0,-0.10214293033188393,0
5.403601,59,588.385671,-100.0,-0.10252581676088372,0
3.237699,65,588.550645,-100.0,-0.29793837622154723,0
11.557179,89,588.808145,-100.0,-0.08463092166956071,0
9.691835,108,589.097117,-100.0,-0.015106677312247109,0
14.307589,104,589.381312,-100.0,-0.05221981124169163,0
10.332088,86,589.607549,-100.0,-0.1256214853223513,0
6.6,81,589.828572,-100.0,0.050412031059740736,0
13.122603,94,590.08548,-100.0,-0.29024067815407073,0
4.380196,62,590.243002,-100.0,-0.13204902318092943,0
10.647164,85,590.483325,-100.0,-0.13542395472963342,0
10.64806,141,590.874226,-100.0,-0.14079318252093914,0
11.02982,181,601.411043,-100.0,-0.23156460774849857,0
4.093462,61,601.595948,-100.0,-0.12890075995364703,0
11.623414,104,601.85634,-100.0,-0.1620233020598651,0
10.676987,92,602.103524,-100.0,-0.27864041830441566,0
12.057536,83,602.321011,-100.0,-0.11481464568537765,0
4.732886,67,602.490776,-100.0,-0.03906966011859119,0
12.541945,116,602.797035,-100.0,-0.21922260273588662,0
13.664724,100,603.053181,-100.0,-0.1463102335191492,0
12.824,104,603.32303,-100.0,-0.14932222143895704,0
12.66194,94,603.558311,-100.0,-0.16682205778399065,0
15.772752,96,603.81521,-100.0,-0.09854318442226365,0
4.441086,86,604.027733,-100.0,2.695127880897319e-05,0
11.629607,77,604.229567,-100.0,-0.16689573064320212,0
3.362127,53,604.379506,-100.0,-0.1745796900472678,0
10.823131,87,604.591306,-100.0,-0.08659343044136222,0
9.977902,94,604.827096,-100.0,-0.2047439735342707,0
10.451893,82,605.041916,-100.0,-0.09512791713075891,0
11.7931,77,605.237764,-100.0,-0.19376554106779909,0
1.980607,89,605.46057,-100.0,-0.5968826721856351,0
12.1415,93,605.700773,-100.0,-0.3181477289235514,0
1.052644,53,605.836555,-100.0,-0.12471586104214827,0
13.543764,86,606.067176,-100.0,-0.22835216787607596,0
10.169468,96,606.311818,-100.0,-0.12280176293211068,0
9.169519,91,606.549886,-100.0,-0.06058739729044572,0
5.94992,82,617.020364,-100.0,-0.17401082227286968,0
12.882926,79,617.240374,-100.0,-0.08827219386784385,0
7.049462,96,617.484802,-100.0,-0.21246358183227537,0
10.13434,84,617.699221,-100.0,-0.08346613144399659,0
10.576911,84,617.939297,-100.0,-0.0569521548729628,0
-17.765196,92,618.184497,-100.0,-0.6551121282485556,0
13.061017,82,618.393062,-100.0,-0.1364883238990823,0
10.945157,95,618.641533,-100.0,-0.10951494020251977,0
5.579914,66,618.816114,-100.0,-0.11641307464466916,0
6.752141,137,619.168971,-100.0,-0.13354880004978376,0
4.904343,63,619.340653,-100.0,-0.10272962003853954,0
16.153594,112,619.633106,-100.0,-0.15214782258745962,0
11.936081,108,619.927761,-100.0,-0.1027097345517779,0
14.283213,107,620.197728,-100.0,-0.08837266208027363,0
11.902932,101,620.468807,-100.0,-0.15974930853840635,0
15.838532,118,620.772621,-100.0,-0.10968648326244,0
16.289447,115,621.070569,-100.0,-0.03371066778229913,0
4.915241,62,621.233775,-100.0,-0.12605755593265336,0
11.950755,99,621.488342,-100.0,-0.18241722642931205,0
13.42442,106,621.753362,-100.0,-0.044839120899438464,0
5.42906,64,621.920053,-100.0,-0.16455297565329774,0
11.405713,114,622.212709,-100.0,-0.12121779395557322,0
11.698708,85,632.459747,-100.0,-0.1319385185968106,0
14.375975,92,632.708739,-100.0,-0.071630857541159,0
13.776163,116,633.006197,-100.0,-0.19106041713243768,0
15.896693,98,633.255693,-100.0,-0.31102825810498747,0
12.171998,123,633.575093,-100.0,-0.12294836313140575,0
11.275761,99,633.833396,-100.0,-0.12603802254633611,0
13.119685,77,634.021697,-100.0,0.06393734699199996,0
12.27816,92,634.271186,-100.0,-0.022941295087386723,0
15.651714,153,634.675329,-100.0,-0.11854955870330436,0
12.866865,132,635.017234,-100.0,-0.09510101683654898,0
11.188522,106,635.292224,-100.0,-0.21196349954753613,0
7.156639,68,635.464884,-100.0,-0.02882060841065409,0
11.801023,116,635.765747,-100.0,-0.15568844529190556,0
11.371226,80,635.954195,-100.0,-0.16982854633388475,0
17.204613,92,636.198044,-100.0,-0.0723881422137162,0
13.758752,95,636.458538,-100.0,-0.14657396226408187,0
12.444384,86,636.68046,-100.0,-0.11629375031516492,0
9.159295,69,636.854616,-100.0,-0.07238150412695606,0
10.125355,94,637.090835,-100.0,-0.054317772851707864,0
10.670302,85,637.312423,-100.0,-0.23287161257670447,0
2.892246,72,637.497893,-100.0,-0.5845035182339081,0
13.156162,118,647.867275,-100.0,-0.05650790197468515,0
12.150205,90,648.11638,-100.0,-0.1595634950009258,0
12.14785,88,648.325079,-100.0,-0.04801776939275987,0
14.634786,121,648.652326,-100.0,-0.045157088502825925,0
11.189015,86,648.852614,-100.0,-0.13083136514279525,0
14.179546,96,649.133203,-100.0,-0.14281329457102127,0
12.761845,91,649.35861,-100.0,-0.11469834218649319,0
12.084165,96,649.617435,-100.0,-0.0882385917223805,0
18.696419,104,649.857927,-100.0,-0.08574251529411774,0
13.121112,100,650.116735,-100.0,-0.18248938319709948,0
11.645451,81,650.32229,-100.0,-0.16484919082584273,0
16.594893,114,650.618711,-100.0,-0.11268002851519582,0
7.025694,76,650.803665,-100.0,-0.0810160949120067,0
8.788919,83,651.016509,-100.0,-0.09618976950422241,0
18.361974,109,651.302726,-100.0,-0.15750398722402714,0
7.93699,97,651.555831,-100.0,-0.16972958714241454,0
12.68735,88,651.797163,-100.0,-0.17035254980254053,0
13.778752,85,652.002235,-100.0,-0.04293674396414522,0
17.153524,110,652.307834,-100.0,-0.1984060102701241,0
12.633559,128,652.629334,-100.0,-0.0644577387547837,0
7.62726,93,652.858767,-100.0,-0.4944242601667868,0
12.434001,89,663.042626,-100.0,-0.17928259829505253,0
17.791131,106,663.325748,-100.0,-0.11056231737550953,0
18.772674,123,663.652715,-100.0,-0.13395359659112205,0
14.992227,81,663.874215,-100.0,-0.1282489188421512,0
15.355343,106,664.158594,-100.0,-0.09470072504608074,0
13.957369,84,664.372067,-100.0,-0.08569665412652838,0
13.717353,114,664.654721,-100.0,-0.04223047237800323,0
12.770435,87,664.875567,-100.0,-0.07953071375870413,0
12.62331,100,665.147898,-100.0,-0.06927832579726262,0
14.204058,101,665.409205,-100.0,-0.10464184782737589,0
13.064374,95,665.65763,-100.0,-0.20102189574302573,0
15.326582,103,665.923705,-100.0,-0.16060515327940106,0
13.606101,100,666.195732,-100.0,-0.1088144462455563,0
15.469351,108,666.490941,-100.0,-0.225361329367055,0
14.79201,87,666.723245,-100.0,-0.05701932300080628,0
10.664005,88,666.946694,-100.0,-0.060714555529160295,0
16.849079,102,667.219424,-100.0,-0.06661465703945355,0
12.606522,80,667.427215,-100.0,-0.08730933822227982,0
13.203795,104,667.705441,-100.0,-0.15085069706093585,0
13.234098,108,667.979139,-100.0,-0.045570584376696345,0
16.953178,112,668.268476,-100.0,-0.14427338452582192,0
19.816443,112,678.718248,-100.0,-0.08798135077199276,0
12.357605,113,679.017526,-100.0,-0.10813635177361254,0
16.370557,110,679.288416,-100.0,-0.17908402452889052,0
14.187345,97,679.54287,-100.0,-0.14866958967418725,0
16.022994,83,679.752845,-100.0,-0.13487846544384985,0
16.527394,126,680.077466,-100.0,-0.04643751314469778,0
18.020831,92,680.322867,-100.0,-0.07864259000184759,0
11.831258,82,680.547718,-100.0,-0.08054095002969128,0
12.568279,83,680.749088,-100.0,-0.07556969528310868,0
16.754548,92,680.983208,-100.0,-0.05637491156965359,0
15.234388,95,681.227685,-100.0,-0.13842259979725086,0
17.084241,88,681.474617,-100.0,-0.17971386955399576,0
15.465129,86,681.688689,-100.0,-0.03675387160200462,0
12.435331,113,681.977891,-100.0,-0.07931185564873765,0
18.527787,107,682.245821,-100.0,-0.039131964659776954,0
11.88975,82,682.451369,-100.0,-0.2849216297205104,0
16.972229,103,682.721372,-100.0,-0.03285237010325151,0
8.693643,153,683.124258,-100.0,-0.1502091728390286,0
18.504969,104,683.384447,-100.0,-0.05255063190779227,0
14.358358,87,683.603898,-100.0,0.015871356499327825,0
14.173702,101,693.935309,-100.0,-0.07978577353739302,0
18.303605,105,694.21046,-100.0,-0.1205102793255081,0
15.659128,115,694.517926,-100.0,-0.1386474433502495,0
14.977374,100,694.763107,-100.0,-0.09517146150154507,0
16.232796,85,694.989051,-100.0,-0.08725883489461017,0
17.016187,133,695.326187,-100.0,-0.19194753156555153,0
16.879179,97,695.579815,-100.0,-0.08294402126997982,0
9.92751,82,695.796248,-100.0,-0.12754375940385623,0
10.882667,95,696.048249,-100.0,-0.08897736232837974,0
16.253427,117,696.347634,-100.0,-0.13458909343535091,0
18.619452,125,696.687234,-100.0,-0.2100349593314415,0
12.93953,105,696.948843,-100.0,-0.12126791670061508,0
17.049643,111,697.249959,-100.0,-0.09073686191548513,0
14.540434,117,697.541897,-100.0,-0.10155775148788572,0
17.482723,102,697.797653,-100.0,-0.12132691080925231,0
14.983241,82,698.005877,-100.0,-0.030943543617757363,0
13.600631,96,698.258799,-100.0,-0.11203928542011679,0
14.721262,109,698.543151,-100.0,-0.1338959327295543,0
17.437567,127,698.867151,-100.0,-0.08826755411878043,0
15.666043,104,709.184181,-100.0,-0.11494860081193105,0
17.743272,107,709.478056,-100.0,-0.109860110359157,0
15.764669,113,709.760265,-100.0,-0.2143994515283757,0
12.425181,103,710.035997,-100.0,-0.1463213821368184,0
13.881419,125,710.369321,-100.0,-0.17417542649009224,0
15.311422,102,710.634324,-100.0,-0.17314434519570965,0
19.361838,118,710.931177,-100.0,-0.11343631407636609,0
15.809112,89,711.160315,-100.0,-0.08992208039349214,0
20.330024,108,711.43554,-100.0,-0.14940692729044647,0
14.717478,102,711.688893,-100.0,-0.12134135374466153,0
17.779061,90,711.924249,-100.0,-0.0511150978705478,0
18.2466,117,712.232739,-100.0,-0.0658104306501531,0
16.948705,116,712.53121,-100.0,-0.196641146681933,0
17.502876,118,712.835619,-100.0,-0.07323636441523168,0
21.534589,122,713.141008,-100.0,-0.19152367457634767,0
19.987174,120,713.43495,-100.0,-0.16496305154852103,0
15.164066,96,713.683817,-100.0,-0.13118976425767115,0
12.060867,99,713.941216,-100.0,-0.13467406537600365,0
17.6645,101,714.196664,-100.0,-0.04949750882856755,0
17.156425,89,714.425744,-100.0,-0.06563662102810039,0
19.052174,144,725.35047,-100.0,-0.10000625474873288,0
18.428342,120,725.703186,-100.0,-0.07417786181260325,0
15.266114,94,725.995348,-100.0,-0.025737580424703567,0
16.251933,121,726.380662,-100.0,-0.20391264287064798,0
17.807824,109,726.707127,-100.0,-0.09340927912093132,0
16.496246,96,726.991425,-100.0,-0.062156467872088936,0
15.467578,114,727.336503,-100.0,-0.13198188806213612,0
24.629611,176,727.881977,-100.0,-0.18990805575236708,0
16.426543,92,728.165867,-100.0,-0.054841380193460604,0
19.477384,104,728.485042,-100.0,-0.0773652603635068,0
16.30565,101,728.755116,-100.0,-0.13574790153590616,0
16.243393,108,729.134472,-100.0,-0.190534042706514,0
13.342334,112,729.448738,-100.0,-0.07096369978203249,0
16.568776,120,729.760175,-100.0,-0.16322166837608082,0
17.362402,88,729.995462,-100.0,-0.024104708091990792,0
13.202221,93,730.236838,-100.0,-0.15765561788359986,0
18.748121,95,730.493046,-100.0,-0.13443617567647337,0
18.183654,109,730.766874,-100.0,-0.2447338174989244,0
23.056819,122,741.182918,-100.0,-0.1005723046372774,0
20.252855,120,741.488749,-100.0,-0.127122662998279,0
16.904413,104,741.76464,-100.0,-0.10377110079380449,0
16.834491,110,742.044357,-100.0,-0.09569269023408594,0
20.091268,114,742.343794,-100.0,-0.01282545850963239,0
18.042848,92,742.576054,-100.0,-0.15706152400840298,0
17.488143,110,742.844312,-100.0,-0.0982549013149391,0
13.932329,85,743.05741,-100.0,0.0424809703533143,0
10.541314,94,743.297643,-100.0,-0.1318492861140419,0
17.691994,139,743.659166,-100.0,-0.20650162385736304,0
16.905605,112,743.951059,-100.0,-0.11690272935052484,0
18.548368,123,744.262386,-100.0,-0.17859166576995228,0
17.879298,96,744.521267,-100.0,-0.07341243688100885,0
19.873142,110,744.795655,-100.0,-0.12878136925028058,0
17.541828,139,745.141393,-100.0,-0.028642064237682056,0
17.856943,146,745.526247,-100.0,-0.17651776871600272,0
18.250753,117,745.819023,-100.0,-0.06972777176015903,0
19.409259,109,746.111298,-100.0,-0.13265332431657975,0
18.776393,96,756.307986,-100.0,-0.13460266808001797,0
19.357152,129,756.659245,-100.0,-0.03770484536998952,0
18.522913,89,756.875793,-100.0,-0.13131064769313183,0
21.002323,139,757.224667,-100.0,-0.2203876015906452,0
17.763832,113,757.51021,-100.0,-0.17305800186826584,0
16.440263,98,757.756934,-100.0,-0.034720144857042994,0
17.1896,110,758.033297,-100.0,-0.07278479483039138,0
17.653021,119,758.363145,-100.0,-0.13983421463260873,0
15.538404,95,758.585403,-100.0,-0.1734600870960254,0
20.174966,124,758.900349,-100.0,-0.1804896345711392,0
21.198956,117,759.186907,-100.0,-0.007666744295580247,0
17.502812,129,759.51361,-100.0,-0.13249535164836182,0
20.580404,105,759.77335,-100.0,-0.09565581106460717,0
19.371053,129,760.101207,-100.0,-0.05635231561004618,0
19.154319,94,760.342078,-100.0,0.0041432653580078666,0
17.42683,195,760.824826,-100.0,-0.1761573925690968,0
15.3979,98,761.101662,-100.0,-0.018448549210733987,0
18.036683,108,761.383592,-100.0,-0.021371629899585978,0
21.419431,108,772.298854,-100.0,-0.12503073678090926,0
20.311374,109,772.596064,-100.0,-0.057035022852873894,0
18.708736,105,772.872031,-100.0,-0.13091297255346074,0
-12.488172,44,772.975859,-100.0,-0.7053953743765726,0
22.569079,132,773.307992,-100.0,-0.006637622155269777,0
18.522407,96,773.56103,-100.0,-0.04878138213439719,0
20.158933,158,773.940641,-100.0,-0.1301598587363264,0
15.599139,113,774.224611,-100.0,-0.06733847911198723,0
19.852591,112,774.513376,-100.0,-0.10796014362149779,0
-13.86323,57,774.654434,-100.0,-0.5717221997790537,0
20.225861,118,774.948586,-100.0,-0.09042503911494412,0
17.997343,125,775.30138,-100.0,-0.12987604045590012,0
22.814933,129,775.613578,-100.0,-0.10621180319983026,0
20.34779,118,775.922746,-100.0,-0.047277263872874294,0
20.59313,119,776.220632,-100.0,-0.07280951212609074,0
19.724763,134,776.552303,-100.0,-0.12098771727860266,0
21.647362,96,776.792551,-100.0,-0.12657434149781008,0
31.3,174,777.216414,-100.0,-0.20397558694331966,0
18.966343,118,787.56349,-100.0,-0.07837171231345648,0
19.548177,124,787.885563,-100.0,-0.18803213197959392,0
25.498261,123,788.218975,-100.0,-0.139513744643704,0
24.104461,148,788.579596,-100.0,-0.06005168376309543,0
20.184578,138,788.926027,-100.0,-0.15211961808358435,0
18.068444,123,789.232059,-100.0,-0.16436762895638896,0
21.339432,115,789.547369,-100.0,-0.05851620839392124,0
19.720289,101,789.810736,-100.0,-0.08035016716109601,0
25.030961,126,790.125107,-100.0,-0.14899562619948944,0
24.781775,150,790.486359,-100.0,-0.01318405287516516,0
20.49187,131,790.827954,-100.0,-0.07186902775946676,0
18.936738,107,791.106268,-100.0,-0.13665043934874022,0
19.739302,114,791.386843,-100.0,-0.16203037950506166,0
20.576217,104,791.636586,-100.0,-0.05223377759659599,0
20.420068,133,791.974986,-100.0,-0.08911234486144495,0
20.690953,119,792.298967,-100.0,-0.04888804235135634,0
25.328711,145,802.711558,-100.0,-0.03338594979629533,0
22.328146,137,803.06032,-100.0,-0.05201813944606564,0
19.578109,107,803.328651,-100.0,-0.06503345686898003,0
25.279796,144,803.68564,-100.0,-0.240799341901152,0
22.746234,115,803.993306,-100.0,-0.11991986294425999,0
22.923563,129,804.317227,-100.0,-0.06315415421196352,0
12.620806,103,804.574723,-100.0,-0.0790378924253313,0
17.595046,110,804.846783,-100.0,-0.16164506002349313,0
16.287361,119,805.201319,-100.0,-0.21411506155734644,0
24.503853,121,805.50722,-100.0,-0.07201122248730601,0
20.018343,113,805.796072,-100.0,-0.06637207588444907,0
24.337055,125,806.118104,-100.0,-0.06224323373201513,0
22.141965,115,806.416631,-100.0,-0.1343717662773825,0
22.565612,145,806.77179,-100.0,-0.06617502203771089,0
22.176045,97,807.024571,-100.0,-0.047426817464084246,0
18.87451,116,807.325895,-100.0,-0.09346087969214267,0
22.161361,150,807.709467,-100.0,-0.1407984321323819,0
23.435741,115,817.891974,-100.0,-0.058139535455254514,0
26.142495,122,818.223136,-100.0,-0.10906906599992237,0
25.261333,181,818.672728,-100.0,-0.17147877038976297,0
19.248138,101,818.923167,-100.0,-0.15976183452717646,0
22.102013,112,819.203317,-100.0,-0.16102163113052498,0
21.462756,134,819.546504,-100.0,-0.051954416599996216,0
21.290746,128,819.866804,-100.0,-0.08163209097569968,0
13.519489,111,820.136616,-100.0,-0.27668119769182176,0
25.168243,123,820.435096,-100.0,-0.11811800630468239,0
23.16492,153,820.815294,-100.0,-0.0672637744768011,0
23.835299,122,821.126733,-100.0,0.02302621984431922,0
21.692618,102,821.373417,-100.0,-0.14508019005627512,0
21.397138,138,821.886153,-100.0,-0.18314143811604816,0
23.71305,157,822.28155,-100.0,-0.03161590393086618,0
21.927533,114,822.558955,-100.0,-0.0964206465434627,0
30.46118,159,822.946326,-100.0,-0.12782424840366782,0
25.523284,130,833.692064,-100.0,-0.18140896586839375,0
21.914572,105,834.054516,-100.0,-0.17616320310446387,0
21.380806,137,834.410749,-100.0,-0.13161678486838016,0
29.083966,119,834.707122,-100.0,0.03769428286250541,0
29.12215,161,835.115543,-100.0,0.024909002617464718,0
20.861638,101,835.374165,-100.0,-0.0782242435824246,0
23.562957,135,835.717013,-100.0,-0.10795658670768944,0
25.408345,129,836.227657,-100.0,0.01528057707967871,0
20.849206,116,836.809966,-100.0,-0.18398229620066991,0
30.335215,168,837.337954,-100.0,-0.07285201908746355,0
18.197179,99,837.59757,-100.0,-0.024707157679926636,0
31.686561,158,838.037492,-100.0,-0.17768795278224603,0
19.620977,110,838.316198,-100.0,-0.11457307332695246,0
24.261928,116,838.631085,-100.0,-0.2703797773219352,0
27.370124,152,839.082854,-100.0,-0.04878290647398153,0
31.252007,154,849.736497,-100.0,-0.08182377948022906,0
22.46351,116,850.044388,-100.0,-0.09464684859056985,0
23.079745,113,850.324276,-100.0,-0.04690011090448483,0
24.37564,120,850.635173,-100.0,-0.011953864353541118,0
23.632814,111,850.922453,-100.0,-0.2185922953879425,0
19.641081,125,851.235843,-100.0,-0.017061931633198354,0
19.12774,111,851.53282,-100.0,-0.07731206535407675,0
25.088581,106,851.80539,-100.0,-0.20872887044987504,0
23.258378,122,852.098995,-100.0,-0.18963416886226853,0
22.216981,128,852.424184,-100.0,-0.032351771884824375,0
22.334757,99,852.674753,-100.0,0.022994557629107723,0
23.997016,135,853.01994,-100.0,-0.16664100456789094,0
22.365713,112,853.287694,-100.0,-0.13157244085971276,0
24.549971,137,853.621404,-100.0,0.043538788309719606,0
26.536621,139,853.969736,-100.0,-0.16946325879658045,0
25.167838,151,854.339689,-100.0,-0.04034230798739228,0
24.979235,117,854.664226,-100.0,-0.07285927680247423,0
28.608276,163,865.216312,-100.0,-0.050902779061756984,0
-11.490378,53,865.35941,-100.0,-0.5663145443305062,0
24.385504,153,865.730734,-100.0,-0.11825359161355414,0
23.842756,129,866.046808,-100.0,-0.0673060781322315,0
40.891675,223,866.615462,-100.0,-0.08444520029691319,0
21.078674,121,866.923449,-100.0,-0.11160766096622352,0
41.035772,213,867.478418,-100.0,-0.04331418153965086,0
32.643291,163,867.879841,-100.0,-0.09694092833417982,0
27.490518,189,868.334167,-100.0,-0.10186855542985387,0
30.419797,168,868.751699,-100.0,-0.11216826873813565,0
28.68195,123,869.055511,-100.0,-0.1281475867644596,0
27.957693,161,869.455577,-100.0,-0.15183276483571398,0
31.490199,196,869.947137,-100.0,-0.22379093047740656,0
21.546356,120,880.699185,-100.0,-0.20202533434226738,0
35.221595,199,881.212101,-100.0,-0.017785371084670775,0
28.065331,146,881.576416,-100.0,-0.08990695331071757,0
26.377513,143,881.938781,-100.0,-0.06527330464341545,0
32.471519,190,882.408285,-100.0,-0.11473105277750337,0
30.524843,126,882.716456,-100.0,0.057747666361856194,0
32.163866,172,883.139653,-100.0,-0.08081739031531988,0
29.449158,153,883.514412,-100.0,-0.06876448165281551,0
21.957374,119,883.819281,-100.0,-0.21853227792145874,0
30.174983,161,884.214692,-100.0,-0.023518672688003353,0
31.083115,156,884.587455,-100.0,-0.0885233608551682,0
32.811273,152,884.956582,-100.0,-0.017025693825375332,0
33.06494,223,885.49725,-100.0,-0.03400463463202428,0
47.402617,233,896.184547,-100.0,0.007719201129139898,0
40.779459,191,896.656897,-100.0,-0.012456170922490597,0
19.536649,111,896.940364,-100.0,-0.07014595761576664,0
21.059738,113,897.215658,-100.0,-0.13320839363731152,0
28.74388,165,897.606709,-100.0,-0.07378817790649489,0
23.329222,114,897.903674,-100.0,-0.059407668514176705,0
25.749347,118,898.214196,-100.0,-0.052221397849792274,0
29.781293,145,898.578799,-100.0,-0.15164773536686257,0
23.198802,133,898.882455,-100.0,-0.04829699347872527,0
21.491087,89,899.122014,-100.0,-0.04008634847691221,0
22.225866,113,899.395914,-100.0,-0.007875196888106208,0
31.833539,155,899.780705,-100.0,-0.10493107838815657,0
31.632021,148,900.12822,-100.0,-0.11761352085534699,0
37.956713,213,900.657291,-100.0,-0.12622285000150865,0
22.486981,108,911.002768,-100.0,-0.1497489761263284,0
31.206198,159,911.424755,-100.0,-0.06735666909758325,0
66.201098,402,912.412252,-100.0,-0.04503977765843839,0
36.450472,194,912.90018,-100.0,-0.11106189758248969,0
33.584152,217,913.421002,-100.0,-0.06758401558925567,0
35.445629,199,913.90553,-100.0,-0.07525463540454459,0
26.623179,112,914.177886,-100.0,0.023378991906150542,0
34.004499,176,914.630275,-100.0,-0.17636223645258825,0
20.66262,114,914.930161,-100.0,-0.033183698738227276,0
31.075439,155,915.323532,-100.0,-0.009458724504302447,0
47.348834,236,915.916593,-100.0,-0.17687898685354667,0
35.083502,180,926.41498,-100.0,-0.03222583072275495,0
28.731044,115,926.715928,-100.0,0.019289056350134857,0
24.886592,115,927.002202,-100.0,-0.12112589210620431,0
32.519115,175,927.415107,-100.0,-0.1592916186162679,0
37.598448,225,927.998675,-100.0,-0.14414188947089854,0
44.876088,234,928.557071,-100.0,-0.11706051170145162,0
28.077673,142,928.911964,-100.0,-0.14305315422291692,0
47.588104,328,929.701767,-100.0,-0.174487419100656,0
-12.747786,75,929.869991,-100.0,-0.7017140130167523,0
28.29988,123,930.180255,-100.0,-0.14367026900745583,0
27.429969,120,930.461122,-100.0,-0.20107188708867077,0
44.644695,288,941.308495,-100.0,-0.10018868110677975,0
59.196099,359,942.206547,-100.0,-0.2297519667725385,0
45.967552,278,942.908621,-100.0,-0.13724565891763912,0
43.814345,247,943.545448,-100.0,-0.16960773303583293,0
37.487011,196,944.024167,-100.0,-0.08611503338166587,0
61.141147,298,944.737147,-100.0,0.02897281644618569,0
30.68489,205,945.264358,-100.0,-0.21442362766671788,0
33.982122,164,945.660971,-100.0,-0.07515912154123842,0
57.835269,325,956.626029,-100.0,-0.2228325777317775,0
51.614144,266,957.284284,-100.0,-0.14927394073794598,0
27.963209,128,957.602877,-100.0,-0.08760743400340539,0
44.572853,322,958.376406,-100.0,-0.07362696543342484,0
35.799257,154,958.732503,-100.0,-0.10532034446883164,0
35.20426,228,959.284694,-100.0,-0.07325900316722958,0
33.692052,148,959.64531,-100.0,-0.1379144735568712,0
38.000963,226,960.169436,-100.0,-0.12052410580519608,0
25.747338,111,960.439642,-100.0,0.03496345670698066,0
46.412961,299,961.151976,-100.0,-0.1518701779710482,0
47.948412,275,971.93039,-100.0,-0.24373374763295474,0
30.248901,119,972.212608,-100.0,-0.09983687506459679,0
43.031956,228,972.741399,-100.0,-0.06243034110828248,0
32.880161,142,973.073354,-100.0,-0.2330422594686743,0
53.378088,299,973.788678,-100.0,-0.12603447455908445,0
33.235145,133,974.083845,-100.0,-0.01943801940355252,0
38.174637,170,974.486552,-100.0,-0.21532465811169904,0
23.03566,108,974.797402,-100.0,-0.005737912660498043,0
65.233083,678,976.397756,-100.0,-0.11395901243353773,0
81.584673,568,987.637577,-100.0,-0.10724021890029845,0
73.608298,505,988.853068,-100.0,0.0034877425144938766,0
26.830373,109,989.103637,-100.0,0.06358606143122679,0
24.546166,109,989.362285,-100.0,0.035651778018855246,0
66.355671,1357,1002.673419,-100.0,-0.12879442650314105,0
46.874337,288,1003.340292,-100.0,-0.11896227553034486,0
27.181061,108,1003.596265,-100.0,0.027766776323628242,0
65.709532,363,1004.459078,-100.0,-0.14423060437677682,0
86.92277,622,1005.92419,-100.0,-0.09197772561325615,0
65.094665,425,1016.793809,-100.0,-0.11058836905689498,0
49.197042,260,1017.430343,-100.0,-0.08571386196406242,0
130.993484,862,1019.395478,-100.0,-0.011828460814775968,0
49.495297,229,1019.93703,-100.0,-0.06013893059017014,0
77.637068,403,1030.860217,-100.0,-0.08063256289005069,0
64.920939,421,1031.858904,-100.0,-0.16049528357985138,0
59.619319,348,1032.659926,-100.0,-0.10057891149145981,0
23.977041,105,1032.906016,-100.0,0.11095978743232905,0
38.365224,158,1033.278488,-100.0,-0.21834048575975032,0
86.275886,460,1034.346954,-100.0,-0.055493609487671486,0
72.855241,424,1035.428938,-100.0,-0.1501779299499104,0
54.457531,262,1046.149386,-100.0,-0.08884928323664189,0
56.296978,267,1046.745749,-100.0,0.04736646607768309,0
78.454571,395,1047.681027,-100.0,-0.13821705986839003,0
35.366894,132,1047.977798,-100.0,0.010344008567653835,0
88.121517,394,1048.891666,-100.0,-0.16657406188037316,0
26.232614,122,1049.166019,-100.0,-0.10755434242413514,0
146.52372,719,1060.81048,-100.0,-0.07552030798506988,0
78.371523,357,1061.612521,-100.0,-0.02594049774173267,0
26.042455,108,1061.88679,-100.0,0.06842896275491897,0
82.476642,465,1062.952587,-100.0,-0.06386045588105141,0
181.162797,914,1065.008084,-100.0,-0.0948417882489111,0
175.550541,850,1076.848298,-100.0,-0.06748891764717996,0
89.160392,454,1077.857693,-100.0,-0.21264667773475843,0
107.295253,481,1078.964586,-100.0,0.09530396116981277,0
234.373888,1170,1091.64516,-100.0,-0.03442335860945033,0
41.843779,191,1092.078401,-100.0,0.006394391716513501,0
95.334612,598,1093.426927,-100.0,-0.023634504265697874,0
200.106868,867,1105.399763,-100.0,0.06442803790861648,0
153.09625,791,1107.167321,-100.0,-0.07756402337147725,0
49.078351,203,1107.629995,-100.0,0.053074814747096695,0
164.530603,661,1119.609423,-100.0,0.1146622476482065,0
116.255853,503,1120.802009,-100.0,0.1255372694847842,0
162.647434,834,1122.662627,-100.0,0.030636596526674872,0
158.787597,691,1134.339913,-100.0,0.10570537675114816,0
263.537215,1216,1137.309559,-100.0,-0.08498017739822786,0
77.679023,298,1137.991766,-100.0,-0.26912282764202194,0
176.39778,704,1149.775277,-100.0,-0.02054694459597939,0
65.26639,264,1150.358988,-100.0,-0.24404242332132298,0
38.973418,168,1150.724348,-100.0,0.16668213689937564,0
81.123682,367,1151.547389,-100.0,0.0345339980651496,0
190.354249,897,1153.579427,-100.0,0.048805918939492085,0
333.493939,1600,1167.2868,0.19261430681747108,0.2663537331032327,0
169.705553,753,1178.99987,-100.0,-0.08714097844939667,0
95.575183,379,1179.846142,-100.0,0.08734857300527354,0
164.513766,727,1181.524083,-100.0,-0.11144097976550128,0
212.82164,812,1193.366778,-100.0,0.06743458111822526,0
164.810295,714,1194.981197,-100.0,-0.059113598604597264,0
126.8829,620,1196.404908,-100.0,-0.07331238531963694,0
190.53533,813,1208.168666,-100.0,0.005031674248006164,0
104.073548,434,1209.152014,-100.0,-0.0067766628167152815,0
371.255873,1600,1222.874517,0.029698916470048978,0.2024814692126656,0
135.281332,568,1224.149024,-100.0,-0.07642468731092375,0
299.306245,1219,1226.874606,-100.0,0.070155883232774,0
189.106838,741,1238.562499,-100.0,-0.06890415851633663,0
179.839334,696,1240.173822,-100.0,0.08711445281204996,0
132.611429,520,1241.338906,-100.0,0.20158010155852374,0
94.098394,368,1253.38962,-100.0,0.08018519607385446,0
177.405647,735,1255.045972,-100.0,-0.07659588649088765,0
276.949369,1119,1257.598874,-100.0,0.06443533179698865,0
378.440527,1554,1271.14252,-100.0,0.16387904121011262,0
148.056817,607,1282.464393,-100.0,-0.005116989291054752,0
94.758864,366,1283.291236,-100.0,-0.018194673884596002,0
390.508396,1557,1286.75062,0.25027936807274814,0.35043461391720054,0
369.838429,1600,1300.285018,0.09199416303634643,0.09825908322820162,0
305.378231,1207,1312.991524,-100.0,-0.019858798789353337,0
166.721845,736,1314.617365,-100.0,0.03797165289589237,0
62.402897,243,1315.150189,-100.0,0.040683265997397654,0
157.764035,569,1326.355393,-100.0,0.027935442991094774,0
78.671818,321,1327.085185,-100.0,-0.05255148300252678,0
294.192354,1098,1329.547288,-100.0,0.11404347909612873,0
391.414239,1545,1342.988375,0.28961981602507914,0.3559389484938562,0
369.856728,1600,1356.376387,0.1726185877720136,0.19290581446807253,0
250.44305,1358,1359.413212,-100.0,0.025981644083291962,0
245.721848,963,1371.481804,-100.0,0.06332003544928702,0
387.740837,1549,1385.386852,0.3535082319378853,0.31803105131064635,0
395.932221,1528,1388.793293,0.19351407153409628,0.10619454770690304,0
133.735125,512,1400.112558,-100.0,0.10379637261992054,0
390.766258,1525,1403.515991,0.2135519549846649,0.33782711882889954,0
390.15397,1600,1417.046946,0.07981866288185119,0.07001272894543098,0
391.600964,1600,1430.678396,0.17344692738854703,0.25776168185607196,0
394.386537,1529,1444.988255,0.0786315046697855,0.2393964453736075,0
78.379475,273,1445.705388,-100.0,-0.005827167992200184,0
399.041118,1535,1460.033027,0.14901143151521679,0.24533791482710282,0
391.044071,1571,1463.529002,0.2706206687887889,0.3348439442898279,0
389.993857,1511,1476.83265,0.19814993180835064,0.38279514118200364,0
394.337905,1511,1490.299422,0.12408714141446445,0.24931368134126855,0
383.331613,1600,1503.923384,0.22730164698761612,0.2060028645476688,0
390.858517,1552,1507.394178,0.25993666540086274,0.39717199739675263,0
143.812992,564,1518.667551,-100.0,0.02392057866708147,0
318.662629,1346,1521.625974,-100.0,-0.6264444657147672,0
387.643906,1593,1535.171465,0.037139457672834414,0.207557301524301,0
394.130506,1530,1548.729337,0.30712937200069423,0.3602048932973262,0
260.826823,1080,1551.145178,-100.0,-0.06835757199526335,0
385.935123,1585,1564.668526,0.21589996464055686,0.17074638019989533,0
355.261353,1600,1578.270559,0.19896050173044205,0.22887227615246405,0
389.908981,1550,1591.616446,0.1288502706686845,0.3032846879231305,0
86.634337,328,1592.33775,-100.0,-0.21559753215948424,0
383.442693,1588,1605.752703,0.25787441251671495,0.39259932217513344,0
271.636728,1015,1607.986102,-100.0,0.18406976108341294,0
391.395131,1510,1621.372827,0.16029532173648478,0.1171984854978998,0
390.844851,1496,1634.696601,0.15217176415520997,0.11373337930425509,0
390.38302,1525,1638.097237,0.23212081212305838,0.3748592423842301,0
387.35535,1559,1651.4972,0.29837845521169987,0.3615450130853147,0
393.600893,1509,1664.695197,0.24424890561896648,0.2847036314438286,0
395.738502,1498,1677.968594,0.23530338084697724,0.32146522209117656,0
388.294433,1452,1681.171695,0.18420666501921323,0.30177877640540474,0
393.061493,1458,1694.522364,0.25895736485160886,0.2563571051432058,0
388.712316,1474,1707.709639,0.29178722729289347,0.41110401115978784,0
391.513507,1470,1710.930523,0.35899324113130565,0.4023283432098125,0
391.877522,1448,1724.288395,0.13172661203640793,0.3122146062448096,0
393.266816,1417,1738.004719,0.06624076228338573,0.20758653288298742,0
389.7904,1516,1751.630741,0.1543557918866286,0.17316098778688865,0
394.419322,1469,1754.965085,0.07874694027507122,0.05491578627533181,0
390.916953,1448,1768.22346,0.3893385208746176,0.4616431794502193,0
394.427139,1396,1781.856295,0.24495190501213068,0.3618972882597642,0
393.049223,1472,1785.226367,0.17161881683266347,0.20468214211328392,0
147.632465,561,1796.648474,-100.0,0.07712956011334388,0
175.269443,693,1798.228824,-100.0,-0.060892355957005304,0
391.112035,1583,1813.221039,0.14106210297840924,0.19079075263869072,0
394.639845,1462,1826.569884,0.18830336632579567,0.4006129340666633,0
393.940914,1479,1829.893833,0.234957576751709,0.35204849494109214,0
392.780272,1516,1843.382213,0.12649715888127683,0.23153133484643493,0
390.55324,1508,1856.928272,0.1511387029687753,0.2753685410900662,0
388.331557,1495,1860.30559,0.231956807712676,0.3033146447109272,0
394.102008,1414,1873.578346,0.20767803007364272,0.36196538062677563,0
387.184954,1478,1886.761958,0.08685494255524782,0.30312775036674877,0
389.468549,1477,1899.951022,0.36450811727839794,0.39139776054674164,0
174.452846,665,1901.454561,-100.0,0.02176678795323944,0
385.459463,1556,1914.91844,0.2046727670630198,0.20539754452600673,0
389.562178,1436,1918.125997,0.06126542357605603,0.12251841244869931,0
326.819852,1281,1931.062384,-100.0,-0.44986478372950867,0
386.182383,1491,1944.704165,0.30528601527214055,0.24734490048412872,0
377.096801,1524,1948.091824,0.1519210197727075,0.31000184859574864,0
381.981618,1428,1961.299501,0.06561850271624235,0.20751932024533143,0
376.202879,1504,1974.747951,0.19858768888312672,0.32779647212745155,0
381.397681,1478,1988.041075,0.2800538687346261,0.2695597001036651,0
377.790465,1489,1991.371364,0.17455938154459,0.27800328987241174,0
382.16819,1482,2005.013181,0.29947722655534736,0.38633346456145784,0
382.265595,1524,2018.423453,0.29421241909265516,0.360841506555333,0
381.22453,1478,2031.749776,0.2542159116566181,0.22828620662695986,0
380.728403,1561,2035.303868,0.220697394112708,0.3869330540291756,0
388.166849,1451,2048.912438,0.10131791569787355,0.22966087583131067,0
388.25708,1476,2062.360224,0.13741294598951934,0.302072334340393,0
-4.824302,107,2062.600039,-100.0,-0.6724214765991482,0
383.110493,1542,2075.949519,0.2626785657306891,0.3131642252698089,0
387.512412,1502,2079.317899,0.18791184661787658,0.32416297323322313,0
388.310341,1502,2092.721115,0.265059273481369,0.3547807920612036,0
387.752293,1474,2105.909924,0.16187079988920505,0.40029131102106175,0
387.259242,1449,2109.211737,0.12235197815299034,0.2577177876394282,0
387.322366,1467,2122.613048,0.1875304561853409,0.32014942598564866,0
387.469704,1461,2135.967729,0.41035745408135743,0.4371914612422581,0
383.823135,1494,2149.551991,0.03536806996661517,0.11993185854774725,0
386.533518,1479,2152.919343,0.18190180993080138,0.24659529182559892,0
385.675819,1485,2166.2498,0.27316576643788626,0.2313360376445171,0
384.421128,1474,2179.72915,0.30145382970571516,0.3282853089298291,0
383.667604,1528,2183.106239,0.15724011203646662,0.23480604599425434,0
136.630229,615,2194.515676,-100.0,-0.4680638855456673,0
384.54193,1558,2208.098538,0.3368128496606955,0.3693423821471684,0
380.825466,1416,2211.254168,-100.0,0.058758196956945875,0
381.736774,1555,2224.792297,0.10979116528230998,0.231082398885958,0
385.263907,1498,2238.20466,0.22086551676818544,0.2456134421851714,0
385.325668,1466,2241.446604,0.18838067960739135,0.172638129700556,0
392.660468,1460,2254.690062,0.2714001121670007,0.2824671577218194,0
388.89706,1499,2268.137363,0.09206043869256973,0.2494618289479669,0
268.535166,981,2270.290234,-100.0,0.15772988680926023,0
380.613803,1571,2283.727382,0.2424527648488302,0.3677932398544046,0
383.896635,1522,2297.297043,0.22731498184800145,0.27553389255194705,0
380.310281,1586,2310.719656,0.11362952782708499,0.1579213312242348,0
386.205023,1554,2314.158482,0.10968294385570379,0.3059340845018389,0
377.478417,1600,2327.685192,0.15984796484309527,0.15180475891677067,0
379.333151,1587,2341.447672,0.09381932677823399,0.04842220708527184,0
382.906015,1511,2354.879581,0.09957544543343874,0.09840394725218096,0
386.155162,1524,2358.264899,0.14248391019675227,0.3035716986951374,0
382.276378,1485,2371.597042,0.19192219657200668,0.18413537545765332,0
385.505119,1529,2385.383772,0.21396090372401566,0.12035007545361434,0
381.680995,1484,2398.606993,0.19650013426935858,0.22206601721280736,0
381.09171,1502,2401.991499,0.3126095111568579,0.3538963050829733,0
72.921323,331,2412.918185,-100.0,-0.18329017473692064,0
364.169462,1600,2416.575606,0.2287049113512039,0.3012758088375287,0
378.97939,1600,2429.980567,0.2559209458032864,0.18422106577795977,0
382.121266,1542,2444.394235,0.21729433729778977,0.16436283504595148,0
380.26943,1550,2457.771139,0.18278607732057572,0.16374666840906965,0
371.585447,1600,2461.31504,0.19446051752567292,0.41954239524122205,0
377.505963,1566,2474.976576,0.12332047738629673,0.3060761718307895,0
373.278294,1600,2488.326417,0.20756127442914343,0.259051473893773,0
376.805596,1519,2501.700303,0.17362781822681428,0.3412700458538316,0
377.673137,1547,2505.074157,0.3136163492103797,0.43269517584850936,0
388.192386,1442,2518.253863,0.25244632140797285,0.2947462922181985,0
383.742789,1459,2531.425304,0.2609299990037698,0.36992057716668353,0
378.853158,1423,2544.585534,0.23594586916762686,0.3024570079902447,0
370.69193,1394,2547.671754,-100.0,0.07357648691177215,0
383.615245,1423,2560.697897,0.17957336157560347,0.1854628438188221,0
381.654244,1457,2573.860871,0.20608826158440297,0.15780804948608318,0
378.791749,1504,2577.214834,0.21939774061739445,0.3683224086738787,0
380.967883,1435,2590.43783,0.25747775089088826,0.33058684912354175,0
284.439049,1120,2602.921147,-100.0,0.15507884241093423,0
384.380835,1439,2606.08533,0.22912771707773208,0.22703834372146442,0
381.628063,1503,2619.429911,0.2496013312737337,0.25257528461842227,0
380.272673,1435,2633.130233,0.2860216179639101,0.24182068798937517,0
379.989065,1553,2647.553273,0.34817825204133984,0.32410494261832473,0
379.552492,1495,2650.93011,0.25263332980871195,0.3627117555573265,0
381.000517,1468,2664.213627,0.09850619280338287,0.19617838631412493,0
379.182935,1466,2677.574291,0.08248879934352545,0.25304294361452473,0
379.934549,1442,2681.023098,0.03456475918489786,0.32816993552777074,0
371.331484,1531,2694.817874,0.18223995490866993,0.22079736796712918,0
140.828314,526,2696.040498,-100.0,0.1395617127422853,0
379.091626,1395,2709.269355,0.41465735543769505,0.3288877040053647,0
381.883351,1369,2722.484824,0.10506754965579695,0.30285206954483984,0
386.299439,1388,2725.530094,0.2514177647928586,0.35195696566153895,0
168.014392,612,2736.961752,-100.0,0.07542616077581024,0
385.405996,1385,2740.159538,0.346246930738328,0.3738986404501304,0
386.313729,1348,2753.331519,0.2678194428284773,0.3197753955867777,0
310.111266,1098,2765.960742,-100.0,-0.21728184511344356,0
389.515843,1346,2769.025955,0.31005734157562254,0.33411359938365426,0
152.39743,533,2780.348692,-100.0,-0.06400520968020496,0
388.415903,1330,2783.373381,0.06671864463889415,0.16608954957271405,0
120.246248,417,2784.303446,-100.0,0.12130195388166326,0
384.730502,1336,2797.529781,0.192886656900228,0.34311316840557887,0
388.312517,1307,2810.599476,0.18740007064741757,0.38200599753585956,0
379.490361,1393,2813.708004,0.1757964531580228,0.302699296985406,0
384.237958,1358,2826.706646,0.3174026871522646,0.28535905723414445,0
378.2873,1403,2839.939409,0.21202211308479305,0.3452675568314023,0
376.132095,1424,2843.13274,0.3099164893329143,0.2632116937056397,0
242.281759,1032,2855.647857,-100.0,-0.8837165188613261,0
375.887058,1479,2868.930307,0.26361178051430073,0.4060540981429113,0
374.983966,1439,2872.125079,0.03398553379374836,0.3096336213732334,0
377.919081,1448,2885.529824,0.31340888412797263,0.3055801331271124,0
379.001978,1462,2898.792908,0.12628686980402654,0.18622410390000982,0
383.964514,1450,2901.96372,0.230921452825306,0.3354196741816312,0
67.343488,266,2912.72594,-100.0,0.0759676975865391,0
384.5157,1367,2915.737496,0.17783801980811448,0.16785783346711394,0
378.556054,1476,2929.227197,0.1793299073229423,0.40733816822769087,0
379.135867,1418,2942.967204,0.13879500045377108,0.2669338628427342,0
-16.169102,77,2943.156627,-100.0,-0.8391853204759222,0
385.640557,1377,2946.261586,0.28802952305972573,0.42047611306961247,0
165.734489,680,2957.905097,-100.0,0.10862836467643389,0
220.860908,800,2959.647939,-100.0,0.14975103267712297,0
383.430268,1367,2972.519237,0.04880037339031696,0.3261680491324643,0
386.675858,1432,2975.695349,0.2031461964051118,0.35676790465653085,0
388.245312,1493,2989.47013,0.2920148552854666,0.2353626491348063,0
387.665366,1439,3003.100852,0.467073282301426,0.39470227201960273,0
382.326887,1413,3016.712816,0.4450438994765281,0.4414906461374433,0
383.608707,1418,3019.85912,0.14840436438721327,0.3219273379260509,0
385.044014,1482,3033.172552,0.15839963006973268,0.24152912466816392,0
380.047234,1459,3046.465664,0.22051906728744508,0.2483921714079016,0
384.44761,1409,3049.696287,0.0869725543658128,0.28200575421179336,0
384.372869,1460,3064.362829,0.1895484834325621,0.2890944672176181,0
386.711588,1406,3078.085742,0.24711421952646875,0.4019622825634113,0
96.950091,375,3078.955333,-100.0,-0.13241261817548933,0
387.616051,1403,3092.096756,0.28081015070277543,0.2819020133209296,0
388.465319,1375,3095.125218,0.16731401628750656,0.2308866223386192,0
386.213629,1414,3108.563694,0.1713301485677939,0.1596439056924279,0
387.812047,1432,3121.973726,0.37455751317739483,0.35634203477886306,0
384.43947,1373,3125.167625,0.1865674832661757,0.14381487452455904,0
389.351601,1377,3138.38681,0.3148992374936929,0.4053021272924314,0
389.016696,1354,3151.298535,0.32876205222809124,0.38367392354426816,0
387.893609,1326,3154.226848,0.40442217606800884,0.3993004244157257,0
388.622508,1385,3167.650291,0.18490617526072356,0.3157502604523745,0
391.625532,1300,3180.909382,0.13915516738098768,0.25628993477271134,0
386.652763,1326,3183.859233,0.05867524689435959,0.19876386186485984,0
388.653753,1395,3196.877921,0.4233002725045076,0.38457607971996915,0
390.084374,1329,3209.870359,0.18301797095936445,0.14685553067435278,0
380.524847,1386,3212.942809,0.21400141233205797,0.3747410055601019,0
385.549685,1339,3225.980669,0.2870749533275952,0.29654225043713534,0
384.186637,1363,3239.584005,0.14551159719628004,0.293814926343913,0
390.333945,1317,3242.680822,0.1548332585493913,0.40153453069737366,0
129.102062,490,3254.12517,-100.0,-0.05573286061899679,0
319.019218,1077,3256.760372,-100.0,-0.14771889471807367,0
107.717134,366,3257.587095,-100.0,-0.14786693270803788,0
385.768916,1343,3270.679029,0.2562318238814482,0.1848379723009818,0
383.463514,1331,3283.817788,0.18527009139460232,0.2679947468481873,0
75.994093,373,3284.692786,-100.0,-0.49673855186259375,0
73.965247,279,3285.31476,-100.0,0.09253589674296221,0
383.472246,1329,3298.309158,0.28112305363017415,0.24893595609691488,0
371.332823,1390,3301.567919,0.1271367131471634,0.3254874677241567,0
337.928421,1206,3314.532766,-100.0,-0.005070383863314917,0
383.938606,1357,3317.566831,0.32432495379447934,0.4394985627764792,0
183.951616,660,3329.965413,-100.0,0.1221417773959223,0
236.971859,886,3332.263391,-100.0,-0.1904256815386327,0
389.208253,1324,3345.444076,0.25148454006511056,0.3231440740197944,0
384.027154,1302,3348.37693,0.3010776987572321,0.4075363322417708,0
269.43986,989,3360.716535,-100.0,-1.0083426810319402,0
41.262565,288,3361.355109,-100.0,-0.8564561192753448,0
382.419844,1313,3374.359401,0.2889352115591746,0.41614032538115586,0
188.593232,766,3376.197987,-100.0,-0.8158782974436534,0
98.267455,491,3377.298657,-100.0,-0.7698868144264026,0
32.871766,241,3377.857587,-100.0,-0.8538948900887926,0
379.841313,1319,3390.925361,0.3788215136130461,0.4691749480192608,0
-16.599286,91,3391.130238,-100.0,-0.923227993664128,0
381.287684,1297,3403.930386,0.3449766637782445,0.4508136607729303,0
377.324842,1402,3406.995222,0.11500909413892123,0.34970814194629396,0
63.825223,248,3417.48707,-100.0,-0.2194921588707589,0
383.073672,1385,3420.579635,-0.018130365669727325,0.22056161994074647,0
142.553658,563,3431.754945,-100.0,0.08401122249598003,0
380.62793,1383,3434.930499,0.2765036893685469,0.3421485825109645,0
385.458899,1322,3448.380524,0.2533200263182512,0.4254416080193116,0
381.050918,1350,3461.476406,0.13475345764559413,0.28363780159814883,0
281.489108,997,3463.690504,-100.0,0.06579457758729362,0
76.685545,295,3464.353058,-100.0,0.17206602853097155,0
381.312378,1405,3477.436596,0.03655680810910372,0.28112278539000374,0
379.544894,1395,3490.683212,0.291881415506185,0.36139794670233516,0
222.434513,774,3492.401922,-100.0,-0.04771965395357389,0
386.306824,1364,3505.509655,0.15748271562653873,0.2583367338123833,0
380.483863,1376,3508.543106,0.2796865280369538,0.18827908163424256,0
383.957906,1418,3521.675954,0.158966162443161,0.2060757537556549,0
-19.272376,116,3521.971696,-100.0,-0.9778482048741227,0
382.853498,1439,3535.155301,0.27430943282443376,0.37005433037100294,0
383.935132,1421,3538.567711,0.29822153641784,0.3280408679960093,0
372.69605,1589,3552.306672,0.33023899469774864,0.38217717186595973,0
380.425394,1552,3565.788266,0.21636393693089484,0.3069487454174241,0
384.520754,1442,3579.163646,0.2069680144786835,0.28739666879263853,0
386.191398,1509,3582.585844,0.23017013894522004,0.3020556551525563,0
383.110265,1517,3596.27239,0.11843676637607906,0.39206723003395394,0
389.123807,1480,3609.563356,0.1266765766938338,0.28030640105437465,0
-15.475971,68,3609.714591,-100.0,-0.8599845539114874,0
257.114738,992,3611.89386,-100.0,-0.059336889124083345,0
382.520231,1547,3625.465802,0.21133252849179596,0.3623108896074285,0
392.104485,1420,3638.514226,0.2326685290032187,0.32062495217318093,0
386.306574,1483,3651.654539,0.26914479986828477,0.218846643472139,0
380.658612,1512,3655.011076,0.2358542952065477,0.3206412937288342,0
382.737882,1440,3668.146763,0.23143145275115964,0.2571837671547821,0
386.212137,1444,3681.314158,-0.0804205030426383,0.34396116746665867,0
138.477469,597,3682.624475,-100.0,0.008763772349721727,0
374.941802,1578,3696.109512,0.08078088261681887,0.3194336273134187,0
371.869717,1600,3709.472617,0.21430646739032774,0.36106055045245156,0
378.906959,1543,3712.91677,0.18643197407323214,0.3174981059768117,0
384.327107,1535,3726.264255,0.22686850653088272,0.24824741326831817,0
381.164748,1525,3739.489525,0.15304341423266943,0.27134525121842196,0
375.771032,1584,3752.939387,0.020039662798283644,0.1360973032755737,0
385.863042,1503,3756.2981,0.1203070743768476,0.3436923227922698,0
375.065649,1572,3769.6942,0.15226082410418804,0.29955138727501573,0
378.147376,1594,3783.205494,0.21394158911705013,0.23133824447634413,0
381.069805,1512,3796.584569,0.13881123105681129,0.12332838996803289,0
385.790984,1527,3800.013896,0.23705970694619508,0.25627400854523763,0
381.810251,1519,3813.286857,0.26236637099582044,0.33005429842161194,0
372.408579,1600,3827.824066,0.23900543431437196,0.1656490252138765,0
381.826265,1516,3841.579696,0.2791189266492734,0.24768586627073974,0
380.454489,1513,3845.020622,0.20206148310500477,0.16574560750913825,0
389.77748,1362,3858.268425,0.13557683318853378,0.23842410133663333,0
386.576713,1425,3871.380537,0.2300400498409876,0.3331020437330172,0
386.318785,1440,3874.524857,0.3010320641596922,0.3589276507930894,0
384.661574,1388,3887.624832,0.03461096458631846,0.10775039740361,0
-16.511034,80,3887.812404,-100.0,-0.8886469039234628,0
270.248653,1040,3900.15329,-100.0,0.11869244778092795,0
231.358235,805,3902.032331,-100.0,0.08864854017701615,0
385.958602,1366,3915.13527,0.1117818258454781,0.19522693061209162,0
380.074814,1411,3918.284489,-100.0,-0.05213551418089843,0
388.26316,1404,3931.388374,0.27126270111399975,0.25656347231417986,0
74.082396,301,3932.035202,-100.0,-0.038442067190194176,0
387.042234,1402,3945.755369,0.1792946662828326,0.29866028120072174,0
195.094036,807,3947.577534,-100.0,-0.5097574622084219,0
356.586504,1600,3961.141154,0.27817100524902344,0.37946609665196745,0
382.764241,1470,3974.497662,0.21998674424487444,0.34157679115260364,0
383.491661,1391,3977.646903,0.1362402962843198,0.16393880389202645,0
387.645984,1463,3990.850413,0.21356393650668953,0.28106315818698613,0
381.857112,1411,4004.551714,0.26758768261872995,0.32866481423332183,0
385.599749,1430,4017.631936,0.017085155499459236,0.19755128574186043,0
383.041361,1391,4021.281747,0.18000174880027772,0.38416309352817646,0
387.068747,1373,4035.217152,0.28004065646731663,0.3213860047226887,0
375.292931,1316,4048.176885,-100.0,-0.31850294945401925,0
392.548808,1365,4051.232181,0.27256978436309187,0.2878536698124129,0
393.057013,1370,4064.205027,0.27960302110202606,0.2628816821921096,0
392.123536,1299,4067.108563,0.16551643248397205,0.3754310418440039,0
387.083997,1303,4079.829394,0.29991204525035525,0.24865695565422125,0
388.06228,1356,4092.76441,0.19432559735578206,0.30858063150511134,0
64.621721,263,4093.365618,-100.0,-0.029385706756661065,0
382.565418,1294,4106.232819,0.3033676605323571,0.3389665438366498,0
386.252909,1303,4109.113762,0.25026776731014255,0.4209330852890204,0
382.337945,1342,4121.946281,0.19676678305864334,0.23166388496553839,0
388.837209,1333,4124.875985,0.34682102037471435,0.4003761250811125,0
387.249443,1270,4137.897986,0.25825633937120435,0.3724645632622864,0
379.943203,1282,4151.133174,0.11565444493293764,0.2995584763027931,0
60.909326,234,4151.670727,-100.0,0.1384631105158993,0
285.511794,1028,4153.966744,-100.0,-0.4406228698640039,0
386.075631,1283,4166.826102,0.07465923561656293,0.4134359167982746,0
389.008323,1278,4179.577862,0.26595409218966953,0.40686131459386177,0
385.557313,1312,4182.487489,0.22531672340631484,0.33785117976324774,0
386.399404,1354,4195.355274,0.22562574815750117,0.3985939682018636,0
385.720066,1348,4209.510625,0.21376045761501974,0.3776172129232931,0
382.815239,1354,4212.585042,0.246060059050681,0.15599413024594472,0
388.492181,1333,4225.527962,0.1929714551568031,0.2424212027834431,0
386.421995,1344,4238.495193,0.3306630525490027,0.424189288137083,0
-13.537661,78,4238.692011,-100.0,-0.683498366142774,0
375.613901,1405,4241.790741,0.15425015954172794,0.3861775006755642,0
384.314814,1425,4255.099816,0.15083998290699632,0.1439608344922027,0
279.82567,1076,4257.558443,-100.0,-0.18868943495302934,0
385.924765,1407,4270.779619,0.225669395301491,0.17112541352762145,0
385.685893,1430,4284.058347,0.269814183473587,0.39018351697721465,0
380.440271,1457,4297.344421,0.12228606851398946,0.27179752537442725,0
376.77454,1526,4300.719315,0.23374793345230907,0.20824330943280514,0
376.077838,1436,4313.688546,0.13670131781231612,0.21886445539759625,0
377.641567,1434,4326.772531,0.38468751908343934,0.35965509104694776,0
373.394347,1391,4329.84238,0.18420456894236895,0.3696105935878464,0
368.506121,1435,4342.941152,0.3586533272266388,0.3149299134079227,0
368.280074,1439,4356.380537,0.41843142926192467,0.35998621003073167,0
166.331306,808,4358.150916,-100.0,-0.7687786432979755,0
357.843316,1523,4371.457635,0.17698313438892366,0.32208775591527217,0
362.374419,1546,4384.902245,0.1625428591966629,0.3235956894516506,0
360.15682,1484,4388.21832,0.1780951173107019,0.3324968871092777,0
368.100753,1471,4401.542563,0.22754107482481092,0.18309240521428286,0
369.720688,1497,4421.068584,0.30686268893873875,0.29781239117305935,0
-13.589572,60,4421.304834,-100.0,-0.8526834776408986,0
355.962555,1515,4447.152668,0.13162163511908237,0.15290284187928685,0
353.004053,1534,4453.089692,0.21741665822267534,0.12505591227227406,0
358.112307,1547,4474.195767,0.14319100646179822,0.32126121917709743,0
-19.655198,228,4475.005548,-100.0,-0.8540150544922687,0
351.03057,1528,4495.777886,0.2020754822691092,0.3269879033334048,0
-15.68489,62,4496.00818,-100.0,-0.8216409449053006,0
350.415499,1564,4516.421116,0.4854251785738151,0.3668379803688497,0
362.758691,1506,4537.275597,0.16732356047630312,0.19095981200304313,0
352.879735,1484,4542.531702,0.24638402665656717,0.1978344670168447,0
363.74362,1519,4563.41935,0.24656368638080262,0.21135339998367794,0
362.468449,1480,4584.928246,0.14571407369768805,0.20046591985100515,0
368.522806,1531,4590.326251,0.07006429868691975,0.25182309767131955,0
361.432223,1537,4611.083176,0.3553932056029448,0.20056289288780343,0
246.97001,1135,4631.888525,-100.0,-0.7935028315248988,0
371.764305,1439,4635.846233,-0.020727112233638767,0.3182932701417125,0
368.824455,1421,4651.243978,0.2709909144441476,0.15139672535178803,0
359.294575,1450,4667.373475,0.2834782104095202,0.4019881630385344,0
366.294209,1420,4688.658567,0.2937430879076132,0.4260221326735424,0
368.675073,1384,4692.882629,0.1475228569110045,0.31208715292878264,0
