#{"t_start": 1783211109.741399, "env_id": "LunarLander-v3"}
r,l,t,original_env_reward,generated_reward,reward_error_count
-2.826994,87,1.451537,-100.0,-0.033955922117795405,0
4.728027,73,1.550549,-100.0,0.03425121550274508,0
4.52114,72,1.647936,-100.0,0.03660636435499384,0
3.440429,66,1.735144,-100.0,0.03402193059043754,0
4.746276,63,1.821198,-100.0,-0.016318453133220563,0
4.528584,67,1.909034,-100.0,0.5722839599658757,0
0.460091,123,2.099708,-100.0,-0.06983687820716561,0
0.012424,109,2.248051,-100.0,-0.05465757959767802,0
3.402028,118,2.40791,-100.0,-0.014356995439069709,0
2.864601,66,2.501708,-100.0,0.12859594406634098,0
2.870144,60,2.583109,-100.0,0.030994751111628874,0
-0.858712,131,3.854982,-100.0,-0.11320358860983791,0
2.421857,96,3.983863,-100.0,-0.06516354934525062,0
-1.228516,91,4.107682,-100.0,-0.1306307717488633,0
4.39016,76,4.205582,-100.0,0.044005778502728715,0
0.374777,130,4.385348,-100.0,-0.01918952103442876,0
-1.437136,99,4.533206,-100.0,-0.04908780837269124,0
-0.539832,104,4.683667,-100.0,-0.051244471468042646,0
2.514865,64,4.775896,-100.0,0.009107433272146637,0
3.005675,59,4.863401,-100.0,0.030880033553672456,0
3.805626,62,4.959795,-100.0,0.02730196716536653,0
3.164339,63,5.052159,-100.0,-0.11904450624331833,0
5.522003,120,5.231912,-100.0,0.6928845230036994,0
4.079274,90,6.486702,-100.0,0.030921216933773255,0
2.566803,56,6.570643,-100.0,-0.07325501227364885,0
-0.236664,115,6.743952,-100.0,0.051249938385230516,0
-0.234087,106,6.911471,-100.0,-0.027670992261185336,0
2.24263,111,7.080605,-100.0,-0.09080528376558115,0
4.520026,75,7.203968,-100.0,-0.04990814656284005,0
4.89632,74,7.310574,-100.0,0.00659904180131983,0
1.318462,72,7.413026,-100.0,-0.0756798026886896,0
2.779928,93,7.552083,-100.0,-0.04181576370599976,0
-0.288047,95,7.698908,-100.0,-0.04190761072139923,0
2.940946,113,7.869256,-100.0,-0.10097195673570156,0
2.848566,67,7.972683,-100.0,0.037578897630752756,0
3.747631,101,9.245154,-100.0,-0.011846796119323925,0
4.294235,80,9.361546,-100.0,-0.03914013653485038,0
1.579316,99,9.518346,-100.0,0.01376702354373552,0
1.987068,81,9.637498,-100.0,-0.02135827189000132,0
2.025981,64,9.732626,-100.0,0.016587954366370353,0
4.212821,112,9.902904,-100.0,-0.03548032388025093,0
3.423867,61,9.9952,-100.0,-0.06494704847184798,0
-0.354773,115,10.172884,-100.0,-0.14239790562935584,0
1.389686,103,10.333733,-100.0,-0.05637636114590734,0
3.521663,90,10.478947,-100.0,0.14997669424649018,0
0.435089,115,10.650165,-100.0,-0.03437708662841728,0
3.077256,68,11.864762,-100.0,0.009539297823601314,0
4.338188,77,11.982774,-100.0,-0.016646349340495137,0
4.324776,61,12.081266,-100.0,-0.048271859821046106,0
3.13623,96,12.235036,-100.0,0.103685630918311,0
2.471874,84,12.366726,-100.0,-0.06724135416207386,0
2.072379,77,12.479743,-100.0,-0.055746947025476966,0
4.125967,66,12.5806,-100.0,-0.07477853772181293,0
2.076999,93,12.725608,-100.0,-0.06420259483000484,0
2.775808,62,12.815507,-100.0,-0.08363806113241426,0
3.166651,110,12.993236,-100.0,0.4134384764376158,0
3.9633,100,13.141686,-100.0,0.4826461897242123,0
3.48346,77,13.259742,-100.0,-0.06002040090121426,0
1.818376,100,14.53549,-100.0,-0.0781989118668431,0
4.206138,80,14.666892,-100.0,-0.08084270349417795,0
3.831196,64,14.766841,-100.0,-0.0627299433764192,0
3.608662,76,14.883486,-100.0,-0.048211735100196045,0
3.03394,61,14.974411,-100.0,0.12264447005719252,0
3.125957,60,15.067338,-100.0,-0.05114069188177019,0
2.640965,99,15.213979,-100.0,0.011123693991220339,0
4.429983,57,15.30234,-100.0,-0.0018006518240979777,0
2.482174,64,15.400942,-100.0,-0.02939181453392125,0
4.583592,72,15.509007,-100.0,-0.05896585603458315,0
2.587936,78,15.62741,-100.0,-0.03283896735015344,0
4.561192,103,15.788452,-100.0,-0.03988169920146298,0
5.410974,55,15.867643,-100.0,0.7081078759976733,0
3.75613,67,15.973162,-100.0,-0.03160440629786859,0
2.374503,85,17.253762,-100.0,-0.08893163093076101,0
4.412767,74,17.363539,-100.0,-0.03153972740425135,0
4.136889,56,17.456407,-100.0,-0.01647281274657037,0
4.401568,60,17.544788,-100.0,-0.0319336944354682,0
2.173438,72,17.665235,-100.0,-0.1421777049497816,0
1.774861,87,17.800062,-100.0,-0.034928945609889635,0
5.132528,65,17.897965,-100.0,0.7124538085046795,0
2.373808,83,18.025763,-100.0,-0.058066336693061105,0
3.369955,74,18.14028,-100.0,-0.016568242568911498,0
2.728513,84,18.265534,-100.0,-0.0509163866973584,0
4.040002,62,18.358579,-100.0,-0.029326558790747092,0
5.644463,69,18.467051,-100.0,0.6911560332767359,0
3.236127,78,18.587493,-100.0,-0.03117543227342224,0
4.518096,65,18.697418,-100.0,-0.009747544365148172,0
2.934045,63,19.997927,-100.0,-0.032780745977535386,0
2.791824,89,20.130736,-100.0,-0.021629607892032342,0
4.470679,92,20.272803,-100.0,-0.002014420957711708,0
3.747435,91,20.414981,-100.0,-0.05820896541514266,0
2.646848,97,20.569448,-100.0,-0.012007936945339859,0
2.710196,62,20.672111,-100.0,-0.06291802562432555,0
1.947218,81,20.819136,-100.0,-0.0146525183060068,0
3.167213,56,20.902222,-100.0,-0.04309904232120508,0
2.791624,84,21.034623,-100.0,-0.0679060048446411,0
4.815064,92,21.172329,-100.0,0.40973487219286864,0
2.482419,82,21.295216,-100.0,-0.03793263952347279,0
2.556108,71,21.405066,-100.0,-0.03686547319493481,0
2.264924,112,21.587783,-100.0,0.08753411696552918,0
4.61414,93,22.868921,-100.0,-0.020349966416637277,0
4.86132,96,23.018583,-100.0,-0.0466210978075778,0
2.525941,72,23.135575,-100.0,-0.027087558367815512,0
1.837598,79,23.265264,-100.0,-0.04932629984422224,0
3.013741,91,23.403087,-100.0,-0.026096609624522173,0
4.516731,69,23.515498,-100.0,0.036277128911746975,0
3.230376,84,23.646843,-100.0,-0.011110495213202239,0
2.012778,82,23.780946,-100.0,-0.049008688743975626,0
1.675013,87,23.91498,-100.0,-0.04910162494966057,0
2.362811,80,24.042289,-100.0,-0.021471752503843297,0
3.625561,60,24.138013,-100.0,-0.04899812537551512,0
3.826768,79,24.25756,-100.0,-0.016017193628827378,0
2.900374,79,25.568524,-100.0,-0.016863086474268086,0
4.847986,100,25.722657,-100.0,0.3642670259311502,0
3.077863,61,25.815388,-100.0,-0.05918654731504571,0
4.24999,64,25.918061,-100.0,0.25891849147277485,0
4.266763,61,26.009075,-100.0,0.014851062411676497,0
4.228646,91,26.149093,-100.0,0.013136737048871708,0
3.202651,76,26.266468,-100.0,0.006940535121314203,0
2.812487,95,26.415021,-100.0,-0.02181752477989394,0
3.447144,81,26.551537,-100.0,-0.03467605729972361,0
5.060656,71,26.662286,-100.0,0.19028212822225066,0
3.800998,66,26.771344,-100.0,0.0004388455781105874,0
3.819087,91,26.915978,-100.0,-0.0070905117650222615,0
4.43264,71,27.031905,-100.0,-0.016413412221529394,0
4.446064,83,28.645547,-100.0,0.04706700335813637,0
3.816107,73,28.81464,-100.0,0.02966664208265947,0
3.947715,90,28.962351,-100.0,-0.030854578749431066,0
4.004016,99,29.113472,-100.0,0.015796651652670246,0
3.322359,93,29.287617,-100.0,-0.012952362544301627,0
2.650735,106,29.462564,-100.0,-0.03677345575837694,0
3.671352,105,29.63162,-100.0,0.06918073139627003,0
5.589304,88,29.792637,-100.0,0.7094237497244936,0
2.370248,102,29.99726,-100.0,0.0008441371103739409,0
3.846987,90,30.141124,-100.0,0.05705742001120734,0
4.36982,118,30.34866,-100.0,0.03999323686356422,0
2.741056,112,31.680339,-100.0,0.0776540284395681,0
5.322791,103,31.841798,-100.0,0.6004881777509263,0
3.203239,95,31.998129,-100.0,-0.014513361422342996,0
5.035701,96,32.148834,-100.0,0.48634265136970123,0
2.839352,88,32.294071,-100.0,-0.019847822228305056,0
2.659075,98,32.452899,-100.0,0.014827727234742835,0
2.781174,78,32.575239,-100.0,-0.024553369310625257,0
4.606787,74,32.706113,-100.0,0.05181357935539327,0
4.031618,88,32.851528,-100.0,-0.005001913759922441,0
5.548778,70,32.966388,-100.0,0.7323362622653191,0
5.790673,82,33.094916,-100.0,0.7181144699236843,0
4.520466,72,33.211004,-100.0,-0.05544655922288721,0
3.204928,71,34.485158,-100.0,-0.023937794762195833,0
4.781389,81,34.621342,-100.0,0.10895535643766874,0
2.88696,79,34.742066,-100.0,-0.04079920897153923,0
2.881206,78,34.86207,-100.0,0.007353630083511371,0
3.493384,114,35.043423,-100.0,-0.07369037783190271,0
3.738055,85,35.178679,-100.0,-0.0354661510668736,0
4.690063,65,35.287575,-100.0,0.04379629254383188,0
4.564414,82,35.425175,-100.0,0.10125302446176401,0
2.961908,60,35.523075,-100.0,-0.018169217413641272,0
4.694597,74,35.640614,-100.0,0.21664814722871414,0
3.973311,103,35.823327,-100.0,-0.07286686911442182,0
3.989762,116,36.018041,-100.0,-0.003661875867138245,0
5.269627,71,37.30112,-100.0,0.6769082577442023,0
4.123527,84,37.429789,-100.0,-0.0128126078423354,0
3.200233,55,37.524778,-100.0,-0.014287930486042742,0
2.975013,117,37.713443,-100.0,-0.057725650687072534,0
2.587062,73,37.829734,-100.0,-0.02529977423587643,0
3.080711,82,37.957414,-100.0,0.03336657811037917,0
4.684294,135,38.173654,-100.0,0.049561137652434875,0
2.309451,71,38.291896,-100.0,-0.05662205880782445,0
3.920385,115,38.480087,-100.0,0.005700900435421125,0
3.608328,113,38.662631,-100.0,-0.03335184756304119,0
3.65017,129,38.882372,-100.0,-0.0062756647065429425,0
4.637018,94,40.197671,-100.0,0.32859003071437387,0
4.042986,106,40.369134,-100.0,0.019039983261895294,0
4.852432,96,40.521991,-100.0,0.030155038460872995,0
5.271068,103,40.68175,-100.0,0.15788532885719397,0
4.617986,109,40.861046,-100.0,0.4192070088147231,0
4.816411,86,40.994324,-100.0,0.6677999685222608,0
3.491914,83,41.134096,-100.0,-0.007574105820721148,0
6.017974,107,41.302284,-100.0,0.7310821589208025,0
5.34822,126,41.497,-100.0,0.06184573151743644,0
3.853567,78,41.635594,-100.0,-0.03713751603948021,0
3.162753,73,42.923655,-100.0,-0.018683707759795137,0
5.29449,113,43.097652,-100.0,0.6534173912463236,0
5.930646,91,43.235848,-100.0,0.7009987735194251,0
3.27238,66,43.341497,-100.0,-0.02428992663287151,0
4.529531,94,43.499141,-100.0,0.05479325379522072,0
5.130872,96,43.654283,-100.0,0.5651277963462603,0
4.184271,105,43.831389,-100.0,0.46009862959347453,0
4.844749,90,43.97556,-100.0,0.11629360824635591,0
4.336994,122,44.167492,-100.0,0.00125380282209335,0
4.123629,90,44.309942,-100.0,-0.01742405527230304,0
4.762479,106,44.485764,-100.0,0.25239101046033785,0
4.149109,75,45.789167,-100.0,0.020251286791542644,0
5.273246,145,46.022069,-100.0,0.03551507166284598,0
3.935806,106,46.197039,-100.0,-0.010327058372745765,0
6.511009,135,46.418045,-100.0,0.7372399984529162,0
2.413291,110,46.586606,-100.0,-0.01769761412316001,0
4.111816,71,46.704827,-100.0,-0.035064647898314746,0
4.303553,93,46.849899,-100.0,0.709885538863683,0
4.436127,93,47.003194,-100.0,0.07096739376577646,0
1.996618,105,47.193629,-100.0,-0.05229853775075369,0
4.319112,81,47.326347,-100.0,0.13228419041339065,0
2.805176,149,48.730961,-100.0,-0.02029511438883204,0
5.615538,109,48.922308,-100.0,0.2266247554745328,0
3.599781,116,49.102507,-100.0,0.32095088519386555,0
4.097531,95,49.242347,-100.0,0.048360685233809625,0
4.967228,157,49.499606,-100.0,0.022688631646457236,0
3.385678,100,49.658609,-100.0,0.11786863807259833,0
5.057832,111,49.837635,-100.0,0.20446693128987492,0
3.527208,79,49.967316,-100.0,0.004330094595393338,0
3.878373,108,50.131762,-100.0,0.06887700708930078,0
3.237413,109,51.531798,-100.0,0.08427922017481408,0
4.238041,79,51.664408,-100.0,0.048898103777091,0
2.910536,100,51.8193,-100.0,0.00083062643129235,0
2.523024,147,52.059924,-100.0,-0.06686888975255365,0
3.67429,114,52.235185,-100.0,-0.048861914746226795,0
4.574662,79,52.351747,-100.0,0.2113863952926187,0
5.244354,110,52.533202,-100.0,0.2514692681850587,0
4.607408,115,52.71265,-100.0,0.43652499316811855,0
5.241022,116,52.894669,-100.0,0.20028771433973047,0
4.005347,87,53.036608,-100.0,0.023572486896868083,0
4.391338,110,54.369817,-100.0,0.0060244379537430365,0
6.911648,104,54.53776,-100.0,0.729093926481999,0
3.143918,93,54.679731,-100.0,-0.004606338118122364,0
5.805098,93,54.822621,-100.0,0.4097748684779898,0
4.368278,140,55.048758,-100.0,0.03663431372880582,0
3.714314,114,55.228969,-100.0,0.15059109497665854,0
3.978874,95,55.378793,-100.0,-0.051743153774020646,0
136.289836,878,57.952812,100.0,0.26762873461478115,0
3.35015,91,58.094655,-100.0,-0.030875383492664832,0
7.941334,143,58.327416,-100.0,0.5077316912604953,0
4.247236,106,58.491374,-100.0,0.18599980875488875,0
5.545405,106,59.796114,-100.0,0.31690907603762863,0
5.197045,123,59.989558,-100.0,0.18530397159189171,0
3.879175,101,60.158602,-100.0,0.14655686881139057,0
6.578993,142,60.386232,-100.0,0.3764628459871793,0
5.699203,161,60.639436,-100.0,0.20053968157176155,0
4.056862,76,60.754017,-100.0,-0.03382836046956891,0
4.132288,128,60.958013,-100.0,0.016501238611698096,0
6.697413,132,61.16328,-100.0,0.4852862390214423,0
6.593069,142,61.381685,-100.0,0.6941183648661916,0
7.826609,178,62.788687,-100.0,0.42468958325877765,0
4.54833,99,62.95281,-100.0,0.3919854939255524,0
2.193596,190,63.240655,-100.0,-0.05093813736215686,0
3.798275,115,63.417178,-100.0,0.0888463750971761,0
3.179614,132,63.623847,-100.0,0.18374681147257887,0
4.702012,137,63.832585,-100.0,0.11416331575202332,0
7.752711,142,64.047452,-100.0,0.5379859860203203,0
7.272968,215,65.542471,-100.0,0.6045866868279385,0
3.578146,102,65.695954,-100.0,0.020107757432536746,0
3.331753,95,65.845148,-100.0,-0.011070136686981936,0
9.939371,162,66.114398,-100.0,0.5174878642992435,0
5.940965,171,66.381597,-100.0,0.5674039219177242,0
3.445722,92,66.535056,-100.0,0.059461990890508416,0
4.259845,166,66.783901,-100.0,0.20623705512058005,0
2.945713,143,68.165174,-100.0,0.045827605269526527,0
3.997298,173,68.4378,-100.0,0.03928919532637607,0
3.850273,120,68.625061,-100.0,0.0019467113884105575,0
321.180226,1000,71.380511,-0.7119395380668394,0.025807370752488217,0
3.59637,127,71.585166,-100.0,-0.03939037708403652,0
4.290836,118,71.76201,-100.0,0.28321686444965255,0
3.430463,108,71.929347,-100.0,0.2901195025760507,0
4.194147,125,72.122841,-100.0,0.2182594313467519,0
6.563544,155,72.379768,-100.0,0.4569539016314284,0
9.824023,149,73.761309,-100.0,0.6024032250323621,0
2.504918,123,73.954926,-100.0,0.02016030579826831,0
3.473839,135,74.178256,-100.0,-0.04297749220142077,0
7.649936,179,74.476077,-100.0,0.7303250909756231,0
5.510175,135,74.698117,-100.0,0.2630347458776107,0
3.55026,129,74.921368,-100.0,-0.06473269074654017,0
7.898337,140,75.144563,-100.0,0.5527162796662796,0
3.954571,107,76.482451,-100.0,0.1685323115178501,0
4.147172,97,76.631601,-100.0,0.2948881015003463,0
3.550638,87,76.769364,-100.0,-0.001446852391865889,0
4.567058,168,77.038651,-100.0,0.47742291874968784,0
3.345828,100,77.200673,-100.0,0.01701790832246349,0
6.881776,146,77.436549,-100.0,0.6733714887182658,0
136.689115,871,80.012094,-100.0,-0.032845815089303704,0
3.594941,130,80.20775,-100.0,-0.03192698004840167,0
7.071442,166,80.473675,-100.0,0.5011780061936442,0
9.968732,167,80.745959,-100.0,0.5191352545544319,0
3.586665,170,82.162714,-100.0,0.03297907873089341,0
3.382778,91,82.302321,-100.0,-0.006398728020685413,0
3.056823,73,82.421892,-100.0,-0.05552398381220014,0
366.968899,1000,85.304647,-18.863287659896912,0.030792059719054368,0
4.376011,147,85.539725,-100.0,0.5265183420750824,0
6.619563,144,85.776253,-100.0,0.458277608474803,0
7.099033,148,86.02248,-100.0,0.7191178569826348,0
6.00367,140,86.232305,-100.0,0.22459641661620394,0
7.768367,127,86.437214,-100.0,0.7553758890710359,0
5.017158,170,87.853942,-100.0,0.3047781991995897,0
2.999608,98,88.019378,-100.0,-0.01092365799224157,0
4.570486,95,88.178497,-100.0,0.41847166436574557,0
4.653184,129,88.385329,-100.0,0.2108893319198115,0
7.254384,122,88.579525,-100.0,0.5084191654798903,0
254.80528,1000,91.344019,0.003947277231064278,0.12392537783106185,0
7.197887,161,91.605649,-100.0,0.4097238717635842,0
7.350788,178,91.892573,-100.0,0.6633532690056521,0
2.465978,113,92.083132,-100.0,-0.028145037503259432,0
8.392886,161,93.466745,-100.0,0.5322995809537164,0
4.647277,90,93.608057,-100.0,0.14802522453303868,0
5.497867,202,93.916588,-100.0,0.737090901126072,0
5.944663,192,94.221584,-100.0,0.31578935016195936,0
4.371561,105,94.391919,-100.0,0.1956790363718301,0
423.400128,1000,97.145792,-10.378582092794302,0.033994614298711916,0
4.639153,166,97.398217,-100.0,0.46795906554955724,0
4.794786,138,97.612394,-100.0,0.27152914919382776,0
5.783143,160,99.029408,-100.0,0.33180473024092083,0
3.497235,104,99.185923,-100.0,0.03463374336812917,0
3.36059,97,99.345112,-100.0,-0.018620924753638843,0
4.085174,105,99.512568,-100.0,0.16104994533615952,0
6.248393,158,99.748373,-100.0,0.32787316333394734,0
7.103271,138,99.960599,-100.0,0.4770682272590091,0
7.712768,153,100.199354,-100.0,0.5389932982593433,0
393.314688,1000,102.912714,1.5477021307387417,0.6509356595877696,0
3.568853,102,103.067284,-100.0,0.2513371043028849,0
4.151508,105,104.334312,-100.0,0.3076140608347567,0
3.366356,121,104.525607,-100.0,-0.060581092572161245,0
4.256999,102,104.678421,-100.0,0.28234703380047993,0
5.881698,200,104.982858,-100.0,0.22732012129899226,0
6.276606,149,105.215328,-100.0,0.6198122048526905,0
4.359869,116,105.408392,-100.0,0.40809916871574553,0
3.031035,181,105.691388,-100.0,0.07582281548398201,0
5.817191,135,105.896518,-100.0,0.4668803222319694,0
6.257193,136,107.28727,-100.0,0.42453516599860325,0
319.316756,1000,110.063658,-0.044791957725321935,0.3409467503866046,0
4.19166,134,110.272186,-100.0,0.050738204463137995,0
6.379611,195,110.614137,-100.0,0.18895664682357532,0
9.690801,163,110.869187,-100.0,0.4764576303992328,0
6.219224,134,111.075212,-100.0,0.44466815683788596,0
4.113128,103,111.240563,-100.0,0.2237772222506333,0
4.061361,101,111.40317,-100.0,0.34429364632720133,0
3.773342,119,112.74522,-100.0,0.09205117807615193,0
3.598659,175,113.010034,-100.0,-0.01194525312074373,0
7.275207,211,113.348546,-100.0,0.40013022736799664,0
2.39243,189,113.635606,-100.0,0.12867186236207512,0
340.227431,1000,116.355797,-0.031104782945645865,0.5822351867738232,0
4.762958,130,116.555688,-100.0,0.42163283249576955,0
3.905588,122,116.747242,-100.0,0.10694224237931738,0
5.072834,158,116.990258,-100.0,0.19664457317910744,0
2.250195,186,118.439808,-100.0,-0.04868299341606742,0
4.261578,174,118.716468,-100.0,0.03652371348254674,0
9.283377,219,119.0635,-100.0,0.5607166548315707,0
3.536827,167,119.313964,-100.0,0.023750857637947403,0
3.781828,164,119.572003,-100.0,0.012292445045429964,0
4.307738,166,120.966378,-100.0,0.0509450704352364,0
362.117761,1000,122.534383,-1.7844642849481531,0.36671708851815077,0
369.895341,1000,125.236816,0.10456266048516596,0.7096826072090351,0
4.004919,110,126.568873,-100.0,0.24426319945589992,0
4.590424,159,126.815996,-100.0,0.16844451513680075,0
412.302764,1000,129.542882,-9.805514711808083,0.03527572510833768,0
3.61384,194,129.835154,-100.0,0.1277467097172208,0
4.944107,170,130.089522,-100.0,0.13805125328640505,0
3.277101,97,130.240045,-100.0,0.015350657194011762,0
5.763687,172,130.516355,-100.0,0.5360475606157526,0
7.55691,161,130.763263,-100.0,0.48605679113330835,0
3.55241,127,132.091786,-100.0,0.21267715037680227,0
3.97165,105,132.264359,-100.0,0.11559333383860625,0
7.804718,152,132.505437,-100.0,0.689345211450947,0
7.169472,203,132.827055,-100.0,0.3817911319184595,0
5.989681,137,133.035836,-100.0,0.5696648726877156,0
4.058652,177,133.311067,-100.0,0.16671711166995778,0
3.795715,120,133.499209,-100.0,0.08792797689772305,0
4.659105,164,134.90649,-100.0,0.4373476605703047,0
164.36546,1000,137.628854,-0.032033479479706556,0.4470100543396464,0
5.129168,213,137.954901,-100.0,0.13015260284560193,0
5.361721,199,138.246581,-100.0,0.04400584495440244,0
4.911334,156,138.493532,-100.0,0.5283337600912327,0
3.807622,225,138.846959,-100.0,0.47542710678297584,0
7.006762,124,140.199563,-100.0,0.2609477926540916,0
244.314542,1000,141.749921,0.23744384365673527,0.03145708732566346,0
8.314276,256,143.298487,-100.0,0.451938223400923,0
376.430794,1000,146.000601,-18.072796958167743,0.03656602206060236,0
318.509186,1000,148.766504,-0.01635213990439041,0.47274430014062574,0
427.973822,1000,151.50846,0.05040303717929476,0.7412909267570247,0
2.735339,168,151.77506,-100.0,-0.023617174515619208,0
5.591457,195,152.076499,-100.0,0.5263040201112649,0
3.876463,152,152.312002,-100.0,0.23890050765261853,0
344.052417,755,154.663527,100.0,0.7544608415254475,0
8.280409,322,155.171865,-100.0,-0.016819258893179045,0
5.105879,180,155.45495,-100.0,0.005756909573499823,0
4.083895,138,156.824788,-100.0,0.4027522571227475,0
4.930636,164,157.107699,-100.0,0.4329582636765786,0
74.283555,595,158.044145,100.0,0.21144285981636707,0
10.304728,191,158.363849,-100.0,0.45491171748157033,0
1.926822,208,159.837762,-100.0,-0.028625517298500203,0
196.484382,1000,162.593209,-1.3734197695425496,0.020792978781474823,0
4.276733,156,162.842156,-100.0,0.3836807415463026,0
308.814466,1000,165.61654,-0.7947722814097375,0.21472148671810895,0
12.948015,299,166.097275,-100.0,0.5215521427628118,0
5.828142,189,166.401771,-100.0,0.30074327852312494,0
489.874505,1000,169.183284,-2.7829108374210554,0.7476737233043188,0
4.62755,182,169.489863,-100.0,0.03267561670848414,0
341.48339,1000,172.289665,-8.479170046730772,0.34044629055866865,0
457.997305,1000,175.050799,0.5558200893423724,0.7566089358873324,0
398.981505,1000,177.82317,-0.14272040950065268,0.37412689584968384,0
3.487942,198,179.319134,-100.0,0.09762547212294055,0
6.151839,212,179.659503,-100.0,0.44357118536608237,0
4.660888,257,180.076077,-100.0,0.020798897265963956,0
322.365542,1000,182.772805,0.1804398948130708,0.5715273151688252,0
186.614029,1000,185.482905,0.31584029518731427,0.47675782654930854,0
2.547232,352,186.016159,-100.0,0.031836708186784704,0
6.00538,217,186.354269,-100.0,0.29358927785186717,0
59.871975,706,188.58772,-100.0,-0.028776338436784055,0
43.932851,490,190.474568,-100.0,0.3142641273595299,0
5.9219,393,191.099339,-100.0,0.22272525418882322,0
530.61518,1000,193.817354,-0.2263525063087026,0.7781928323406593,0
521.723014,1000,196.512882,1.1365286964453987,0.7609723865313868,0
303.261084,1000,199.216596,-7.873953674400461,0.028259306442765086,0
496.00827,1000,202.009633,0.45940778978778596,0.7101960403936035,0
447.368356,1000,204.739289,-0.49037425184345795,0.7431854514080009,0
10.133836,290,205.204531,-100.0,0.18612277847010378,0
440.489071,1000,207.950485,0.44283792369053754,0.7873677939398678,0
362.480928,1000,210.733192,0.5276440416249439,0.7507695127625912,0
301.715937,1000,213.526547,0.08455481001716691,0.6114433423833391,0
250.668193,1000,216.255802,-0.04517135732274255,0.4417627243154373,0
492.025526,1000,219.06652,10.785649435759305,0.7454906656726751,0
3.881155,105,219.234324,-100.0,0.06007564054894156,0
611.022409,1000,222.075994,-0.15778462681861669,0.7730742771436329,0
638.289779,1000,224.805645,-0.47343919938597057,0.7875848191443243,0
386.371485,1000,227.548699,0.9244177314555735,0.6730541350277592,0
372.221197,1000,230.256372,-0.1433734223550178,0.5909188420146857,0
10.197003,297,230.770279,-100.0,0.23640374029353334,0
332.289989,1000,233.52057,1.320336927805067,0.6869633233759423,0
1.697877,269,235.10921,-100.0,0.054940894322339374,0
11.717816,352,235.662494,-100.0,0.23648436772729228,0
19.210065,1000,238.377234,1.265892890266117,0.01909742803026692,0
16.366532,372,238.941833,-100.0,0.10323158344388038,0
239.087254,1000,241.656845,-0.1045755153799088,0.6851074974855182,0
538.692251,1000,244.413965,-0.24893393605710365,0.7289028308392245,0
569.409708,1000,247.14243,0.19307463843400896,0.7920314803146252,0
593.065548,1000,249.861363,-0.2290828945121148,0.7671905775218193,0
186.892856,1000,252.597009,-0.3331570527886629,0.40634287889498377,0
12.562233,302,253.066564,-100.0,0.39874457282941855,0
626.01367,1000,255.790642,0.012782088267851321,0.7785061099498971,0
8.372901,171,257.203656,-100.0,0.45299682362910354,0
6.092973,239,257.585873,-100.0,0.031126196651630113,0
256.98396,1000,260.31409,-0.14252362620699444,0.18377484778670927,0
279.592083,1000,263.005184,-0.2803988266833659,0.4222126648658919,0
502.955723,1000,265.694043,-0.02042388304343845,0.6750024953548456,0
8.758977,224,266.033993,-100.0,0.26891226983593325,0
529.166643,1000,268.749881,-0.06980320859392641,0.7644065136939203,0
591.110491,1000,271.516426,-0.5373970380189401,0.7512050034193523,0
438.751073,1000,274.231197,0.008434141832715625,0.574950721540363,0
205.76211,1000,277.074737,0.04527697030587888,0.4001909112885423,0
587.194261,1000,279.884308,-0.514447775264389,0.7586389070752312,0
9.973756,169,280.15196,-100.0,0.423493982102407,0
524.156651,1000,282.943263,0.07883563848962893,0.6725873555060646,0
444.905774,1000,285.736693,0.08009954874015904,0.5090212776567558,0
6.738466,169,286.006012,-100.0,0.34884263360891826,0
500.430909,1000,288.779665,0.2463594376654754,0.6840768016372466,0
546.028194,1000,291.703344,-0.49984531687827594,0.7593927396886594,0
16.300441,762,294.100924,100.0,-0.005031059643569665,0
57.600066,531,294.975043,100.0,0.18183678344542661,0
406.988664,1000,297.730356,-0.045274326350369876,0.629908450025692,0
606.388619,1000,300.515623,-0.22563183939357032,0.7635747411128553,0
230.692975,1000,303.282714,0.4264845847457792,0.31328649937166797,0
473.477221,1000,306.031173,0.2695878951635642,0.6235789733881585,0
366.399874,1000,308.794264,-0.000767031426111231,0.7093757503688023,0
430.962382,1000,311.587575,0.3468484672000933,0.6228679703319816,0
480.769545,1000,314.315438,1.6026764082212903,0.7501288261285437,0
467.736137,1000,317.091916,0.17778561388058137,0.6823326744679207,0
5.366089,185,317.390201,-100.0,0.12553980976976786,0
4.441412,218,318.942902,-100.0,0.011859194788447908,0
287.457456,1000,321.7841,-0.04202420809048846,0.38434682858707603,0
424.990673,1000,324.584984,0.7095401808038428,0.7467454702329994,0
615.058534,1000,327.363786,0.01707024419113523,0.7695134432998618,0
12.528975,222,327.710357,-100.0,0.46384878607244506,0
9.053113,223,328.058563,-100.0,0.39832087308993164,0
628.104334,1000,330.81745,0.5603936093519266,0.7899519239331096,0
533.794769,1000,333.575133,0.019611129699587337,0.6687764345001552,0
527.725225,1000,336.2914,0.3568936478369409,0.6809818630504918,0
636.222264,1000,339.032847,0.09878839451865673,0.7858858547134889,0
5.835648,157,339.290201,-100.0,0.4352865846654174,0
615.343364,1000,342.088884,0.16726163338418523,0.7534936197014251,0
660.717496,1000,344.838712,-0.34095206242526355,0.7657545184362272,0
636.399614,1000,347.595353,-0.5852197465788851,0.7810659207203805,0
548.771294,1000,350.383841,0.07616105577964838,0.7605898631575854,0
377.533908,1000,353.128965,-0.2958227528459918,0.4640884007191218,0
637.632517,1000,355.834587,-0.3527262518956771,0.7857849208635291,0
627.310786,1000,358.553055,0.6210615583191512,0.7805148123163281,0
7.911653,155,358.80911,-100.0,0.20126261948463245,0
634.590946,1000,361.539881,-0.5579107148074989,0.7448316225860206,0
675.136104,1000,364.275871,0.051878455399378964,0.7817091557514637,0
577.166067,1000,367.010979,0.023425922503172103,0.7573374031523852,0
7.63538,137,367.226958,-100.0,0.3309088685826295,0
661.016772,1000,369.97488,-0.3192638067743896,0.7888466538085163,0
9.143102,169,370.255383,-100.0,0.35263466206295835,0
6.052043,150,370.489259,-100.0,0.34035008462395866,0
664.044375,1000,373.176015,-0.004263888720258818,0.7944032279749234,0
547.826182,1000,375.853214,0.05046468523434314,0.6263701866459197,0
7.320374,144,376.07723,-100.0,0.19369820664718532,0
10.171528,176,377.485322,-100.0,0.43989080690039706,0
442.753357,1000,380.194027,0.009349028012487964,0.48806943554889914,0
613.471673,1000,382.918057,0.5051748902839766,0.7788638439097832,0
6.032173,137,383.132248,-100.0,0.10052558273276496,0
608.104334,1000,385.884627,-0.4764585347741519,0.7602735148723806,0
553.496378,1000,388.591364,-0.14436643651901335,0.6305451284150257,0
626.151104,1000,391.323995,-0.0751703370558161,0.7628538388625304,0
558.839023,1000,394.061605,-0.10949969420868655,0.6646716227110856,0
596.032765,1000,396.811188,-0.48786327846048994,0.7792381821155333,0
568.595541,1000,399.54407,-0.2424877975668511,0.7757381385361919,0
623.357224,1000,402.281848,-0.5025393686953616,0.7906374934674284,0
588.985098,1000,405.12274,0.06648494487460965,0.787359048291091,0
539.648683,1000,407.912247,-0.03600612048038343,0.7528540333479455,0
624.167698,1000,409.541965,-0.4685535339234075,0.7725032688402568,0
521.818596,1000,412.35754,-0.471585117482088,0.7498274369493729,0
612.470618,1000,415.136743,0.28873367499544145,0.766873605716343,0
603.578282,1000,417.897068,0.010372051650126224,0.7910489789326804,0
645.263955,1000,420.639571,0.1549952441078866,0.7606376148039435,0
10.250462,156,422.047603,-100.0,0.5688024026112689,0
587.051951,1000,424.86187,0.5578822696444483,0.7782106659671002,0
601.556297,1000,426.50429,-0.18402554886620123,0.7865490737637576,0
501.611702,1000,429.277765,0.3362802527177593,0.7473732423962306,0
14.549066,250,430.841859,100.0,0.12255262172736454,0
649.637174,1000,433.651142,-0.5936695745972276,0.7820894776481433,0
442.199195,1000,436.437737,-0.33687806661941866,0.7778116596947023,0
614.763271,1000,439.219665,0.06335705780801248,0.7714613681042103,0
609.48799,1000,442.014259,-0.27803544926603396,0.7796152050203352,0
597.303471,1000,444.78282,-0.40952393185401514,0.7804512431934207,0
606.750079,1000,447.568351,-0.43441433732450707,0.7900758203472404,0
582.229966,1000,450.345446,0.5649471644667816,0.7795537104017073,0
402.467232,1000,453.070479,-0.01615708887545253,0.6775829229783447,0
580.938987,1000,455.783113,-0.1980670458418021,0.7655478803354123,0
597.505168,1000,457.355791,0.5283535913368205,0.7740835749611522,0
465.76712,1000,460.066716,-0.31756844304299636,0.639227956004636,0
621.88087,1000,462.781513,0.5574350853591845,0.7811076363319159,0
577.613059,1000,465.478698,-0.18211785027895885,0.7769079142603544,0
605.104388,1000,468.198319,0.23657420794240025,0.7935330710491552,0
627.446864,1000,471.097937,-0.27014072243256065,0.03641176461660982,0
622.71045,1000,473.873558,0.26366528373644194,0.7661264698020918,0
608.547322,1000,476.614707,-0.3528802828454072,0.7710276237152255,0
10.785975,230,478.114264,-100.0,0.45208822400156123,0
10.197231,205,478.439087,-100.0,0.44304439339982865,0
442.597382,1000,481.134932,-0.5657994365894712,0.780736939970988,0
504.496883,1000,483.834581,0.5707379410036086,0.7659626370476901,0
534.477188,1000,486.587219,-0.18664416118867486,0.7610396983957916,0
646.372588,1000,489.307882,-0.28117573175074884,0.7894321916147264,0
635.502032,1000,491.967233,-0.668686305120169,0.7716032339438447,0
12.416545,181,492.252721,-100.0,0.4222460758284298,0
440.958599,1000,494.938282,0.1722708094888177,0.7488801913839275,0
576.447428,1000,497.614445,0.24215690936775225,0.37838894027536407,0
459.935985,1000,500.31923,-0.6829113634220885,0.7482283720887506,0
11.079825,223,500.675236,-100.0,0.46231248207721437,0
644.64654,1000,503.362402,0.5632582245172912,0.7843055984613417,0
597.700931,1000,506.035886,0.283607746056072,0.749390855780553,0
566.000966,1000,508.71116,0.36595176171188837,0.7662510608428059,0
597.307018,1000,511.417234,0.27412205886323093,0.781429786680028,0
615.566499,1000,514.122096,-0.41675437022272876,0.7893915889093803,0
610.885474,1000,516.827719,-0.07093044850599448,0.7779831628616035,0
547.845795,1000,519.630272,-0.0786019465448031,0.7612280900214403,0
592.210661,1000,522.577232,0.5416982560801351,0.7870917847656289,0
623.046043,1000,525.268273,0.9794396996693575,0.7862009315326424,0
619.106338,1000,527.99519,-0.03487734416584118,0.7898839499416653,0
620.305752,1000,530.762962,0.5641486637718032,0.7817154955036867,0
292.757459,1000,533.59343,-0.28552714425284864,0.3665528223037348,0
630.835398,1000,536.269154,-0.5269164877692585,0.767071405025356,0
196.211603,1000,538.965844,-1.5046290153540969,0.18814455607855238,0
631.886852,1000,541.711152,0.0996828532104577,0.7913312542523685,0
624.444549,1000,544.441042,-0.5989570551161936,0.772959648085493,0
594.090217,1000,547.155628,0.17564468465052066,0.7564370316404485,0
610.206932,1000,549.852846,0.3811448686081942,0.7613136230264119,0
10.57011,177,550.127657,-100.0,0.4507910686607111,0
654.58292,1000,552.810416,0.5675860197668214,0.7758089121934065,0
660.234914,1000,555.550408,0.18695806160832262,0.7912914386285637,0
10.035678,160,555.796381,-100.0,0.4660138307084279,0
651.424933,1000,558.502315,-0.016065067995391757,0.7909144116510377,0
11.124525,208,558.819123,-100.0,0.46645276671747865,0
658.730076,1000,561.536992,-0.09236493012680569,0.7913697620158335,0
647.998315,1000,564.233514,0.5702301010971098,0.7770789427139486,0
644.233109,1000,566.925863,0.031088470993765327,0.7824427730141416,0
645.233195,1000,569.63242,0.18900436981965577,0.7758196301173114,0
635.879444,1000,572.325261,-0.2831810089318878,0.7612693515922779,0
596.509638,1000,575.035658,-0.009155489239362352,0.7358054446749729,0
393.860745,1000,577.747593,-0.1058213502377707,0.7716638658897088,0
10.607571,198,578.054799,-100.0,0.501446713020076,0
636.589186,1000,580.782482,-0.2984174483137376,0.769162425348472,0
8.413564,187,581.0881,-100.0,0.35189531643926336,0
493.488253,1000,583.788259,-9.440646190315427,0.37881028805265515,0
642.27259,1000,586.462367,0.561101951257438,0.7763742403368395,0
558.391886,1000,589.228173,0.07112893375082166,0.7604289914605478,0
636.089821,1000,592.0372,-0.23334309771418013,0.7708755879537764,0
422.993571,1000,594.768999,0.17565829705309,0.7806122477595299,0
8.82225,165,595.026354,-100.0,0.22120285198400827,0
511.384454,1000,597.813165,-0.3544786461729845,0.6631159623779314,0
628.20518,1000,600.557118,-0.25259193337714936,0.7563131488744385,0
623.915064,1000,603.27911,-0.5076534415642449,0.7646136019756654,0
633.661292,1000,605.961875,-0.24057712064982148,0.3791303926335491,0
647.00892,1000,608.683528,0.248891612019315,0.7858614901234281,0
536.943141,1000,611.439764,-0.3561819216900932,0.7690522011987122,0
626.768871,1000,614.161762,0.5669350766504788,0.7737211553075002,0
6.665882,125,614.355054,-100.0,0.022694553500357963,0
9.226682,182,614.641214,-100.0,0.518409183635976,0
455.723659,1000,617.394587,-0.29179870917334294,0.7558207480165784,0
652.186733,1000,620.143137,-0.4239223836503274,0.7910250845033594,0
664.522303,1000,622.860077,-0.27892016056957547,0.7903157806564716,0
7.829138,169,623.124489,-100.0,0.3649236992710479,0
629.079839,1000,625.845576,0.1462367309594299,0.7953387226145269,0
492.695659,1000,628.569752,-0.25042771030237176,0.5500697746053238,0
650.286685,1000,631.295346,0.1709677606373443,0.7803086082329838,0
567.108402,1000,634.031978,0.012887426645615818,0.6936458992700685,0
622.685704,1000,636.77299,0.5652301333183161,0.7826656735632256,0
619.654515,1000,639.468215,0.29587113559984535,0.7647173519284775,0
638.623075,1000,642.197505,0.14970580971217373,0.7722161783814999,0
10.833169,158,642.44441,-100.0,0.5548237201920507,0
627.306993,1000,645.161799,-0.19720299199415223,0.7901030218729034,0
7.799855,181,646.592302,-100.0,0.4710725981819833,0
480.39707,1000,649.323951,0.029149789257174846,0.7560648577673417,0
614.013055,1000,652.116235,0.16113326135645067,0.7855550813874236,0
620.745646,1000,654.841351,-0.20153595532902166,0.7712102799779347,0
645.853459,1000,657.517515,0.08681930616901212,0.7940676559717204,0
633.677712,1000,659.08196,-0.13489750014083057,0.7856889117478811,0
632.519666,1000,661.869951,-0.26668760233215383,0.7649925219955355,0
648.000045,1000,664.615447,0.022532085135203772,0.7939859941819881,0
617.658027,1000,667.381309,-0.29549201640801814,0.7748989734976615,0
634.442971,1000,670.094175,-0.012993134501445097,0.7760592845039902,0
631.953576,1000,672.794228,0.5658802746163865,0.7712339541587115,0
624.367563,1000,675.506866,-0.38925858840825955,0.7529171235469575,0
10.452794,169,676.889007,-100.0,0.4432889576948183,0
651.012519,1000,678.460722,-0.385507449509787,0.7921291411555216,0
459.911315,1000,681.215447,-0.5347379340523737,0.7589730924175289,0
