#{"t_start": 1783331594.2895815, "env_id": "Hopper-v5"}
r,l,t,original_env_reward,generated_reward,reward_error_count
-30.603287,16,1.51091,-0.98477972358793,-3.12083321087377,0
-46.31669,12,1.537108,-1.1066834433451012,-13.64868270501652,0
-7.248807,34,1.618991,0.5387383678074257,-2.146012500624538,0
-26.428347,17,1.666222,-0.09947334767262152,-7.731982503898515,0
-52.352318,16,1.714293,-1.123654363440503,-13.345775219292129,0
-60.490071,31,1.815653,-1.2834795781193518,-6.618551948714384,0
-40.174301,19,1.88079,-0.7212038050380085,-5.025852332804364,0
-34.974922,19,1.948776,-0.700109424767044,-2.38853801630274,0
-23.269255,20,2.021377,-0.26610329429361707,-2.4694587157326437,0
-44.761598,15,2.076279,-1.1271997944847358,-5.825525512407708,0
-40.204886,24,2.164089,-0.7820542646579692,-4.4252775104876925,0
-28.290639,22,2.244016,-0.334588603625726,-1.4252271910053145,0
-38.915139,10,2.279967,-0.6000225418843419,-3.6111417621430455,0
-36.039656,10,2.315513,-0.3929734025067495,-1.0088239166006356,0
-27.210051,10,2.357673,0.0024715128266564424,-2.6378248428357,0
-24.536009,17,2.419299,-0.14674705484689887,-2.930122915390202,0
-33.325645,11,2.459083,-0.4822935605379134,-5.366149591176781,0
-43.073656,12,2.501948,-0.5977272998116125,-12.672904668907414,0
-28.360956,17,2.563487,-0.5552281327147344,-0.9368985083556117,0
-54.777416,22,2.644751,-1.3363399805109037,-8.007211908601702,0
-41.27822,10,2.680532,-0.39145342004327105,-10.462173136794618,0
-30.426644,16,2.739254,-0.3953317463292803,-5.189433404583968,0
-34.344082,15,2.79379,-0.610109077734122,-5.7269584586068705,0
-59.75475,23,2.888306,-0.1925742646318427,-11.845366209924249,0
-47.894255,21,2.971706,-0.2828097329902913,-8.024541405319148,0
-44.749894,7,2.999199,-0.4446936604487272,-14.961842713041351,0
-55.941176,26,3.102663,-1.6073376091563687,-5.262128516693576,0
-39.658123,16,3.169588,-1.3237871429753019,-5.293423405285502,0
-61.046493,25,3.713468,-1.6204257413124075,-10.592786149015085,0
-52.986718,26,3.75968,-1.0825743977139006,-4.979710856979777,0
-48.045271,12,3.781158,-1.0496767317877918,-9.000489974533263,0
-26.795972,11,3.80044,-0.42658898051871535,-1.2757203653214284,0
-49.808774,10,3.817983,-0.9542274075111267,-13.860420912194385,0
-22.209134,14,3.842408,0.11594147750522699,-1.4249016032400168,0
16.047672,34,3.902409,0.7284423822659436,0.6425900756754165,0
-58.855984,12,3.92103,-1.2830300370114383,-16.842942415377355,0
-31.220721,14,3.940849,-0.28403682353033266,-4.605105571963281,0
-35.48148,13,3.959148,-0.630629221603588,-7.97354149107972,0
-14.003804,37,4.011967,-0.08341882426927662,-1.755628672041247,0
-38.778701,20,4.040248,-0.9921251242837555,-6.062761541015554,0
-31.732272,14,4.060178,-0.15447038067304797,-5.859219260507554,0
-30.511329,11,4.075541,-0.6496861367237294,-3.408667480154167,0
-22.704979,22,4.106696,-0.20487142920066495,-7.815482820155843,0
-45.07556,12,4.123883,-0.8084057368306969,-4.939706357959685,0
-33.109671,19,4.150527,-0.6180308353395156,-4.31382435665954,0
-28.115992,14,4.170263,0.08674017675297899,-4.764383323185377,0
-22.526522,12,4.191516,0.0911372493392379,-2.9574632125796994,0
-27.079694,14,4.218812,-0.28939228396731626,-1.527881097952466,0
-52.058136,24,4.269259,-0.8939810367217113,-8.596537358187254,0
-80.749413,33,4.351054,-1.4448613512616417,-3.3707408572334385,0
-42.450615,10,4.379853,-0.7746333708959902,-10.522915208799867,0
-26.84649,19,4.438248,0.5186142354336304,-1.2121000525781398,0
-41.262757,10,4.469586,-0.834599819472128,-5.207766713162934,0
-35.283885,10,4.501231,-0.8693867601243827,-4.735928295893942,0
-45.099874,10,4.53388,-0.5870554482340815,-9.621582260340663,0
-32.512172,26,4.622607,-0.029526199347995382,-7.105595288642483,0
-35.182545,19,4.691986,-1.0699132467621673,-2.455440238670292,0
-43.808256,15,4.746719,-1.433012015525206,-8.946861942561682,0
-40.997861,19,5.22998,-0.6388461304635444,-7.505134176059156,0
-27.172314,23,5.270425,0.07885525134224781,-3.0950059120095337,0
-38.197169,17,5.299886,-0.15844243055381155,-6.666301931137641,0
-42.666263,33,5.357579,-0.7303339000777516,-5.457925483230051,0
-30.384638,15,5.383267,-0.15649841740298415,-4.160247269924622,0
-35.517571,12,5.403975,-0.6217811134717891,-7.88593449843639,0
-25.11634,16,5.42933,-0.7382319692035715,-1.9934716051661878,0
-65.718986,20,5.457321,-1.0375113473737956,-15.147337518142717,0
-48.454914,14,5.476839,-0.22043733033110124,-9.98479764225881,0
-39.227529,18,5.501627,-1.07246401383107,-5.980894937422722,0
-42.70522,14,5.521269,-0.6377493412275131,-9.194088493080516,0
-45.018746,11,5.536648,-0.681432798551736,-10.369228069972719,0
-78.872395,45,5.599123,0.39149052752260916,-6.897938784261229,0
-38.986699,14,5.618973,-0.6477901585294253,-6.828652879817288,0
-27.023259,14,5.638022,-0.48111249861435784,-2.2052427856078505,0
-34.047227,13,5.656195,-0.6240929786138992,-4.281626770073056,0
0.58863,50,5.725179,-0.628179338920952,-4.590595181885053,0
-30.549652,13,5.74289,-0.3540491091863926,-4.104602209516199,0
-25.139522,16,5.767932,-0.03666375530730559,-3.738435087697548,0
-21.229069,15,5.793383,0.17159191285700742,0.3424205977165345,0
-51.512432,11,5.816323,-1.3023292144313956,-10.243177771532054,0
-44.044458,12,5.849368,-0.4986707390954053,-11.737562438748961,0
-34.332505,9,5.871298,-0.31746817687287676,-8.419968053939119,0
-36.078929,14,5.906666,-0.42062144945384555,-1.6099725537075713,0
-24.102463,22,5.96863,-0.37420273768459816,-2.1195105157693552,0
-40.574595,9,5.995222,-0.31718786672186694,-5.337105057142916,0
-38.844743,8,6.019543,-0.39922643806292596,-6.712283598521197,0
-38.046756,9,6.039429,-0.695654881732307,-6.0915218008992404,0
-12.135962,26,6.094879,0.1546086588437672,-2.9270568971565143,0
-31.786694,14,6.124,-0.1953991331971982,-7.827420329731244,0
-52.54921,20,6.572665,-1.5771195874738995,-8.345665257109301,0
-51.424181,23,6.61241,-0.6660377045248168,-14.423813313470953,0
-23.516467,30,6.663756,-0.15356205738667503,-8.941176241946806,0
-62.670937,21,6.699832,-1.7472439408324456,-6.373234092521251,0
-35.904764,15,6.725491,-0.4146663687847771,-3.7648743697014058,0
-38.139847,13,6.745565,-0.3315381322267968,-10.297880155489967,0
-20.852047,15,6.765891,-0.3877212728922753,-1.432396249137274,0
-28.70605,15,6.786562,-0.6124523134176746,-6.128720009313946,0
-20.336708,27,6.82373,-0.10041255714613875,-2.294946401773311,0
-35.878882,18,6.848514,-0.6143609567043937,-7.497024887119555,0
-27.013902,13,6.866329,0.020452819887639414,-5.9804941505280595,0
-36.240651,28,6.90476,-0.43217372360511314,-4.335130012992003,0
-39.951017,15,6.928354,-1.0696886046356366,-4.199837747058597,0
-34.344702,21,6.969883,-0.136449741210869,-10.802152091822736,0
-41.872086,10,6.989749,-0.295567521649392,-6.418512684636971,0
-70.298162,27,7.04661,-1.7087076269921353,-6.931893898117282,0
-56.294896,27,7.102644,-1.5490551978123246,-4.885691609824179,0
-43.879413,11,7.124357,-0.32581661253147465,-5.602856861672821,0
-48.604814,14,7.153273,-0.9786504384233121,-12.480727022521702,0
-54.086391,25,7.205328,-1.366000363676155,-4.548979211491867,0
-64.422011,34,7.284369,0.16938738856935384,-2.377586114739932,0
-16.768855,19,7.336183,0.2663689649828975,-0.7569278674173129,0
-66.557893,33,7.437302,-0.8494202881370838,-3.1192274736238055,0
-33.292634,19,7.499013,-1.0290710735905084,-3.3845135254475247,0
-67.668182,29,8.001096,-1.59380492559009,-8.887871627606993,0
-40.041034,33,8.057458,-0.6916808816376159,-1.4847792359450593,0
-52.472665,40,8.12533,-0.7103731924078084,-12.58225825675629,0
-45.940414,21,8.164026,-1.4819286835428853,-3.7267081861075835,0
9.704619,80,8.278714,-0.18260918867956566,-3.746779537792306,0
-15.614315,20,8.307036,0.14245965409678124,-0.720024254594859,0
46.039856,50,8.377214,0.9919219701236499,1.5555146272077116,0
4.553938,34,8.42464,0.2946372783243481,0.5404205801814969,0
-44.927729,19,8.452069,-1.0377395027140175,-9.552337149022355,0
-18.734505,30,8.493962,0.20021588630894205,-3.6745315335981434,0
-52.801104,32,8.53905,-1.4411850977477367,-11.395083746817361,0
-34.177613,13,8.557384,-0.7224687726432524,-4.298241416671528,0
-45.838772,20,8.585401,-0.6158467407836729,-13.244938678559727,0
-18.780704,27,8.623515,-0.13690571231493778,-2.2945305788148636,0
-32.42567,18,8.648981,-0.12953761460836283,-4.35776276228783,0
-39.653991,13,8.667005,-0.08780630861222039,-0.8654363259674833,0
-26.361107,44,8.728966,0.3249672560572819,-2.479140090712289,0
-23.74455,18,9.167365,-0.3355369113761413,-1.697213560403567,0
-41.044696,13,9.189299,-0.4840239393229748,-8.437170487725421,0
-34.191838,19,9.22178,-0.5481872103868503,-5.97111326159143,0
-38.542184,22,9.259232,0.06277759740850239,-2.9770800136030378,0
-8.276007,43,9.331159,0.330262348977202,-2.526966431136271,0
-41.334836,22,9.364769,-0.041737443949128365,-13.717865534366718,0
-33.58441,16,9.386434,-0.9631165224864685,-5.2424747253677655,0
1.377138,40,9.442647,0.7427005586729053,-0.026278054827938657,0
-30.842507,13,9.460244,-0.5347863686217026,-2.839316673473249,0
-28.289366,17,9.483089,-0.5015410845486612,-1.061243870742674,0
-7.482311,21,9.511989,0.5179605054396459,-2.7489324795502283,0
49.869974,74,9.613961,0.7053175916992025,-5.334771780559304,0
-16.687356,16,9.635941,0.20696521125813455,0.3934484543822283,0
-43.939779,12,9.652486,-1.1778818025640108,-9.603206325605028,0
-34.820898,18,9.677082,-0.1814016401597578,-6.071552743852548,0
-37.787326,8,9.688183,-0.5014256262607667,-7.199840619620039,0
-23.28979,29,9.728096,0.005572507226948924,-0.1750792247562756,0
-11.690277,38,9.78814,0.5996363649494841,-0.8588005747019927,0
-29.749592,13,9.810225,-0.4021533432353146,-6.354588256695762,0
-2.494082,32,9.867923,0.8356995511929576,-0.19596225827567904,0
-37.625984,15,9.894633,-0.9298382004143418,-4.7418107400986145,0
-28.713344,9,9.909708,-0.15732312313918728,-4.742562856389137,0
-42.734997,14,10.344446,-1.0735129427301644,-4.018240149214865,0
-11.857281,31,10.39736,0.06688735416412346,-6.798047586792538,0
-16.500054,15,10.422605,0.19839225982142203,-0.719247549738242,0
-32.891812,13,10.444595,-0.195776570096485,-3.447923728486369,0
-36.431136,19,10.476689,-0.600188248347996,-3.7297709367509064,0
-38.21794,12,10.497257,-0.8039531077805961,-2.9377620091374084,0
-31.766226,23,10.536531,-0.9282706487011355,-4.31441129525203,0
-37.885724,9,10.549287,-0.5241479945830319,-10.156009825532598,0
-25.414595,19,10.575194,-0.6365588271379575,-1.8187326749408599,0
17.260905,64,10.674133,1.7683347761040342,-7.46866418823474,0
-43.118041,8,10.691426,-0.5149538397324824,-10.326925156683158,0
-34.99998,13,10.722533,-0.8805356497614915,-4.583584939008965,0
-28.592809,34,10.805344,-0.7194083009819433,-6.202259722253154,0
-19.209762,18,10.841349,-0.359677094703303,-1.9064118092466602,0
-1.135956,45,10.939874,0.45654479697777534,-0.755759283267951,0
-34.453424,11,10.969628,-0.6822116429153602,-6.215611230591804,0
-31.000894,18,11.021448,-0.7477516430751495,-1.8109621672428156,0
-4.38525,27,11.106928,0.5610661050989445,1.1672585179032346,0
-41.53594,13,11.150236,-0.41010627347650264,-8.230481440723144,0
119.218322,68,11.376287,2.4784979758592454,-3.0716435408971403,0
-29.429486,15,11.425225,-0.5214927675893417,-3.665318435987084,0
-25.581817,15,11.474585,-0.7094835084063481,-4.1995177829758035,0
-24.212482,16,11.527731,0.1946019991008342,-6.17132188664996,0
-27.169151,15,11.983159,-0.297041685056381,-3.6740740951573905,0
-29.663829,11,12.001924,0.1419638811888752,-2.2231474042691346,0
-61.218267,37,12.065263,-1.2919649601656595,-12.086493064058413,0
-12.111658,19,12.097657,0.4175552510528776,0.7060304944021858,0
9.444202,41,12.166224,0.524571709625755,0.30934800964232456,0
-43.471996,18,12.191056,-0.5028228838568697,-5.520463644551261,0
-30.057018,16,12.213099,-0.9223183863119081,-4.4146191127567445,0
-19.82961,28,12.251973,-0.059266594404457563,-4.121627439896077,0
-36.960575,10,12.265419,-0.29512229065034135,-1.6363900515644976,0
-43.23883,20,12.292784,-1.2307201954459714,-6.235808467268793,0
13.885549,41,12.348721,0.8961628862972582,-0.3055277894236914,0
-23.358007,54,12.422161,0.13863359751683196,-4.991247856852881,0
47.857122,61,12.505984,0.7509299369100698,0.3225252305216628,0
-35.309752,19,12.53214,-0.4437829558263378,-5.344064619994317,0
-30.306233,14,12.551069,-0.15543635579276824,-0.24049203272696656,0
-42.898477,21,12.580345,-1.015376080858156,-4.547000167974013,0
-22.374794,16,12.601998,-0.6007102995557092,-1.9872015228445012,0
-36.837198,11,12.616975,-0.3582200865696467,-7.8208921334002275,0
-21.385371,31,12.660828,0.3729274199676236,0.07489498703244857,0
-30.590672,13,12.67925,-0.6790135530142912,-3.6767992289891223,0
-16.807985,16,12.702309,0.20257478380096558,0.012577966774512006,0
-38.915519,15,13.135928,-0.6775373435685893,-4.37752082466131,0
-19.422941,20,13.169663,0.10785387563778884,-0.7874445399414283,0
-17.403465,16,13.196453,0.08193664201316593,-1.627735044672793,0
-45.053267,23,13.235361,-0.968608854968419,-6.175514592517329,0
-41.849878,26,13.279469,-0.11477569665826447,-0.19481351891624432,0
-38.632925,16,13.306604,-0.6664492613510313,-7.343112927154856,0
-2.003368,40,13.362604,0.26231459008744973,-1.895099672843613,0
-26.541078,18,13.387263,-0.29647021585413463,-2.9936135389466356,0
-44.006247,17,13.410527,-1.520177055323485,-8.40006552442582,0
-32.127212,16,13.432174,-0.35265338737810203,-5.058665947018526,0
-23.741296,15,13.4525,-0.13084533418819333,-0.6737406832595285,0
22.873314,53,13.526744,0.7323697989876534,1.0512733367744316,0
-43.222203,20,13.554434,-0.9485897640696485,-7.288210546213426,0
23.182611,70,13.648968,0.06944922054731592,-1.371892584306961,0
-33.824923,13,13.666661,-0.17211190543888402,-1.9685711407345217,0
-25.643078,16,13.688375,0.06853218008660993,-1.9580060764480978,0
-40.290411,14,13.707556,-0.19626332547061176,-10.958120207339956,0
30.569814,54,13.781054,0.7565809913467553,1.014934880362504,0
-31.839788,10,13.794786,-0.6960056834935554,-3.2263039443336914,0
-12.777891,26,13.830277,0.30370481847219677,-0.11919923687416278,0
-47.506031,10,13.843674,-0.6460235395608668,-10.720475962535355,0
-17.344609,25,14.292969,-0.023633393878393423,-0.495564154879368,0
69.922944,70,14.411966,2.8550369617095215,-5.887544201729678,0
-29.278562,33,14.467235,-0.5868529496309237,-4.776907814246616,0
-35.634552,15,14.487604,-1.0128270905157277,-5.167796342189268,0
-33.804512,11,14.502288,-0.3633799860347872,-7.2933848247309605,0
-30.949096,15,14.523029,-0.7194964169216147,-2.9291334293868996,0
-29.472423,12,14.539209,-0.5764892750795986,-4.694230808688591,0
94.430279,121,14.703586,1.8946657798170505,-1.6578696932684682,0
-14.918374,22,14.733729,0.2821083183146558,-1.454796161853156,0
-37.283285,11,14.748513,-0.2759345759254635,-4.752159940247967,0
-48.742702,38,14.800642,-0.6513496390530645,-5.296704979186178,0
-30.573361,34,14.846931,1.0707219156836483,-3.2254255073688265,0
-24.144129,16,14.868411,-0.3793501239351285,-2.9135256826807594,0
-30.53117,16,14.89041,-0.9206529789861068,-4.453786984769369,0
-34.046046,9,14.902746,-0.297008942725072,-2.0260917789286643,0
66.23549,83,15.46751,1.3454595240881622,-2.1021390112142426,0
56.503134,72,15.58866,0.3857679021816502,0.6175172475880524,0
-30.5826,17,15.617064,-1.24232726661777,-3.3712757499349326,0
-34.14428,12,15.637419,-0.8445299103496006,-2.683138350400548,0
-14.464746,35,15.687206,-0.18196474262570636,-1.1666310869123835,0
42.420086,56,15.7635,2.1496865796605134,0.8714446955694051,0
-23.828606,16,15.785413,-0.17358225312875877,-7.768898336796491,0
-29.747418,18,15.810361,-0.28816935553775186,-2.790917579042216,0
-28.16345,12,15.826934,-0.17155406309650467,-1.2985429452624888,0
-32.027614,16,15.848657,-0.35538730279578923,-5.515479710326059,0
-10.335881,32,15.892579,-0.0707177760839439,-2.970953079447745,0
-47.969289,9,15.905091,-0.5632465175057261,-7.658150299562277,0
-10.859339,28,15.944641,0.3560299495479636,-4.132785461726756,0
60.710826,71,16.04486,1.3531716836958896,-2.078184958013205,0
-30.957373,17,16.068971,-0.9284364641866639,-2.574295662142255,0
-39.53442,10,16.083236,-0.5366074431283189,-6.590711495133174,0
-28.393209,14,16.103028,-0.8674288141774312,-2.4570342975154285,0
-15.916891,25,16.139166,-0.3566415331774711,-1.0422766363593579,0
-28.659819,16,16.162086,-0.12340130408835236,-4.586651926753695,0
-14.248389,20,16.190623,0.46221676899836706,-0.9270878290006397,0
-10.5576,22,16.638412,0.309300680330162,-1.2868966617593647,0
-21.061005,19,16.67068,0.06671744229985407,-3.219899338363229,0
-35.477262,10,16.687304,-0.2665112473159073,-3.5725702595894484,0
18.902829,37,16.750007,0.7424025179591953,0.32093827687787346,0
-30.611871,12,16.770139,-0.7572388754664126,-4.419086342739968,0
-19.362212,23,16.808592,0.13299692834459909,-0.6380671225111259,0
-31.680073,15,16.829036,-0.6900140208427634,-1.6107258686050359,0
-30.554934,9,16.841332,-0.13447258715994106,-1.4226420495358059,0
-10.195855,18,16.866273,0.1403912471575963,-0.9441444085333281,0
-41.176005,21,16.894996,-0.7752524087297359,-3.6341762734502545,0
-17.550427,34,16.957924,0.46406299217038743,-5.220691907348763,0
-29.2347,14,16.986659,-0.6611450548470689,-2.1586135799717923,0
-28.823884,15,17.017044,-0.8194430936198187,-4.482001371617429,0
-31.514027,18,17.053699,-1.057093402748742,-5.094449332785628,0
-20.151704,19,17.091563,-0.110981850094475,-1.3775413070107,0
-28.595965,12,17.11594,0.2210733442489538,-1.1177638091561828,0
-30.306885,9,17.133627,-0.27948058696734374,-2.531300003804091,0
-19.562662,17,17.168054,0.015885156504406257,-0.3634584340656771,0
-10.294389,20,17.208868,0.3255447070202965,-2.2396048886320132,0
-3.640491,36,17.280793,0.34387945007470117,-1.2011001467493068,0
-41.200405,19,17.319852,-0.9268799938325286,-6.456531212493714,0
-51.821721,8,17.335961,-1.021744794808515,-11.380254418094935,0
-29.353952,18,17.373244,-0.781581603569845,-2.558477432235884,0
-35.320923,14,17.401478,-0.22094852763349615,-6.839775614262283,0
-9.173031,21,17.443935,0.1165226163304502,-1.4394897032999805,0
9.792345,49,17.545629,0.6981923404068041,0.8335259728511262,0
-27.410626,11,17.977004,-0.19887534138981827,-2.378234312209026,0
-5.969939,28,18.024579,0.266586705354752,0.3074198266604153,0
-33.805798,19,18.056566,-0.7735520660714426,-2.0429782588915195,0
-27.837013,20,18.090193,-0.5023273668475206,-3.7705351607997972,0
-31.48815,18,18.120728,-1.0153013395113342,-5.5169872561215545,0
1.933509,33,18.175671,0.4772716517751584,-0.9077550622875732,0
5.120541,40,18.230692,1.0222847609163208,1.6881483885897917,0
-26.016678,13,18.248162,-0.43865885029996193,-0.9723806729262893,0
19.437943,34,18.294879,0.5941953293578467,1.2460211402197015,0
-25.019903,16,18.316938,-0.44939231046627304,-1.877180639668628,0
-41.152175,17,18.340599,-1.3503184159704928,-5.852632629809483,0
-36.520696,8,18.351523,-0.42340541096447004,-9.054234737469866,0
-33.719275,23,18.382726,-0.7420014851505403,-2.6788357931262095,0
90.529116,70,18.479259,1.8326644963591705,1.0004298148986024,0
-13.330577,25,18.513867,0.04671245921906168,-1.4136605649474694,0
13.342733,43,18.573014,0.5057209585468527,0.5783594990155705,0
-22.600115,18,18.597717,-0.32917184544860356,-3.020874721636381,0
46.365743,81,18.708253,0.26992671874899915,-6.292173735926053,0
-24.565399,13,19.134135,-0.5297967401177813,-2.6460839525284197,0
-24.921444,26,19.174022,-0.3895952522590139,-2.826666971543002,0
-32.428081,14,19.195014,-1.0048251757892008,-3.0457612420884557,0
25.676585,66,19.315028,0.018592946158659928,-0.10889947063318628,0
25.101242,60,19.411314,0.2532957786609906,-0.6168947747884532,0
-27.551965,15,19.445771,-0.25770588377311,-0.624767171685039,0
-16.689957,19,19.495086,0.2028592497784399,-3.1347867928936837,0
-9.401407,25,19.567888,0.33595331484905383,-3.216362370807844,0
-20.059873,32,19.639187,0.19108805589952177,-1.8406574182884738,0
61.925563,59,19.769994,1.8163814858208331,3.251452464207331,0
90.150342,71,19.924514,2.2895320287218026,3.907578673308854,0
24.847643,38,20.008688,0.6474690993687802,0.8538855232354472,0
25.374759,64,20.149879,-0.4658847957992123,-4.451281463514233,0
-29.573818,70,20.842983,-0.820606197413781,-3.5273094876976927,0
-3.633817,44,20.916993,-0.6866520645105557,-3.944698600237159,0
48.017533,43,20.979058,1.0355294405390763,1.1927907681252874,0
22.718503,41,21.034231,0.17669747374294892,0.18309667455737189,0
-5.980268,37,21.085233,0.552572585637497,-0.26209427973753163,0
-37.970926,12,21.101787,-0.19815816440916498,-10.064638556346882,0
1.591752,33,21.146987,0.5779618012318295,0.9050491463700565,0
-15.726602,39,21.200231,-0.008434329619545412,-3.957485356470416,0
-17.409254,24,21.232775,-0.07236576582578172,-2.333003645997632,0
-15.801042,21,21.261545,-0.0896475132913238,-0.5056885697219242,0
-36.91981,24,21.294639,-1.0407221793695145,-3.4377011326219993,0
-35.341403,17,21.31794,0.06698249927072568,-0.8136659175245912,0
-22.583689,18,21.342576,-0.17643179288204222,-3.3106236802920765,0
-30.770449,15,21.362993,-0.02347080775762284,-3.1715628474702626,0
14.891535,41,21.43117,1.015644052178031,1.3063519029988329,0
-15.367113,24,21.482934,-0.17824256017008083,-0.28605073760170646,0
17.271278,33,21.970668,1.2288460296579338,-5.605055110167284,0
-21.384451,17,21.999691,0.3519201664924435,0.48994678186990537,0
46.248797,45,22.075894,1.2482525048371145,0.8092617750138293,0
-18.624496,21,22.111471,-0.37653547365175993,-5.207779359849944,0
-10.636092,23,22.150378,0.4040583117871621,-0.764248724110343,0
-5.172989,25,22.184582,0.7456649283639577,0.49545434118167364,0
23.205349,31,22.226982,1.170522666810381,-3.011556765723297,0
-10.667055,24,22.259627,0.4458739065920254,0.46517449283295126,0
13.433002,52,22.330554,0.6235734044734815,0.5121078709835407,0
2.513454,33,22.377324,0.27181805593377933,-2.739018865163525,0
-31.52681,16,22.400291,-0.2719813105364241,-5.933664183575513,0
-17.532806,17,22.431834,0.30048552356778463,-1.28496456113929,0
-25.859649,22,22.481962,0.07450052687416053,-2.2037613589132,0
27.01584,42,22.598686,1.3931814003050247,0.7573247400660259,0
13.711581,50,22.747474,0.07689418255243068,-5.557140015718271,0
-12.818658,30,22.810522,0.299851245112996,-4.362868766520757,0
30.991201,41,22.895534,1.1536052160596542,0.39536657761267757,0
47.015721,52,23.394943,1.5688528111738298,1.0286561652597928,0
130.804487,92,23.54406,2.3202341195454883,2.4823518418617234,0
-33.24784,18,23.568352,-1.0175361967002434,-3.1860392685008474,0
16.456748,34,23.614945,0.9635007195955957,-2.526120999562483,0
-2.674666,25,23.648983,0.6563280310809452,1.1690023036913144,0
-26.365575,19,23.674717,-0.0811909361224631,-5.960099023200476,0
51.675825,59,23.755868,2.3506153741294495,3.0561304042557706,0
-36.160928,19,23.781909,-1.0777329349123481,-3.6580774418460065,0
17.140024,36,23.83114,1.0931299580738012,-2.720217120195296,0
32.480366,55,23.905896,0.4836043518375461,0.3918405240981194,0
-20.918752,21,23.934361,-0.04967198451331548,-2.34051553233273,0
-29.930676,10,23.947897,-0.3003865835312416,-2.4485424787453525,0
106.680773,91,24.480157,1.4377363615048968,2.634947349242438,0
21.606718,29,24.530469,1.068070421071169,0.6097898930308421,0
37.917715,42,24.601447,1.0397174269251919,0.9312003254347361,0
42.042065,40,24.668726,1.0155796847063483,1.5919962351195482,0
-19.963399,16,24.690821,0.2803503211946489,-1.0345391500363297,0
-21.602105,16,24.713041,-0.23926446076133912,-0.350559581828937,0
-13.473868,29,24.752962,-0.17612256394426254,-1.0627671831462475,0
-23.091527,14,24.772162,0.19459661376342213,-1.9812388555523683,0
-32.095003,16,24.794361,-0.8548642520128609,-2.88717435249096,0
50.27099,49,24.861754,1.046970571184652,1.6932360505026451,0
112.686261,78,24.967894,2.3251791770628114,2.8895666571015783,0
37.43683,59,25.047622,0.23798703532608367,-2.967934164639571,0
20.531021,46,25.110281,1.116652237001937,0.38922371016003465,0
-19.183462,16,25.132233,0.041766830946909785,-0.22938403713435712,0
-41.945051,10,25.14571,-0.9095051846462963,-9.899453073046086,0
-23.345967,27,25.182693,-0.5072089774084623,-2.647959665067592,0
38.13027,54,25.674671,0.3999274634839396,-1.6429070970291497,0
25.282588,48,25.756572,2.1041035543579776,-2.231143049053351,0
84.841034,63,25.8533,1.162037389416903,0.02090507189907953,0
46.080603,54,25.929416,1.4800129708402932,0.7413739210706414,0
-24.491954,41,25.993572,1.3931909732595953,-0.9725085752908806,0
-25.562872,28,26.039992,-0.3385096558877831,-0.550062191372792,0
28.788969,56,26.151426,0.4277993533725576,-1.5302171140582639,0
-6.529397,35,26.222567,0.3783240733256552,-4.120789053894698,0
60.631619,56,26.335709,1.239319893576521,2.046736739176514,0
-14.755004,22,26.381347,0.2692831239520488,-0.7240018350559103,0
54.278608,54,26.491205,1.5638501099381366,0.10841822944643198,0
20.240769,58,27.002794,0.5901741904897607,-6.33774772029984,0
-21.930889,13,27.024772,0.017190029245710087,-1.6493297293444393,0
13.596395,37,27.086756,0.22283531070010232,-1.4759872373445098,0
50.128607,49,27.162733,0.7810361597385643,1.4452729626031138,0
37.503098,41,27.218215,0.9361833847006745,1.3239051145217677,0
159.017318,88,27.338291,1.8346685072752915,2.641283229426177,0
124.212486,78,27.444917,2.4119355883093605,3.5303859789120766,0
82.06038,75,27.546528,1.3605830321034338,0.6773800602694526,0
61.170086,76,27.650148,1.3105394399319126,-0.005364498334851309,0
17.919325,40,28.122315,1.30204552228664,2.5069618837023744,0
26.900542,33,28.178345,0.9476763358659268,1.2446190985480667,0
20.448391,37,28.240409,0.6005535871597372,0.4456190885789272,0
87.702037,89,28.369454,0.9955399912422822,0.196282142393295,0
5.268476,28,28.407693,0.8740041909916937,1.4480230633600957,0
-31.786009,26,28.443182,-0.962800613023957,-3.020460709487172,0
-22.415015,23,28.474775,-0.19240731666292432,-3.8143010310312153,0
20.105809,48,28.541623,0.3777951678236648,-1.0337259784433925,0
54.793201,51,28.611645,1.5599814287821803,2.9355345902595813,0
50.837171,43,28.670238,0.9519805681776824,0.6251791822000168,0
-34.842437,10,28.685163,-0.7555572817107148,-2.521467259031292,0
-16.298807,20,28.724319,-0.09785438759294716,-2.1074681723581,0
-1.919974,31,28.7911,-0.12712020301197058,-0.6277963401266242,0
27.329541,30,28.852894,0.9729138360107408,1.643071228773497,0
20.905013,36,29.330074,1.1396969204344454,0.14457066665986051,0
19.435285,41,29.398542,0.5368670969348933,-5.192182326959232,0
78.217302,70,29.513347,0.960423667991689,1.5930055528106435,0
-19.86805,19,29.539379,-0.032001685439163964,-2.877783576381679,0
21.257482,29,29.579217,0.942996327748734,1.7640324445575473,0
-8.32591,24,29.611749,0.5093471348929418,1.0642418058187981,0
-21.543406,27,29.648818,-0.22566395682415918,-2.4194218183596305,0
22.829488,34,29.695269,1.0608141207253345,1.800576812640519,0
88.347878,69,29.789667,1.1946305604411112,2.2986573153884384,0
2.42955,33,29.836363,0.49473762106212593,-1.9845217599523943,0
25.219616,42,29.895331,0.6970665656601579,-1.5708418004023668,0
45.909772,42,29.954187,1.0211998309566266,0.9017236283485142,0
-11.147372,32,29.99831,-0.28233755745888434,-5.620664214793317,0
38.853719,54,30.488953,0.4395005012528893,-2.792739752075814,0
-9.863456,19,30.521005,0.40466273530266034,0.6325684117917574,0
37.69112,46,30.598757,0.9025804928024338,1.5697177054068039,0
-7.322467,33,30.654464,0.035276242134601926,-1.2681710508820763,0
35.274977,44,30.714121,1.2713449118826772,2.2692305078120247,0
82.924522,77,30.818224,1.1097947333607332,0.015796655418436778,0
25.208093,55,30.893059,0.05102421706006708,-0.5463292917963419,0
-21.074603,21,30.921988,-0.08442879579421546,-1.6679964336755555,0
-16.438376,24,30.954731,-0.2966600218854687,-3.225504869884192,0
-0.530405,30,30.995764,0.25636459140338,-0.12473616068353877,0
56.44002,53,31.073149,1.0829938629502678,1.212250736329313,0
112.119788,84,31.188268,0.8715929488382362,-3.1776622958004594,0
50.501287,55,31.688898,1.723987514282814,-2.6442822312033645,0
-31.861219,30,31.7399,-0.8348316696174957,-4.690203947261253,0
63.459394,57,31.830354,0.8846619823569307,1.2774953338182244,0
12.605409,50,31.899205,-0.08337412774430261,-0.4258561527644322,0
-37.187973,12,31.915568,-0.7230836843563297,-7.31558319347142,0
-39.041868,13,31.933041,-0.9132968497706935,-4.185270024855746,0
19.532559,42,31.990752,0.8348469251201361,-1.811939107786933,0
65.552631,69,32.084275,0.6964770272833283,-1.2635770231814036,0
16.405649,40,32.139581,0.2943042434120371,-0.672046155518114,0
51.42589,60,32.2219,0.38387741788229895,-1.2076178817050764,0
96.337726,76,32.324797,1.7883518359082966,3.0516145836110895,0
88.22186,80,32.862809,1.4114633341223595,1.7757806704130707,0
38.826524,41,32.932268,0.9913665611084946,1.7037081014667108,0
43.452241,45,32.996408,1.3027774505113274,1.5760917573445294,0
147.39076,94,33.125184,1.675965890598601,1.9765144094331373,0
-34.007123,16,33.146988,-0.9215887549014338,-5.711028708586601,0
36.845574,44,33.207056,1.098227330411319,1.9654545216452866,0
172.048503,105,33.350966,1.8484195999812991,-0.6079583881635169,0
43.441351,43,33.409962,0.9869340157950691,1.1357188665027547,0
131.529813,76,33.926631,2.1458757120647807,3.860325770911103,0
-5.561969,24,33.967154,0.1110478588443191,-1.2703283170777135,0
32.730732,71,34.086672,-0.5180789644979009,-7.058666088239343,0
50.37245,75,34.189718,0.23103528589692884,-1.339322730936546,0
186.57164,111,34.340205,2.6660146872142096,2.791838101389697,0
72.245505,78,34.447529,0.3701791282901657,-2.6993715604138666,0
158.306132,95,34.577276,1.525919730670747,2.408262542032537,0
134.964028,78,35.104324,2.245714442637364,3.1292704122631037,0
-36.298938,11,35.122934,-0.7345640804077957,-4.135550113405867,0
8.371668,49,35.20578,-0.1403773908357745,-3.0446994170864423,0
19.276448,57,35.291229,1.4990925783134719,2.4863058139896017,0
171.39566,93,35.425283,1.7280082155721554,3.252110066604467,0
43.95617,62,35.515476,1.347127107923764,1.4335843606589045,0
23.146668,31,35.56073,0.9687310167408796,0.012710971029937568,0
127.68735,85,35.685048,1.6162290731515057,0.058860899506829156,0
81.750925,61,35.77267,1.5865227241065762,2.414731559616826,0
140.854224,91,36.326497,1.546366576463913,-2.9028203743473755,0
68.762245,72,36.440738,1.4546204799130227,0.8795766238312814,0
23.736578,52,36.512037,0.4664133246297994,-0.2986491453442093,0
51.217981,66,36.601168,0.4903848586595979,-0.8592808100416562,0
9.411963,31,36.644798,1.2961167246468277,1.976979763268608,0
-26.603906,21,36.673503,-0.6793661167098638,-1.6114594384980583,0
19.032734,35,36.721446,0.6820638857869111,0.8607261578037441,0
-33.630246,17,36.750484,-1.1279735069086845,-3.2780590941738685,0
-3.786467,30,36.809808,0.13284006638182663,-0.36194130998735574,0
-22.041374,32,36.875162,-0.60184618639092,-3.7182901813649396,0
-59.671051,23,36.922862,-1.4253123908160972,-6.166887566791962,0
18.226664,42,37.006256,0.4301371080991252,-4.4284606880115405,0
48.498641,47,37.499308,0.804596174164134,1.4912763246947067,0
39.074211,53,37.580987,0.5714525684019135,-0.4231308068415762,0
199.841677,101,37.731583,2.0263286750416025,3.9310800521743303,0
-32.209892,15,37.751945,-1.0372740309437893,-2.4357894952927723,0
83.969794,66,37.844218,1.7346013929592417,0.7442824194794802,0
70.270451,65,37.939318,1.4037452700272612,2.7711506207865635,0
141.346345,101,38.083943,1.4339252521852903,0.019117315766773224,0
27.154884,31,38.129313,0.8153445717372415,1.3802339180368814,0
165.030973,93,38.598386,1.7543029318563668,2.582176681851962,0
-18.573926,14,38.61938,0.03307871106217641,-1.7428215659463526,0
176.221037,86,38.790249,2.236182238407212,3.231331444142481,0
190.487538,90,38.979257,2.1061148088411397,3.754512597449843,0
100.542789,72,39.128268,1.3721957105749973,2.2129458011879755,0
122.214039,99,39.333737,1.2869331871513299,-1.2387138270358928,0
28.68386,65,39.469012,0.16663588987011724,-1.1425101880729365,0
-28.492128,24,39.519052,-0.4005618567780425,-3.117949279267499,0
136.467307,83,40.015322,2.4563166086187675,4.370871682037339,0
37.411117,68,40.148379,0.18667652375892843,-0.6516285500106852,0
174.150315,110,40.378045,1.3624132537310525,2.5626330394684107,0
-33.014327,19,40.417998,-0.8795025994821458,-2.6086771327601346,0
103.68738,76,40.629901,1.9546316088590374,1.687601869125574,0
210.051365,111,40.865753,1.7859868313762293,3.3682303123668427,0
86.721327,61,40.991741,2.2560907406700337,3.93613517138031,0
-9.766693,28,41.392404,0.2101537374426297,0.007110971687903395,0
-19.469217,19,41.421592,0.035899383125284436,-3.6634290272615244,0
79.633701,72,41.530522,1.8232264481883194,3.530420868405081,0
-36.953203,39,41.590256,-1.011091833708295,-4.723907423354187,0
104.592344,70,41.694371,2.4596920748585243,3.5426115971063297,0
-28.432884,16,41.717936,-0.832681498297805,-1.5840359857915547,0
180.116379,92,41.849817,2.049768328926267,3.1441552291759365,0
204.027269,100,41.986443,1.7521655176425222,3.1018686020650685,0
-38.481635,23,42.019656,-1.1056576575011596,-2.397830084671683,0
16.757074,35,42.096498,1.3559946479169611,1.9477588677623916,0
26.019377,28,42.1721,1.048448242713905,1.7551797986339182,0
189.276575,99,42.677311,1.8271643560322215,2.3185049203101675,0
96.385394,70,42.78387,2.370100264787846,2.382524625469243,0
159.470849,100,42.984557,1.1559280579653295,2.6052760091880027,0
-41.990213,19,43.038999,-1.557344207084275,-5.312779064346447,0
126.538895,75,43.261246,2.278328261865291,2.518078565507274,0
-7.075497,22,43.33293,0.42709769763277233,0.27462210580899343,0
45.366299,59,43.534323,0.43609879235686966,0.47601641768761593,0
53.972826,69,44.084911,0.5030698484032022,-2.327535109876996,0
48.60547,54,44.164741,1.035712737583641,0.16186046814346167,0
-26.601696,39,44.238446,-0.7706606210399876,-2.7080587340562006,0
-27.296062,42,44.331954,-0.30138527260338677,-2.0842982789171636,0
-30.306731,18,44.368937,-0.8385005162823613,-5.47134310809774,0
159.56082,97,44.61126,2.0242077222748707,2.911865836125881,0
58.823641,50,44.773648,1.2261548869129182,1.3751537880425855,0
52.392576,71,45.006026,1.7808051126850866,2.655287906541485,0
164.169592,92,45.303051,1.7435698398292774,2.90028104523631,0
30.282524,73,45.887603,0.9811842343349234,1.6089422352085156,0
32.066495,33,45.976809,0.9794232598579349,1.7495006933936998,0
107.809023,84,46.150535,1.3823144970422503,2.452274066456088,0
132.299801,74,46.275716,2.510035880342043,4.6905530261021395,0
93.184423,65,46.377016,2.2327125518518582,2.5551905797911494,0
-31.090404,52,46.458684,-0.31133121292310895,-1.521007181160062,0
150.617101,113,46.629587,1.6153539855423698,0.0924150177939218,0
184.621952,88,47.0874,2.458212741521346,4.736123272602546,0
182.101044,103,47.246547,2.29217295098503,4.780111392903851,0
23.151679,47,47.317495,-0.27666608108351487,-5.276853146086821,0
166.014461,97,47.460153,1.6100085472780437,1.8594516350446129,0
-19.697948,28,47.515586,-0.11936607067617111,-0.5021732261660946,0
166.963095,96,47.793953,1.8197044722779707,-1.58212806651974,0
175.341295,86,48.077555,2.0860261803124893,2.9388916467606165,0
176.757272,90,48.701303,1.9843400684496786,3.72830057578053,0
75.106483,74,48.8587,0.5794385477247936,-4.035570611243607,0
159.626186,84,49.001073,2.489711931508862,4.537317163805044,0
208.883494,106,49.167526,2.1369817447631188,4.159159687254319,0
103.233573,87,49.298412,0.7423966585835527,-1.5249415289255674,0
35.482043,49,49.372157,0.4504296870054165,-2.3533656169655144,0
27.557754,53,49.451802,0.31997840858872345,0.1792392455976437,0
55.258418,55,49.86164,0.9955383646076048,-1.248758433074748,0
124.768109,88,49.996549,1.6366449747379634,2.85966680684984,0
81.617276,75,50.109464,0.888565087391133,0.8488120185066191,0
133.267146,83,50.230636,1.910645739478668,2.898342414292488,0
88.770893,67,50.328485,1.6549651200176607,3.1529319961303357,0
117.270636,96,50.468106,1.4495246810297469,-0.978683006231027,0
82.309762,66,50.910689,2.332690683923379,4.3487455576962954,0
168.589544,95,51.136192,1.9327227198776737,3.79166700364165,0
20.159387,40,51.208647,0.4830245783536582,-0.011029551008167937,0
22.863981,47,51.287397,-0.0652280647265529,-2.209289087501561,0
123.925251,87,51.4236,1.0430481531876732,-1.498738504784888,0
-6.706282,23,51.458453,0.4048505388527129,0.370603372681326,0
164.297373,80,51.576883,2.3703441331187256,3.0145530676436594,0
238.289753,125,52.088273,2.1432645998378272,3.3347225666516502,0
-29.424635,26,52.16172,-0.6168519144509255,-2.0046516914552965,0
160.560634,87,52.364049,1.94973747099723,4.057738494704568,0
227.781273,117,52.56388,2.0558560693087786,3.469577531863762,0
12.981596,25,52.604053,0.9638950454513378,1.7942048586088697,0
29.851524,39,52.665197,1.046556035356886,1.8167074596674477,0
42.136731,56,52.749235,0.48756436221973987,1.0850226164567425,0
164.738096,99,52.895128,1.6024820215888993,3.101404684178558,0
172.285895,97,53.367304,1.6699545548151726,2.6719179655424963,0
175.22704,91,53.506736,1.4305137794354286,2.5730581273669846,0
118.30292,82,53.64272,1.7929479441278946,3.2690259976868474,0
140.993119,89,53.820535,1.2303864671346751,2.456191404311644,0
204.285406,94,53.97534,1.9396705928586955,3.114556151599407,0
33.900298,112,54.147001,-0.377417946652716,-1.141635543756053,0
166.427913,106,54.660093,1.0714015400811492,0.5739339229044222,0
164.978424,94,54.804707,1.463868587572459,2.9725189935333938,0
204.116504,98,54.951595,2.4229174998760383,4.200011521857064,0
198.415736,97,55.095677,1.6787721959619697,2.714394715582008,0
176.463233,95,55.235908,1.4219287551622881,2.477650463673046,0
125.141813,73,55.670583,1.7096393225546571,2.7593928935817464,0
179.761052,93,55.814534,2.288402018767529,4.337739375208799,0
21.21979,43,55.881891,1.123416261246422,-0.28277098816755664,0
314.795565,127,56.071458,2.0886953963262656,3.9971347784378777,0
239.600707,104,56.224179,2.304596985008027,1.865877677303728,0
-33.494807,74,56.330819,-0.7548586032652538,-1.9072739607475602,0
163.436043,90,56.791287,2.1698008801603876,3.8018766177552203,0
177.263655,90,56.943985,2.1210352597169444,4.369170903594924,0
-12.105164,38,57.022743,0.15228032407769437,-0.6200210498761026,0
22.161641,43,57.109716,0.5592321773144389,0.746878613894145,0
179.775128,100,57.313182,2.0287569387154374,0.36789718643969405,0
176.082587,85,57.487009,1.9396017522769111,2.4522024153990505,0
173.806985,118,58.068407,1.5992419017287827,2.7740837695365355,0
-55.909963,28,58.110412,-1.4590005235176355,-4.106471968341671,0
86.801997,72,58.24727,1.7540463592010895,1.2321093227199702,0
155.812733,88,58.424045,1.8598941079644882,3.010737946766108,0
109.6556,66,58.556238,2.1293448332984144,2.6320103984978687,0
211.447576,91,58.742567,1.9764476962883955,3.8253765574151912,0
37.666113,46,58.834262,0.6039027992177182,0.7026813107675038,0
186.569801,91,59.018045,1.8259771040410604,3.2524145859085696,0
172.587579,102,59.538207,1.0931442232157558,2.266026254716125,0
90.378545,74,59.649534,1.863087887356207,2.312467600273412,0
123.928749,86,59.76795,1.6319323268197172,3.1737430232405184,0
212.156871,121,59.934325,2.378943326868729,4.1475873234851655,0
220.749844,102,60.074564,2.4786595123830124,4.5971969752229755,0
159.587765,81,60.542335,2.0927336843361664,3.884705618964279,0
197.329617,122,60.780538,0.8757364183261322,1.9678210710531352,0
158.489615,85,60.95408,1.692403342897298,3.3372981258150296,0
158.054219,100,61.157922,1.7269049848603057,1.7020074199402828,0
131.909189,97,61.354226,1.44963854012194,2.661255778301092,0
21.155951,102,61.904454,0.5568700043265894,-0.011270428500072427,0
230.256634,115,62.086287,2.1780490007275137,2.8998716450615296,0
31.381523,57,62.164122,0.10625142423645097,-1.9862418157762347,0
108.114871,67,62.283276,2.1808267187427974,4.17580583186599,0
200.637918,118,62.519219,1.190280524735125,2.1206302657312266,0
184.040806,95,62.712727,1.932367970578644,2.445364815356105,0
-54.650134,52,63.162916,-0.2848607068050619,-0.9285719358856559,0
100.888587,84,63.307602,0.2669161604191945,-2.240188552759454,0
59.035022,71,63.416686,0.49589886105097913,0.7582591269906375,0
174.734954,93,63.556323,1.9155124440139581,3.7968307099349032,0
160.539482,98,63.704246,2.2926845606494743,2.3292225611645065,0
242.320359,125,63.941579,1.9564309345994613,3.725039889074746,0
165.377939,91,64.428447,2.0317986144476636,3.647505136298205,0
250.908204,127,64.689371,1.6681278783108713,3.5466054001438923,0
156.084396,98,64.891745,1.8869832973391663,3.4963259734785037,0
122.534947,83,65.059922,1.7502874361853134,2.664121839453835,0
189.512399,112,65.284158,1.4131801898589593,1.9907611057318169,0
180.817091,85,65.770754,1.941324629033476,3.980109352487408,0
174.751184,121,65.95935,1.4444731977558285,0.14630863960494978,0
156.85514,93,66.086819,1.8348724556312916,1.4382737837339366,0
188.570477,88,66.207497,1.7955689844472564,3.231716028644724,0
199.017094,89,66.329218,2.422623239494403,4.572164349831173,0
126.304073,106,66.840667,1.0635209047204863,0.7730417516732828,0
52.437762,68,66.945693,0.49300240022999164,-0.02305704002329545,0
162.760856,84,67.066843,2.116660274253484,4.200883229240522,0
191.738681,91,67.21207,2.029645576641986,3.5560047332810925,0
186.373856,102,67.391249,1.516386267229142,1.89281385219918,0
142.111875,89,67.560889,1.7723775101832269,3.0233592157941267,0
192.119177,118,68.133529,1.947978339213483,3.916054279328182,0
-15.995533,38,68.212737,-0.78543138831218,-2.3899360983520936,0
134.539659,75,68.368032,2.5377971303937565,0.19484946869199682,0
181.178741,114,68.604632,1.577260539782276,2.9625063322847,0
-36.774674,21,68.64852,-0.9908355216286706,-3.035735634550444,0
54.087265,61,68.770761,1.0509677035958258,2.1243464679222206,0
151.547063,127,69.370583,1.409223988553965,2.9151260645349715,0
212.688459,91,69.512125,2.0353115716422496,3.8266707985687463,0
196.318051,106,69.673686,1.9478873603269418,2.6887796515157145,0
191.284977,117,69.846653,1.1693472573618284,0.20054886693274332,0
167.391291,88,69.974613,2.0351635190832464,3.7680464721574642,0
205.240987,90,70.43442,2.0910014082751123,3.8323017176655245,0
168.636742,125,70.630052,0.580021803268752,0.227142602933877,0
180.351446,122,70.820197,1.4128458178898724,2.6924300981807003,0
177.146994,106,71.037721,2.306321539004778,3.7376989156726013,0
59.859876,56,71.150916,1.0226089212571174,1.6147108976942386,0
-4.549107,34,71.220034,-0.20292703210074223,-0.9161806106356629,0
206.19304,106,71.767262,1.8545805331745397,3.378726286204017,0
226.364034,126,71.963342,2.7001755780126744,5.266742489437292,0
97.351537,93,72.16977,1.0616741867991073,0.9345126386504055,0
-47.982421,35,72.25742,-0.5432594205033813,-1.6664621086200215,0
159.673166,89,72.474431,1.750735345320601,1.4626706911458855,0
150.846176,94,72.745819,2.144900908510928,0.7435585593779321,0
177.079702,122,73.334069,1.869572219681163,0.7024243477139964,0
-36.096324,26,73.394067,-0.8116086758987382,-2.5954752201407167,0
151.978555,92,73.61571,1.6531836942715261,2.6478218189964333,0
177.441845,92,73.847614,1.489234976652618,2.4809031147958605,0
177.575985,92,74.085298,1.8928284460574412,3.3708134491209383,0
151.301764,89,74.337903,1.6411580986876533,2.905443351720156,0
166.906113,96,74.894613,1.6491250483500093,3.04015065095972,0
153.125714,121,75.135566,1.5754125510266423,3.034833806924733,0
245.542667,125,75.390804,1.0016523155358918,-1.091540172505773,0
148.364902,87,75.584519,1.995523073528699,3.9696577722012125,0
285.816783,150,76.279985,1.5848298822496554,0.32871878738297244,0
174.477413,108,76.448126,1.7236871485092555,1.5081193122729086,0
188.070341,99,76.632955,1.3138748701324041,-4.520436321775601,0
139.223561,81,76.86763,2.053367771740224,3.004414780506552,0
175.242251,83,77.043893,2.600394957620318,4.1087860173412665,0
14.691745,39,77.153579,0.390341390653331,0.3783601943716708,0
203.429089,107,77.775611,2.1303242093107806,2.245646542854696,0
223.044808,97,77.925751,2.0217125598282646,3.9814164290392617,0
252.793636,117,78.099227,2.0046653571808744,2.1261256372658286,0
225.720064,124,78.28386,2.437502882607222,4.4836344587725865,0
162.992645,100,78.432846,1.7102479565952975,3.3422484511537895,0
196.906569,103,78.914796,1.7664462875211857,3.3062630718622006,0
285.760763,130,79.111672,2.579127249524078,2.4959586115545753,0
139.091617,79,79.229091,2.0414322601516464,3.855682326159956,0
176.61644,89,79.361864,1.9840989563168052,3.7462263308644803,0
223.147141,94,79.501472,2.094664968994356,3.8900665109699206,0
285.57738,140,80.132674,1.9884642698223463,2.0648877082620776,0
158.143755,97,80.307507,1.6020323195331982,2.010044412447262,0
223.038256,102,80.468834,1.7863065026423113,3.288922677598599,0
215.330329,102,80.620672,1.889215502674161,3.6549840538761886,0
186.2686,86,80.748296,2.2881924864348226,4.214461240175399,0
205.753285,99,81.311989,1.4765679465205102,2.637801412719794,0
188.02192,100,81.464141,1.880705656927494,3.2045367887140523,0
178.738683,100,81.613151,2.0832586885157447,1.484645290560072,0
197.461535,98,81.77806,2.1420706077903677,4.174157262567559,0
131.784249,91,81.921758,1.4436889081766635,1.5523006052563013,0
188.427738,101,82.407166,1.457409621344279,2.248897396023523,0
312.500222,134,82.613653,2.0976175350403614,3.9894264824366545,0
153.824367,91,82.74733,1.734855764868678,3.0870965608793792,0
187.41883,102,82.893151,2.231517816314387,3.8219357200225654,0
173.959204,104,83.042763,1.794204484875123,2.9438892693090173,0
263.502539,142,83.588081,2.4279423637575843,-1.695944354638251,0
115.687893,156,83.883832,1.1234977034906988,1.8685087324580398,0
286.109582,111,84.111916,2.693299362610249,4.566335421482247,0
234.102407,103,84.32109,2.3066946041064016,4.545833772264947,0
240.483319,115,84.870623,1.0894517622180833,1.4745048378342214,0
250.552666,130,85.066009,2.5630050271981575,5.0861087145074375,0
174.221285,87,85.207386,2.014034120711575,3.0646976227695975,0
261.568824,112,85.433052,1.9421427177549626,3.6149222088002864,0
165.035077,94,85.62672,1.563369275648545,2.9451378541791464,0
85.404917,85,86.170388,1.911966910905517,-0.8550620340686401,0
165.431826,107,86.368536,1.4042254719364156,2.3283398583592105,0
139.00683,92,86.632789,1.2333517439508217,2.1438217764286573,0
175.71031,99,86.961557,1.5115291578961698,2.5459951950763458,0
334.188917,160,87.849326,2.168931549093929,2.209931089397607,0
199.090039,135,88.054471,1.8213977484954058,0.8545728876460874,0
188.902287,94,88.230023,1.7919219974813017,2.939669340135883,0
221.206197,121,88.600525,0.905514442786276,0.8283713092374181,0
235.25331,111,88.950309,2.441141032104097,3.780593117287249,0
197.566367,129,89.499248,0.935859806457157,1.3669486639337123,0
204.2129,114,89.677272,1.4395732802659835,1.8848988378845748,0
275.677374,118,89.880523,2.2867297865002887,4.5158734809771515,0
176.914819,99,90.064286,1.8344508590982447,3.27539010383779,0
218.682072,92,90.587484,2.1831543449609287,3.8333947749181556,0
206.250448,125,91.099205,1.4593566876437638,1.7202271541319172,0
147.956113,96,91.492397,1.5092439357663914,3.0007590551145356,0
138.968257,96,91.884143,1.8579181448394362,3.18594878614231,0
149.748353,88,92.234942,1.660455242446125,3.1451541440209523,0
195.480627,87,92.551907,2.20427151867931,4.296972882923693,0
251.872373,122,93.140867,1.9849550191760796,2.359624403493711,0
197.66326,108,93.320025,2.0428324746642668,4.2198472166664525,0
188.381217,112,93.523701,2.540607987589995,4.833143644728125,0
221.087307,117,93.767596,2.374314593811745,4.740588946621084,0
274.12774,114,94.360136,2.3947393098977456,4.673048289751459,0
176.599718,105,94.522973,1.1236975586974318,1.3609788262633042,0
220.127137,115,94.693635,2.0349062942189904,4.051162268040072,0
187.225433,98,94.834907,1.9493658420058135,3.5378448414485906,0
189.226717,91,94.965468,1.8048684639120884,3.35347105340786,0
63.987814,124,95.482397,-0.07169280877370023,-0.3646650282041673,0
189.943867,108,95.649415,2.061949288246513,3.01627920078214,0
287.722613,127,95.836432,2.653981367446542,5.007255610835605,0
297.718338,147,96.191981,1.3288547394812493,1.8284934807597237,0
202.963174,94,96.815674,1.8506189018290364,3.798246388280174,0
259.286803,118,97.064547,1.742412050584324,3.3462104759464126,0
218.201769,106,97.222489,2.556743818877326,4.4462986057358425,0
192.835382,94,97.358845,1.9449837210818286,3.799047292750069,0
146.793535,93,97.491282,1.21145575137327,2.6802836439311597,0
238.781251,112,97.984166,2.3736652354623957,4.932132936536878,0
315.418315,135,98.249018,2.147624322892148,3.1782332260235684,0
209.667192,106,98.453328,2.162570687854384,3.0820478154327233,0
140.752488,92,98.658693,1.2333177168724163,1.3452792466510655,0
231.101361,95,98.955924,2.494913341931162,4.199983488594968,0
304.64814,153,99.73682,1.227984442806227,2.1767735974805476,0
168.350284,100,99.951493,1.8291726237594437,3.139965006009635,0
307.359718,109,100.183428,2.2082826757751235,4.225079868906001,0
177.956203,102,100.403224,1.4948263865957014,2.4596184053067587,0
332.17622,135,101.100415,2.107120838290633,3.523638565364474,0
190.402531,91,101.249781,1.9677468102035802,4.234500891101823,0
196.847253,103,101.412796,1.5457365959446212,2.779365100671238,0
284.19208,118,101.597591,2.2780943595764835,3.4867990879627366,0
234.079551,119,101.783353,1.3313262024477188,1.1724199471762622,0
182.578599,93,102.369766,1.9615009287401457,3.8484799164444077,0
232.230431,113,102.581794,2.284675950272735,4.707953696212712,0
176.298194,97,102.78524,1.999469893987456,4.2430964373363045,0
278.074092,134,103.062565,2.5087819818324593,4.621076023671949,0
223.924695,107,103.284942,2.5720010848169332,5.101245870453582,0
171.637967,88,103.774215,2.147415405753445,4.369049477161117,0
180.957479,92,103.910899,1.5994044622331132,1.9903133677693825,0
207.180868,98,104.044906,2.008811669428803,2.746274910218637,0
209.218529,122,104.211879,2.305371885429209,4.34700780697117,0
171.051694,103,104.355789,1.3500031350690613,0.5855407119020712,0
191.924216,102,104.875589,2.2982193326828897,4.645786884443147,0
315.242586,128,105.062313,2.2367001883232898,4.496580647387962,0
277.612547,144,105.258366,1.9180636494491448,3.6717261975267226,0
246.050963,109,105.405352,2.1446886302646404,1.789605718083393,0
277.668842,111,105.8957,2.7213226031074664,4.25167537923841,0
343.040635,124,106.089236,2.493561941710541,4.50684706319199,0
155.292444,99,106.255387,1.404011752525834,2.8342894346446004,0
334.407103,131,106.493226,2.6897667279725663,4.390038105027522,0
165.33187,107,107.061394,1.7507625318580016,2.8931647313249016,0
207.058758,91,107.218883,2.1934184732000452,4.00768050635448,0
195.212375,93,107.411591,2.3566374121134097,4.870692530941699,0
213.192201,108,107.631938,2.039396941603157,3.8643327083164873,0
334.067762,135,107.904509,2.258685419779591,4.44367557383545,0
237.937921,98,108.478089,1.9235167952119738,4.044668206315043,0
248.81349,126,108.779447,2.431074092360591,3.439021730858016,0
252.037446,136,109.213991,1.9939676602478396,1.7680153264859797,0
285.196057,155,109.737884,1.8261729683144317,2.8370076101962898,0
299.059736,156,110.451851,2.7271827234582453,5.335214364475253,0
227.661616,110,110.618154,1.870763839788046,1.4108157831143027,0
189.797093,90,110.746393,1.7910069838711815,3.3660897596481334,0
200.057462,92,110.879209,2.1567058588090506,4.33021669520836,0
327.917533,130,111.416863,2.1334024529824154,3.9764565896890507,0
209.544144,120,111.598939,1.0679740466572416,1.070394415085458,0
221.861337,94,111.733177,2.2353821361575528,4.779629740101851,0
263.481872,151,111.972831,2.3982494402446957,3.554552666816182,0
241.353595,114,112.171229,1.7225115134405244,2.206255613796836,0
396.079298,133,112.717398,2.3929277280181505,4.571185289572206,0
290.994953,138,112.918144,1.4056613123552328,3.0074674050564947,0
334.988697,128,113.145065,2.4252992840374725,4.90414780436531,0
242.865036,108,113.475933,2.431762105921015,4.747171491741431,0
298.402218,139,114.157667,1.6343698654396266,2.748340995184389,0
265.796165,113,114.398846,2.370517701603247,4.830110459373427,0
376.665435,124,114.684407,2.9746184231082005,4.555520343882511,0
291.563308,123,114.982757,2.117348264044271,4.053480288154449,0
222.040683,99,115.513657,2.0202707471695867,4.265359092480374,0
298.784287,130,115.713001,1.9274946592993178,3.025223717435857,0
262.424895,102,115.891985,2.446488583202457,4.99133658984099,0
296.906903,115,116.077287,3.0812131965909084,4.831544771152913,0
186.649343,96,116.220535,2.4040941987294233,4.246459844547045,0
248.971316,100,116.748794,2.618909981879893,4.961888464325784,0
344.389987,140,116.949187,1.7871210059361415,3.5685605251922206,0
335.374697,140,117.153616,2.3138436921118406,4.138163517250351,0
144.171249,88,117.336716,1.9370141639319283,3.741043857155629,0
309.843001,126,117.89179,1.9438701539764094,3.705921802508322,0
340.179304,128,118.083108,2.5034918092421976,4.730854240416115,0
223.478789,106,118.314918,2.738202722312391,4.852904622929113,0
338.648943,135,118.737479,2.450175947435912,3.1274686266237763,0
327.329769,127,119.37266,2.9634204299395055,3.9653017032649878,0
235.858674,118,119.548929,1.8927508148986567,0.3330368494022715,0
294.844648,130,119.729539,2.1763687745251086,1.206060663765152,0
229.194256,114,119.887801,2.022775585490793,3.679926829935164,0
279.435509,128,120.403286,1.9951214270933657,3.844067512631455,0
204.165763,91,120.543849,1.907279898643834,3.8495430600588327,0
276.763145,121,120.712584,1.9669326644639713,3.5764858686948693,0
302.744402,132,120.896152,2.2193713981074823,3.7644440022487444,0
288.421279,135,121.084597,1.6775550984524568,2.972889258403064,0
225.485135,109,121.678163,2.5744655307861914,4.434287437903736,0
310.697078,120,121.846557,2.2440176784145005,3.969960830834099,0
346.4572,135,122.034379,2.1818969153691707,4.001383760102934,0
202.161747,110,122.191362,1.8306526680228408,1.7627108810145944,0
301.896654,128,122.755422,2.2011294404731814,4.168340599580315,0
360.698125,144,122.970065,2.3310942077649632,4.023004490502256,0
204.991461,97,123.121916,1.7950922014866275,3.747509139362281,0
306.26842,134,123.513558,2.3516613651082086,4.301057448334409,0
298.351083,123,124.141944,2.6957618720883647,3.273959941932372,0
298.884881,129,124.329895,1.822438220211138,2.779327276123249,0
273.51204,122,124.563747,2.2701130843559514,4.20371727575954,0
348.522407,155,124.909746,2.2778416967052966,4.033536027187989,0
308.89376,134,125.479392,2.3374646953615605,3.5762725325908136,0
234.909693,124,125.730901,1.7943837825324027,3.586820046646001,0
345.224632,121,125.993076,3.057780341596933,6.099497106282062,0
162.316579,95,126.148544,1.7454283160989024,3.1726565625406904,0
406.00633,139,126.751099,2.6909155396110997,4.679746017374406,0
415.803698,168,126.99786,2.705150810839375,4.3447749079189935,0
330.931944,126,127.178083,2.57238887250717,1.9994878450401123,0
366.788955,124,127.436471,2.568497067822418,4.338714681291644,0
287.791852,123,128.046943,1.9216047400962377,3.70033558091612,0
325.287532,136,128.267887,1.437858729849581,2.6304374487916666,0
216.568681,98,128.455209,2.423843299016566,5.060965955914142,0
360.71164,154,128.90906,2.488300597820234,2.955900628495116,0
312.453785,129,129.457166,2.1180483011062927,4.49009286850591,0
391.669627,139,129.652843,2.523083389613558,3.742594700645415,0
386.49606,123,129.828304,2.859205916621146,4.871324311464969,0
298.070805,143,130.034127,1.8265241216371118,3.6662376804609,0
293.770318,129,130.596842,2.084621288448732,1.926522701362577,0
307.697389,119,130.806338,3.2582562514249562,5.245013545683104,0
295.245023,131,131.061328,1.6304508307355527,3.2848708054028006,0
256.892159,106,131.226022,2.696564275033733,3.874073647348285,0
313.184312,126,131.784417,1.9279999909308208,3.8362785604114715,0
182.978493,94,131.940847,2.3613591294143004,4.98853199561847,0
280.655415,129,132.119745,2.421443455274207,4.70274610235421,0
556.383355,201,132.78179,2.474990748530017,4.57248870625231,0
300.704847,126,132.966498,1.5351393015444579,2.5433099572535935,0
371.739661,124,133.139649,2.958603226935956,5.388312035101426,0
383.990464,133,133.324127,2.2932694882763722,4.566963546469203,0
280.440578,133,133.842505,2.2808947547786977,2.334968072157254,0
332.549212,132,134.042365,1.9199667238576377,4.068177352964748,0
367.113652,132,134.244355,2.213037200157389,4.079647632375296,0
340.262855,132,134.428046,2.45415288600037,2.09680612294964,0
292.983768,113,134.915013,2.473895135910867,5.22241204351233,0
292.165997,124,135.104375,2.576473574775889,4.645130015127166,0
348.369556,122,135.285879,2.9241835711437125,4.854901980819484,0
283.129146,122,135.462681,2.1984896913265515,4.123678505090069,0
408.948957,125,135.641124,2.2062058974940983,2.3657944290568818,0
227.523166,99,136.207724,2.3569857862261108,4.2187082690120405,0
263.123314,130,136.43582,1.9913064090649684,3.4654752699984326,0
374.827737,142,136.649946,1.920164786343695,3.3302747032502893,0
363.85505,140,136.849674,2.3347348322710704,4.7367780758362015,0
352.515408,125,137.370805,2.612604701842144,4.44128512153025,0
265.525338,124,137.557893,2.099687477611982,4.193472062633128,0
307.927754,126,137.777045,2.510830154724338,3.3333493326275603,0
314.644816,130,138.04791,1.9831929862713402,1.9700757918738563,0
270.152337,139,138.62331,1.6676821262052575,1.6229075589860626,0
423.139872,133,138.906875,2.635731269052179,5.286672354386346,0
360.22398,139,139.342817,2.6376554094338394,5.056153223815833,0
352.664295,127,140.006501,2.5432417083637255,4.475934126578821,0
360.941227,127,140.211259,2.3135314107458975,4.4295524688420835,0
272.709441,134,140.489865,1.4318623729685203,2.7409893244972823,0
346.237564,117,140.709163,2.8580234891598084,5.555137794962509,0
383.373226,139,141.427796,2.053460123249045,3.932931252161557,0
392.885849,139,141.645045,1.9449741203099877,2.394743713190012,0
372.622778,135,141.889684,2.686278073859227,3.7515156330859245,0
323.83432,126,142.143497,2.196724789021206,4.282421719070316,0
312.129683,119,142.741584,2.990654710024477,5.165066464163293,0
197.447199,92,142.895379,2.21644153618015,4.4810321958099655,0
312.63964,112,143.100283,3.0461862947399285,5.102815035279031,0
314.092698,123,143.39301,2.7622444878955883,5.536168431843372,0
343.383696,137,143.617913,2.1437728418166335,3.866396143052005,0
355.990975,128,144.142263,2.009716050529181,4.008249018878357,0
399.015716,151,144.364979,2.48461637568199,4.7447460824554355,0
310.273037,143,144.654573,1.7999798261181048,1.59469502603026,0
205.237608,102,144.862684,2.217608733168802,3.057508674623536,0
348.072517,134,145.415465,2.61703817405912,4.992761431937958,0
303.472953,125,145.615595,2.1300335112957542,4.134636905675283,0
335.488976,130,145.846473,2.3420085215032618,4.700370535109917,0
385.994166,133,146.113944,2.4009362407128356,4.77271063632017,0
351.796365,129,146.720044,2.479021720432382,5.07089464727227,0
165.236953,99,146.860191,1.437074170685179,2.3441694365769083,0
180.695133,109,147.016367,1.9814208725793299,2.9374383742805947,0
276.735049,146,147.344138,1.1089926963921102,1.93969092583277,0
348.043946,133,147.962552,1.888716399139127,3.8253906843732834,0
364.97681,118,148.203363,2.840569921335727,5.450479891155144,0
384.734997,143,148.417308,2.4565967192272784,4.588696118691416,0
364.671413,160,148.985522,3.0008025594146455,6.054890641176918,0
318.326336,124,149.201426,2.2195875130962617,4.166607474126919,0
341.869567,122,149.449989,2.807348378717605,5.557443608465925,0
303.259333,121,149.696168,2.483205211822463,4.881922580258554,0
335.375499,142,149.979515,1.6211128797523653,3.0893102930105822,0
311.328054,135,150.541979,1.6616732139244115,3.423271444356147,0
254.626505,149,150.784854,2.018194203638828,4.015018067152724,0
301.310016,142,151.035722,1.5646730791697905,2.8099110076655456,0
390.723192,142,151.622818,2.246589303762206,4.291431738960267,0
458.991556,206,151.925047,2.355336324428383,4.4679502056356855,0
440.092419,139,152.132639,2.867689967812048,5.305330219927496,0
410.459837,165,152.750505,2.5619260831664685,4.802280675028354,0
398.38842,136,152.950104,2.9216773905286346,5.622927658967548,0
348.873984,135,153.132148,1.9203764019248313,3.4974624924091433,0
317.453598,128,153.306096,2.5243941093145525,4.950466110383409,0
338.482459,117,153.844259,2.124773411202198,4.041190977253346,0
273.573654,121,154.076171,2.0200594354792334,4.064723559460627,0
344.847495,149,154.376683,1.5598653275787062,2.907950473027736,0
320.454946,153,154.684858,2.0064602753032714,3.6244687316910786,0
406.463774,132,155.27566,2.811139249409199,4.672929369219519,0
294.641669,123,155.470379,1.717928887242397,3.068110510580698,0
281.989929,107,155.654492,2.452879965527959,4.796227422440638,0
359.49025,135,155.911311,2.1555550236038887,4.213800121778049,0
355.357059,142,156.486019,2.405924384663002,4.8638188646805816,0
233.744897,94,156.648521,2.7966056600849645,5.518892169987141,0
360.685587,134,156.877398,2.355417715969782,0.9495297218867433,0
289.094142,105,157.033382,2.277924722529552,4.503126720165405,0
395.239982,155,157.611368,2.3531983648532284,4.410272694035207,0
356.585668,142,157.826097,2.197521879580488,3.7609049564655903,0
326.64638,123,158.075826,2.277038482890381,3.9825591877653266,0
488.317938,165,158.406712,2.65849285994737,3.3977368518669895,0
350.054819,122,158.983983,2.5784047489994335,5.055598640858847,0
309.002443,133,159.167091,2.4267449035237045,4.534479895327306,0
369.442271,119,159.33433,2.9177657052275103,5.687012202973366,0
416.457606,176,159.918601,2.768228457359309,5.668730387041265,0
318.282089,123,160.127289,1.8821531897025403,3.5901690057919406,0
330.377335,155,160.337547,1.7928733949362539,2.6069407418137436,0
391.807838,138,160.529612,2.632855609765765,4.752004728168137,0
349.934355,129,161.074679,1.7514541080380748,2.613887088511361,0
393.403604,133,161.340554,2.1415986529389506,3.820183829516722,0
398.623704,154,161.803148,2.716376226267573,5.2828700031722295,0
324.82019,153,162.325363,1.7010405910960205,3.1398805219330814,0
338.965553,119,162.901596,2.328616469320581,4.388375127074389,0
427.789453,144,163.116359,2.224073589984655,3.922453416292214,0
359.966052,128,163.301014,2.3079353502804323,4.630838574694092,0
354.125095,142,163.936102,2.0645264658194784,4.2270384668885574,0
609.843956,180,164.20841,2.697879734709383,5.266552812910924,0
632.228285,194,164.489409,2.3728772947938626,4.674469335646473,0
393.378405,143,165.023119,2.610161494557629,3.201063472992146,0
388.346569,145,165.254711,2.464523056394283,4.685444651981353,0
530.90618,180,165.498749,3.204088488802644,6.100727359146737,0
366.532113,136,165.685276,2.5611588156304657,2.789218856189021,0
377.537994,126,166.237199,2.81977348769503,4.628081649863203,0
339.942037,133,166.435335,2.2116598319457923,4.282985604789444,0
355.872179,122,166.611786,2.4768487178950633,3.7136989845009065,0
310.249124,114,166.775897,2.365180199230014,4.475611614727995,0
373.800678,129,167.352672,2.6136835475330025,4.151571866075207,0
415.972666,148,167.612443,2.359066413916636,4.688366419415983,0
370.264143,132,167.81837,2.402037990784719,4.5405403926392,0
412.520649,158,168.228267,2.7568245389740818,5.170244063788748,0
310.432669,138,168.902995,1.8676693982843977,3.712482097131608,0
378.373314,130,169.315548,2.567793845122567,4.448441332687694,0
413.628117,167,169.902342,2.342135421901725,3.8389213874043415,0
313.530558,151,170.657283,1.5156716137006747,2.9249235512125065,0
527.249847,178,171.019162,2.688862958721073,5.528553308036286,0
336.751928,132,171.290206,1.7761141364106054,3.3814567438752885,0
649.235975,192,172.004916,2.831744949675551,5.192872193382268,0
376.813484,142,172.276805,2.6840529901894974,5.622273070093649,0
293.131052,120,172.518877,1.5161748712801757,3.0100310175749625,0
381.187395,131,172.754632,2.485555607398801,4.390381332056063,0
336.58521,123,173.349002,2.2358329738732596,4.128532591434829,0
388.592079,127,173.610909,2.5958514955306597,4.67708402070509,0
402.649066,145,173.901287,2.058763310925149,3.847496717190261,0
363.630718,120,174.143348,3.0429667196124703,6.1518748805434615,0
300.57475,109,174.693633,3.007457251792731,5.815397949607242,0
148.08024,91,174.833107,1.6565814305126094,2.763028633471233,0
363.565528,137,175.03379,1.665477308736309,3.0703832058632368,0
364.790391,130,175.220452,1.9593646617512621,3.8849997069376214,0
378.690974,151,175.769789,2.177804131583261,4.021266465078195,0
353.347928,138,175.969664,2.4610543567721326,4.376785686577411,0
356.46868,116,176.136104,2.8132244789617937,4.635818212375126,0
602.879821,194,176.450752,2.1025094057498066,4.275843589301551,0
320.938307,108,176.949741,3.471464774490357,6.241496177926009,0
487.597654,191,177.263477,2.785795573004445,5.640768008308869,0
685.793733,193,177.641581,2.4469101051345237,4.786002493704781,0
392.262724,138,178.231301,2.657403163594088,5.082538080771764,0
408.222485,142,178.462085,2.156427052561169,4.237391526145037,0
426.818435,137,178.715611,2.8877254229800142,4.629375561517324,0
708.728534,199,179.459521,2.65011235647879,5.054647085694516,0
638.483788,217,179.87125,2.2814210813171334,4.310872640341714,0
388.257109,120,180.149391,3.020848586533622,5.704549909315078,0
377.923069,133,180.885516,2.6036067349643446,4.974185682802114,0
440.109795,140,181.091775,2.455743419982167,5.0285301349494445,0
492.891241,142,181.286637,3.5631571079027218,6.621269333002639,0
409.837704,138,181.482923,2.6337557648779466,5.237863341491913,0
381.313954,137,182.016957,2.357392012391313,3.9252530729095017,0
332.67164,117,182.201085,2.7444447699430508,5.236161022637748,0
350.492271,129,182.450722,2.827428576394369,5.185096030032948,0
412.878503,133,182.804914,2.805777782556262,5.348191994111105,0
390.140777,146,183.573263,2.030508808029168,3.803155458338457,0
362.625084,149,183.981299,2.3247473210881835,4.168804254204845,0
345.829065,135,184.254259,1.6887748664834819,3.1867724675778253,0
373.376793,125,184.503277,2.3725005711546645,4.406667262490274,0
652.410026,171,185.172304,3.0750221452689726,5.999443508959616,0
545.783515,206,185.492949,2.0936013873708332,3.8014547317457574,0
402.21141,128,185.881606,2.5972491819170975,4.557720490637165,0
412.635119,132,186.463949,2.594078966301026,4.996369376148418,0
391.426603,134,186.666906,2.237477531984447,3.668803809378449,0
358.811085,135,187.06027,2.2052596911894593,4.484705890254313,0
315.753399,117,187.445066,2.8233746709455416,5.290417536790506,0
608.646137,172,188.123889,2.988652626059115,6.0169664932401705,0
431.837491,142,188.425583,2.550435726402541,4.82914189948034,0
459.218523,149,188.850923,2.6323200654094845,4.847922149446612,0
337.343007,136,189.430496,2.075509976988718,3.2888543418420295,0
336.800207,143,189.639086,1.8987980679505565,3.5462929594776664,0
605.698017,181,189.894447,3.355413693685313,6.168276865386257,0
337.906085,139,190.549637,1.8962134157755055,3.91121219782294,0
500.924128,168,190.807287,3.1172945821144857,6.169880900047438,0
528.314827,168,191.124239,2.4688104903595365,5.026216985901854,0
302.804953,112,191.357343,2.8645506898215096,5.6286926624605575,0
376.844246,132,191.958156,2.487454434623422,3.978295223975448,0
675.678948,178,192.275277,2.949237032773455,5.5951245762777315,0
315.706854,129,192.539057,1.7469648532711366,3.4242180307504,0
397.284641,140,193.268417,2.4315553824227294,4.938538314911192,0
631.085157,194,193.5547,2.965315706971785,3.4510659824941246,0
393.011347,143,193.804149,2.479678679657159,4.743662721882134,0
373.935054,140,194.212312,2.1322206434466002,4.331685457499158,0
330.091406,123,194.809927,2.8827242545431395,5.534892682318157,0
408.044529,128,195.033032,2.8025922952260705,5.135636151601486,0
386.330426,170,195.351929,2.829867623252965,5.605166335494923,0
391.128968,142,195.991217,2.5190199425721453,5.034573005486742,0
644.275828,227,196.408608,1.9727221914504047,3.4616387153763735,0
298.89636,130,196.599735,1.97281324408288,2.584157149738944,0
371.278223,130,197.116277,2.411101715494241,4.75028306882281,0
348.444884,130,197.312921,2.3501736740247563,4.40953098254377,0
378.568878,131,197.504812,2.7562709463880086,4.706690716688177,0
402.205045,136,197.703847,2.339648040467945,3.9521637158988785,0
439.305492,146,198.262439,2.693426428573706,5.144116171952975,0
446.182078,147,198.485073,2.9235844382419507,5.08899481190284,0
409.83677,137,198.684901,2.011818363149577,3.9698780489128302,0
432.371534,133,198.876886,2.9932789029032607,5.499864821552063,0
407.061916,140,199.410442,2.532868763665588,4.718089102175149,0
381.677443,134,199.611313,1.9797203166247883,3.8864524141452326,0
419.042749,133,199.929827,2.8000454744886913,5.203035036322904,0
625.726605,198,200.904293,2.278012314859221,4.464888565798154,0
441.628323,143,201.23255,2.383088582743605,4.484763560388257,0
394.024308,136,201.691862,2.6831135638661463,4.875621152563742,0
388.367283,134,202.167887,2.412672501679948,4.284903974943861,0
403.13728,132,202.823443,2.4043656610772466,4.763304774080437,0
439.453136,146,203.033563,2.643668629181031,5.061519698124655,0
357.411922,123,203.200836,2.9627222730737595,5.762485586934995,0
338.013729,110,203.350236,3.1343605145443134,5.896842258107241,0
565.562818,189,203.97928,3.0249658536773025,5.575169061500853,0
376.581441,138,204.180729,2.1496019262009782,4.004854864069862,0
486.605034,150,204.391197,2.9824971838468235,5.357937236016014,0
341.319155,130,204.905586,2.2966697055246734,4.470936256489366,0
390.745336,139,205.118305,2.6339731173559215,4.759890351245207,0
447.70846,133,205.312201,2.4834653001721336,5.015097951321664,0
409.236225,142,205.573742,2.326655803118863,4.419596363630687,0
708.327307,196,206.276261,2.574249314731858,5.139249264862057,0
368.407965,128,206.556661,2.3760967379411566,4.281113489743398,0
355.86129,130,206.973742,1.8072932803712867,2.9680593097519643,0
396.229332,133,207.744224,2.191183153077338,4.549654363317255,0
390.514306,127,207.97683,2.7382916325220967,4.960146161338811,0
352.728229,131,208.153617,2.367363035183389,4.419589562756288,0
368.17058,123,208.319741,2.821048697896765,5.385347224885469,0
308.816366,126,208.8532,3.088006214113818,5.948988273332725,0
356.518418,126,209.052446,2.6837181219028468,4.627099457120374,0
409.713135,126,209.35653,2.5913322568099573,4.364694962755333,0
363.007413,124,209.78853,3.056799821590644,5.839562836715807,0
368.311509,129,210.598539,2.6381183201789993,4.7981110800893765,0
287.894184,126,210.795248,1.6831898744520488,3.2414162283413765,0
385.85391,124,210.971972,3.3234150555966715,6.3914356429347565,0
447.328435,146,211.180765,2.811714771328718,5.2641681148814605,0
406.291242,129,211.731037,2.897674396632894,4.835676164290811,0
358.133351,133,211.957811,1.684030668202282,0.9756797899018905,0
384.138442,125,212.313994,2.704432480703713,4.17665729131444,0
309.721259,109,212.680081,2.881781855461503,5.835612351425763,0
407.733034,128,213.494265,2.9611653259280453,5.776874621684418,0
761.698381,198,213.790518,3.0530976933623473,6.226238370056009,0
465.271955,134,213.98492,3.0493804342875865,4.756624163992772,0
370.195943,133,214.273396,2.294806629797026,4.568090978981162,0
442.559882,142,215.114655,2.9752982530448477,5.680354498115221,0
750.131705,209,215.716308,3.0198934468251806,5.786348317744876,0
470.783271,139,216.192234,2.7203333450415648,5.1493768962622735,0
772.01593,186,217.100521,3.6801795933872135,7.285058239558342,0
345.917031,121,217.310239,2.8566767154013513,4.556626764766724,0
318.926107,143,217.548164,1.540066541832204,3.097322460415228,0
384.372832,140,218.279078,2.178349781591736,4.044787890011083,0
356.996021,133,218.478139,1.8823900565351597,3.708040347475808,0
386.763859,137,218.677012,2.1959094761092066,4.0531514354010705,0
316.369259,115,218.846588,1.7171732883291109,2.945699552130448,0
429.333467,128,219.378555,2.7033078385401246,5.177098635259863,0
433.85102,147,219.644011,2.8115805524820057,5.698051380074601,0
717.777487,177,220.075161,3.406726456337828,6.922663792548603,0
432.035472,145,220.575507,3.2316371265195984,6.403110470286088,0
371.844323,128,221.210754,2.7983610479494794,4.443418857140047,0
402.660912,131,221.431365,2.844908818075938,5.668159827300378,0
710.228052,181,221.982564,3.2239439590008176,6.453597779915862,0
581.345585,172,222.812382,3.161564958935315,6.152173464897515,0
459.039102,141,223.045804,3.3893750526302915,5.626608115062517,0
345.775303,123,223.251023,2.538863072640629,4.940328370561445,0
400.42353,127,223.534076,2.6773456202964954,5.1846420974065985,0
373.115812,126,224.150175,2.9534821100610302,5.62822239555219,0
195.582161,97,224.331107,2.242028681768876,4.681178075034569,0
449.776353,142,224.552075,2.799731217524701,4.830560297412061,0
514.761943,154,224.773783,3.584852207828222,6.639197010050216,0
699.574187,195,225.391708,2.4178105603866245,5.0635563199861435,0
433.286948,144,225.683833,2.7563633273647477,5.174205404183306,0
415.289245,130,226.045434,2.614499134919902,4.749445111839237,0
356.558647,130,226.732838,2.6689131003617574,5.352582570107789,0
407.22502,131,226.960254,2.1223318009094507,3.898553137747184,0
442.2508,138,227.404539,2.673257047467066,5.242942533652238,0
722.066798,219,228.330622,3.7969703582704146,7.3900751794834205,0
777.786153,182,228.703508,3.457150558635864,6.499169240197764,0
478.56169,162,229.104069,3.091277148864567,5.8336935255761215,0
653.259488,185,230.037505,2.7827914833569625,5.143433493720759,0
544.704716,167,230.288841,2.6680218481442126,5.239053230788495,0
487.717712,149,230.499591,3.2363973490032385,6.3146165468354525,0
398.148119,134,230.687862,2.4130080004579084,4.761568054482396,0
881.812151,235,231.657894,3.2310326630093957,6.047826295076443,0
408.434582,125,232.032408,2.774556837222989,5.426288116183369,0
464.520997,152,232.486203,3.527775813374616,7.148904578670144,0
483.961633,180,233.30743,2.073185241746859,4.095811931636593,0
420.140719,150,233.610245,2.5410626901876596,4.9111442987815614,0
405.085619,123,233.857253,3.0180940601696666,5.708963491855846,0
429.124697,139,234.445273,2.620481601903691,5.012371947447598,0
776.439217,196,234.73026,3.0431456814283484,5.82909778982768,0
384.639332,128,234.907554,2.4893882016577473,4.733305796288038,0
407.618493,137,235.45609,2.217211499577486,4.600146067770004,0
535.330556,158,235.689273,3.2239238430943398,6.6209287655507145,0
449.542362,142,235.890611,2.4636004142211174,4.691618636491536,0
398.549165,123,236.2296,2.8893222195682746,5.924178932208084,0
426.023125,143,236.984954,2.4045850581842996,4.722269496475396,0
376.219052,115,237.251169,3.218054238210023,6.333073303532154,0
537.641093,161,237.767787,3.2592939663351426,6.196105122255468,0
719.678876,202,238.770882,3.0010496667142834,5.969857743936375,0
699.785471,192,239.069328,3.2034643348016933,6.003463906273213,0
433.01281,142,239.366107,2.6756882835875544,5.283452577524141,0
445.057655,132,239.731426,2.6403275085186384,5.1807126149052705,0
601.262029,160,240.352083,3.477738624630648,6.641598650333752,0
399.871706,119,240.590461,2.916891175364635,5.075576215070146,0
426.642971,134,240.862031,2.5320590321584406,5.130520743415984,0
461.669305,149,241.509964,3.346863586637099,6.362560348142344,0
426.749511,149,241.725123,2.3938361159705983,4.364454794091681,0
429.718539,133,241.935742,2.5089201960267653,4.977860640402555,0
690.651528,195,242.533487,2.640692184731962,4.514393506331299,0
725.802391,210,243.350397,3.026561746163881,6.108325494582883,0
912.13289,236,243.830785,3.7270109843956005,7.595844727600072,0
748.370208,232,244.765612,3.4813179201043405,6.475608028463856,0
429.807432,123,245.068415,2.92462153850445,5.674753641029161,0
582.404721,185,245.674592,3.2344879785513037,6.110888009579092,0
368.909571,117,246.277617,2.8535064309421516,4.625508545192242,0
416.956703,136,246.497862,2.1850284646099682,4.008051097683833,0
506.332117,164,246.986029,3.180268137107823,6.114025746341227,0
673.923373,181,247.854022,3.0658431889267415,4.830715321734965,0
430.150942,133,248.099151,2.5737980257963837,5.381079817033654,0
511.497777,169,248.440358,2.1659336320571554,4.586632559039111,0
407.803562,126,248.696713,2.8386033655302976,5.348208355876122,0
391.129585,140,249.287826,3.108165955549583,5.985673235280917,0
449.512928,134,249.483694,2.2436701474891514,4.235087348835733,0
388.90066,141,249.681822,3.2051933739686684,6.359224963185789,0
680.463552,180,250.265177,3.19287372584635,6.163550598164764,0
621.122318,179,250.535433,2.9778046329437116,5.431870592795344,0
494.434328,155,250.811691,3.22157111175973,6.504279891464332,0
677.257796,186,251.659778,2.860957873685847,5.7931560039548256,0
437.87567,134,251.862499,2.318939248928248,3.930087107967503,0
549.091578,148,252.071918,3.824252572584152,7.691429487543812,0
621.511873,172,252.414551,3.299378590886863,6.250993393406601,0
313.792518,108,252.939223,3.143894423803336,6.01668491658744,0
450.809265,132,253.133137,2.7640718531302673,5.276822908372728,0
402.291403,123,253.303462,3.213929712392668,6.3097425884935285,0
371.301606,159,253.625441,1.8181089765604543,2.946422323739645,0
675.95719,179,254.675053,3.1369622404402224,6.257559931078103,0
633.831879,183,255.417408,2.5572506255319647,5.197448947196669,0
417.955605,133,255.960558,2.74913979836042,5.555254720365254,0
632.627481,175,256.862974,3.0608752286173164,6.0300867766752395,0
687.787473,207,257.145689,3.0518740814626453,5.608045047123733,0
665.044698,170,257.870118,3.387594625998441,6.4779184258244245,0
562.58675,166,258.139675,2.66380026669126,5.50171917219277,0
632.428104,198,258.407825,2.454411081624786,3.479766068176767,0
748.731011,186,259.026796,3.546622862680444,6.827339182202159,0
488.935377,136,259.239976,3.6931510020321605,7.358590365114809,0
369.463454,127,259.534727,2.676515467420629,5.2481596801157755,0
424.492209,148,259.805754,2.4666402602409896,4.845417287107192,0
411.229686,129,260.46562,3.0130569422576055,4.950858931680001,0
616.506674,206,261.02898,3.615599518823854,6.068344261147611,0
420.451766,132,261.389279,2.841247454536023,4.075651459332291,0
